{
    "thrust_main": 60.05357362395681,
    "torque_main": 5.770114269434977,
    "thrust_small": 5.016307174018131,
    "torque_small": 0.4486707752695287,
    "moment_created": 5.016307174018131,
    "power_required": 328.89285600913695,
    "p_induced": 156.67555330599555,
    "p_profile": 25.835062566572688,
    "p_total": 182.51061587256822,
    "p_ideal": 167.74527879109218,
    "power_loading": 0.182593122735048,
    "figure_of_merit": 0.5100301685678209,
    "STALL_MAIN_HIGH": 0.0,
    "STALL_MAIN_LOW": 0.0,
    "STALL_SMALL_HIGH": 1.0,
    "STALL_SMALL_LOW": 0.0,
    "disk_loading": 19.115646185171585,
    "efficiency_small": 0.4891413726054605
}