{
    "thrust_main": 68.67920479828393,
    "torque_main": 5.826673524836782,
    "thrust_small": 21.196443997991665,
    "torque_small": 0.6793938286471597,
    "moment_created": 22.34301377661972,
    "power_required": 971.5869529637416,
    "p_induced": 162.45612985342697,
    "p_profile": 26.51546583733519,
    "p_total": 188.97159569076217,
    "p_ideal": 194.62613723969173,
    "power_loading": 0.07068765650751482,
    "figure_of_merit": 0.20031777562059844,
    "STALL_MAIN_HIGH": 0.0,
    "STALL_MAIN_LOW": 0.0,
    "STALL_SMALL_HIGH": 0.034482758620689655,
    "STALL_SMALL_LOW": 0.0,
    "disk_loading": 19.675142876281516,
    "efficiency_small": 0.7205721976004555,
    "RPM_main": 298.671875,
    "RPM_small": 13656.25
}