{
    "thrust": 59.92421528766904,
    "torque": 1.2846531809349422,
    "p_induced": 334.33349938628635,
    "p_profile": 301.7714964626172,
    "p_total": 636.1049958489036,
    "p_ideal": 743.1269931534626,
    "power_loading": 0.09420491220588223,
    "figure_of_merit": 1.1682458053355398,
    "STALL_HIGH": 0.0,
    "STALL_LOW": 0.0,
    "main_RPM": 5415.0390625,
    "disk_loading": 94.19491431047358
}