{
    "thrust_main": 51.01946666475422,
    "torque_main": 4.365676875663505,
    "thrust_small": 5.634921550478014,
    "torque_small": 0.20844174603629936,
    "moment_created": 5.634921550478014,
    "power_required": 264.6641192949331,
    "p_induced": 117.3700859800979,
    "p_profile": 25.24669851398908,
    "p_total": 142.61678449408697,
    "p_ideal": 131.3547835220889,
    "power_loading": 0.19277062112034835,
    "figure_of_merit": 0.4963074853970341,
    "STALL_MAIN_HIGH": 0.0,
    "STALL_MAIN_LOW": 0.0,
    "STALL_SMALL_HIGH": 0.06896551724137931,
    "STALL_SMALL_LOW": 0.0,
    "disk_loading": 16.24000062721562,
    "efficiency_small": 0.7085857252845867,
    "RPM_main": 318.90625,
    "RPM_small": 12062.5
}