{
    "thrust_main": 59.62490210957964,
    "torque_main": 5.319197673836822,
    "thrust_small": 5.135612176009238,
    "torque_small": 0.23931884483718474,
    "moment_created": 5.135612176009238,
    "power_required": 242.7824173853948,
    "p_induced": 167.8578912460066,
    "p_profile": 33.309259542773844,
    "p_total": 201.16715078878045,
    "p_ideal": 165.9524009470606,
    "power_loading": 0.24558986911696565,
    "figure_of_merit": 0.6835437373688655,
    "STALL_MAIN_HIGH": 0.0,
    "STALL_MAIN_LOW": 0.0,
    "STALL_SMALL_HIGH": 0.0,
    "STALL_SMALL_LOW": 0.0,
    "disk_loading": 18.979195804219955,
    "efficiency_small": 0.8111264889696811,
    "RPM_main": null,
    "RPM_small": null
}