{
    "thrust_main": 59.51156644950582,
    "torque_main": 5.32260635236875,
    "thrust_small": 5.142160647000216,
    "torque_small": 0.23956024201683268,
    "moment_created": 5.142160647000216,
    "power_required": 243.027308216557,
    "p_induced": 167.9842136572192,
    "p_profile": 33.31129907526264,
    "p_total": 201.29551273248182,
    "p_ideal": 165.47945968502341,
    "power_loading": 0.24487604659010664,
    "figure_of_merit": 0.6809089106050906,
    "STALL_MAIN_HIGH": 0.0,
    "STALL_MAIN_LOW": 0.0,
    "STALL_SMALL_HIGH": 0.0,
    "STALL_SMALL_LOW": 0.0,
    "disk_loading": 18.943119943161292,
    "efficiency_small": 0.8113423761754173,
    "RPM_main": null,
    "RPM_small": null
}