{
    "thrust": 60.00315191285535,
    "torque": 5.726912717582762,
    "p_induced": 144.72336612628402,
    "p_profile": 50.33245327415158,
    "p_total": 195.0558194004356,
    "p_ideal": 152.30369243283306,
    "power_loading": 0.3076204139783863,
    "figure_of_merit": 0.7808210639445958,
    "STALL_HIGH": 0.0,
    "STALL_LOW": 0.0,
    "main_RPM": 357.958984375,
    "disk_loading": 15.784790459545194
}