{
    "thrust_main": 69.32828763273238,
    "torque_main": 5.993428663890271,
    "thrust_small": 3.533706292408186,
    "torque_small": 0.19233661965679474,
    "moment_created": 3.533706292408186,
    "power_required": 231.62660267661985,
    "p_induced": 202.9310932776805,
    "p_profile": 38.69189550443747,
    "p_total": 241.62298878211797,
    "p_ideal": 208.06916856146603,
    "power_loading": 0.29931055773210763,
    "figure_of_merit": 0.8982956454788442,
    "STALL_MAIN_HIGH": 0.0,
    "STALL_MAIN_LOW": 0.0,
    "STALL_SMALL_HIGH": 0.0,
    "STALL_SMALL_LOW": 0.0,
    "disk_loading": 22.06787934569215,
    "efficiency_small": 0.6230676994723271,
    "RPM_main": null,
    "RPM_small": null
}