{
    "thrust_main": 67.9338768959601,
    "torque_main": 5.953074913229352,
    "thrust_small": 1.4940532201294157,
    "torque_small": 0.11811731595450327,
    "moment_created": 1.4940532201294157,
    "power_required": 136.06138042366996,
    "p_induced": 200.30871333460595,
    "p_profile": 38.83668909493909,
    "p_total": 239.14540242954504,
    "p_ideal": 201.8234479247941,
    "power_loading": 0.4992884585209012,
    "figure_of_merit": 1.4833264758622413,
    "STALL_MAIN_HIGH": 0.0,
    "STALL_MAIN_LOW": 0.0,
    "STALL_SMALL_HIGH": 0.0,
    "STALL_SMALL_LOW": 0.0,
    "disk_loading": 21.624024622776705,
    "efficiency_small": 0.4484607305586942,
    "RPM_main": null,
    "RPM_small": null
}