{
    "thrust_main": 59.981628613557504,
    "torque_main": 5.015637252993111,
    "thrust_small": 4.367348541063434,
    "torque_small": 0.23459786621596979,
    "moment_created": 4.603589575191286,
    "power_required": 199.60712770164156,
    "p_induced": 140.96037943784467,
    "p_profile": 31.485464981049937,
    "p_total": 172.4458444188946,
    "p_ideal": 158.85125723857257,
    "power_loading": 0.3004984306132281,
    "figure_of_merit": 0.7958195634978128,
    "STALL_MAIN_HIGH": 0.0,
    "STALL_MAIN_LOW": 0.0,
    "STALL_SMALL_HIGH": 0.0,
    "STALL_SMALL_LOW": 0.0,
    "disk_loading": 17.18347083938991,
    "efficiency_small": 0.8098394227102392,
    "RPM_main": 335.3125,
    "RPM_small": 8187.5
}