{
    "thrust": 70.71810088347443,
    "torque": 6.240115836632528,
    "p_induced": 215.45730268477607,
    "p_profile": 41.34031294041311,
    "p_total": 256.79761562518917,
    "p_ideal": 214.35711603896286,
    "power_loading": 0.2753845697177016,
    "figure_of_merit": 0.8347317225555138,
    "STALL_HIGH": 0.0,
    "STALL_LOW": 0.0,
    "main_RPM": null,
    "disk_loading": 22.510270643352573
}