{
    "thrust_main": 68.02328678158631,
    "torque_main": 5.969437249294605,
    "thrust_small": 2.6961796208582594,
    "torque_small": 0.16292847904644403,
    "moment_created": 2.6961796208582594,
    "power_required": 187.6801347054567,
    "p_induced": 201.20599341930722,
    "p_profile": 38.811496730372326,
    "p_total": 240.01749014967953,
    "p_ideal": 202.22201815923412,
    "power_loading": 0.36244265749457905,
    "figure_of_merit": 1.077482273105778,
    "STALL_MAIN_HIGH": 0.0,
    "STALL_MAIN_LOW": 0.0,
    "STALL_SMALL_HIGH": 0.0,
    "STALL_SMALL_LOW": 0.0,
    "disk_loading": 21.65248467329409,
    "efficiency_small": 0.5867103374486743,
    "RPM_main": null,
    "RPM_small": null
}