{
    "thrust": 59.992058426686896,
    "torque": 5.529103141399035,
    "p_induced": 145.17120411050905,
    "p_profile": 27.51832271955897,
    "p_total": 172.68952683006802,
    "p_ideal": 152.26145713128446,
    "power_loading": 0.34739836009696745,
    "figure_of_merit": 0.8817063774870063,
    "STALL_HIGH": 0.0,
    "STALL_LOW": 0.0,
    "main_RPM": 326.611328125,
    "disk_loading": 15.781872140272746
}