{
    "thrust": 59.96260024577871,
    "torque": 0.9847128120473482,
    "p_induced": 433.18065230965715,
    "p_profile": 154.19433906211805,
    "p_total": 587.3749913717752,
    "p_ideal": 424.31702632533256,
    "power_loading": 0.1020857222840558,
    "figure_of_merit": 0.7223954587075088,
    "STALL_HIGH": 0.0,
    "STALL_LOW": 0.0,
    "main_RPM": 5763.671875,
    "disk_loading": 122.68348010286326
}