{
    "thrust_main": 90.34839079826442,
    "torque_main": 5.744516765261806,
    "thrust_small": 2.875419981977685,
    "torque_small": 0.16865019615290147,
    "moment_created": 2.875419981977685,
    "power_required": 194.27107966223335,
    "p_induced": 210.3754668361536,
    "p_profile": 37.608902897484995,
    "p_total": 247.9843697336386,
    "p_ideal": 309.5441879494355,
    "power_loading": 0.46506351308361166,
    "figure_of_merit": 1.5933621642893019,
    "STALL_MAIN_HIGH": 0.0,
    "STALL_MAIN_LOW": 0.0,
    "STALL_SMALL_HIGH": 0.0,
    "STALL_SMALL_LOW": 0.0,
    "disk_loading": 28.75878599188419,
    "efficiency_small": 0.6044861540481816,
    "RPM_main": null,
    "RPM_small": null
}