{
    "thrust_main": 59.986835643910865,
    "torque_main": 5.378777709103764,
    "thrust_small": 4.98181568509867,
    "torque_small": 0.24930104699471628,
    "moment_created": 5.251294816021318,
    "power_required": 290.43753359013306,
    "p_induced": 156.88835361206839,
    "p_profile": 32.876405355273455,
    "p_total": 189.76475896734183,
    "p_ideal": 158.8719426039453,
    "power_loading": 0.20653954364095584,
    "figure_of_merit": 0.5470089923988483,
    "STALL_MAIN_HIGH": 0.0,
    "STALL_MAIN_LOW": 0.0,
    "STALL_SMALL_HIGH": 0.0,
    "STALL_SMALL_LOW": 0.0,
    "disk_loading": 17.18496254370513,
    "efficiency_small": 0.6473059850371656,
    "RPM_main": 341.875,
    "RPM_small": 11187.5
}