{
    "thrust": 59.992912479733775,
    "torque": 1.1491820448200774,
    "p_induced": 341.22127023016265,
    "p_profile": 130.3738436665634,
    "p_total": 471.59511389672605,
    "p_ideal": 346.71614258974233,
    "power_loading": 0.12721275244779473,
    "figure_of_merit": 0.7351987592171475,
    "STALL_HIGH": 0.0,
    "STALL_LOW": 0.0,
    "main_RPM": 3958.984375,
    "disk_loading": 81.83033262235686
}