{
    "thrust": 59.99574371726612,
    "torque": 1.0754498582017729,
    "p_induced": 393.52492260215536,
    "p_profile": 140.4735275508665,
    "p_total": 533.9984501530218,
    "p_ideal": 775.3357459645674,
    "power_loading": 0.11235190607776825,
    "figure_of_merit": 1.45194381321217,
    "STALL_HIGH": 0.0,
    "STALL_LOW": 0.0,
    "main_RPM": 4796.875,
    "disk_loading": 102.29274303793875
}