{
    "thrust_main": 67.97566755708544,
    "torque_main": 5.952700811463181,
    "thrust_small": 1.6333851088791964,
    "torque_small": 0.1227444953522754,
    "moment_created": 1.6333851088791964,
    "power_required": 141.3915084513958,
    "p_induced": 200.30390468071286,
    "p_profile": 38.83504623478166,
    "p_total": 239.13895091549452,
    "p_ideal": 202.00970916960628,
    "power_loading": 0.4807620224269161,
    "figure_of_merit": 1.4287258929630018,
    "STALL_MAIN_HIGH": 0.0,
    "STALL_MAIN_LOW": 0.0,
    "STALL_SMALL_HIGH": 0.0,
    "STALL_SMALL_LOW": 0.0,
    "disk_loading": 21.637327003363062,
    "efficiency_small": 0.47180060027401977,
    "RPM_main": null,
    "RPM_small": null
}