{
    "thrust_main": 59.91153329725082,
    "torque_main": 5.346775406751655,
    "thrust_small": 4.91776144146359,
    "torque_small": 0.313369069429571,
    "moment_created": 5.183775714792585,
    "power_required": 285.0884110982912,
    "p_induced": 155.3721430590108,
    "p_profile": 32.921480527405286,
    "p_total": 188.2936235864161,
    "p_ideal": 158.572885117865,
    "power_loading": 0.21015071453253445,
    "figure_of_merit": 0.5562235395924008,
    "STALL_MAIN_HIGH": 0.0,
    "STALL_MAIN_LOW": 0.0,
    "STALL_SMALL_HIGH": 0.0,
    "STALL_SMALL_LOW": 0.0,
    "disk_loading": 17.16339001044987,
    "efficiency_small": 0.6509724377746824,
    "RPM_main": 341.875,
    "RPM_small": 8718.75
}