{
    "thrust_main": 68.79556449542171,
    "torque_main": 5.9509032074507955,
    "thrust_small": 3.171166479102507,
    "torque_small": 0.1800832318986335,
    "moment_created": 3.171166479102507,
    "power_required": 216.87012737427406,
    "p_induced": 200.58606245287896,
    "p_profile": 38.76653933579781,
    "p_total": 239.35260178867676,
    "p_ideal": 205.67555567672906,
    "power_loading": 0.317220104623697,
    "figure_of_merit": 0.9483812185980532,
    "STALL_MAIN_HIGH": 0.0,
    "STALL_MAIN_LOW": 0.0,
    "STALL_SMALL_HIGH": 0.0,
    "STALL_SMALL_LOW": 0.0,
    "disk_loading": 21.89830830448732,
    "efficiency_small": 0.5971900079133514,
    "RPM_main": null,
    "RPM_small": null
}