{
    "thrust_main": 68.01780182858846,
    "torque_main": 5.967378260028083,
    "thrust_small": 2.5859030198869153,
    "torque_small": 0.15904662892197347,
    "moment_created": 2.5859030198869153,
    "power_required": 183.2085643665514,
    "p_induced": 201.0575118040691,
    "p_profile": 38.81551546447743,
    "p_total": 239.87302726854654,
    "p_ideal": 202.1975598606641,
    "power_loading": 0.37125885497635913,
    "figure_of_merit": 1.1036468767700225,
    "STALL_MAIN_HIGH": 0.0,
    "STALL_MAIN_LOW": 0.0,
    "STALL_SMALL_HIGH": 0.0,
    "STALL_SMALL_LOW": 0.0,
    "disk_loading": 21.650738758529624,
    "efficiency_small": 0.5764474027588821,
    "RPM_main": null,
    "RPM_small": null
}