{
    "thrust_main": 242.6393359164817,
    "torque_main": -447.74267175973364,
    "thrust_small": 20.88603032481316,
    "torque_small": 0.914017975476868,
    "moment_created": 20.88603032481316,
    "power_required": 1244.3046013702406,
    "p_induced": 45122.552592249776,
    "p_profile": 19.448946200959824,
    "p_total": 45142.001538450735,
    "p_ideal": 1362.3347496194656,
    "power_loading": 0.19499995069477752,
    "figure_of_merit": 1.0948563142169925,
    "STALL_MAIN_HIGH": 0.10204081632653061,
    "STALL_MAIN_LOW": 0.16326530612244897,
    "STALL_SMALL_HIGH": 0.47126436781609193,
    "STALL_SMALL_LOW": 0.04597701149425287,
    "disk_loading": 77.23449939928585,
    "efficiency_small": 0.5970866771611864,
    "RPM_main": 339.6875,
    "RPM_small": 13000.0
}