{
    "thrust": 70.90816296663445,
    "torque": 6.240678268510813,
    "p_induced": 215.4921187605849,
    "p_profile": 41.3378820280319,
    "p_total": 256.8300007886168,
    "p_ideal": 215.2218562099623,
    "power_loading": 0.2760898755943828,
    "figure_of_merit": 0.8379934413779799,
    "STALL_HIGH": 0.0,
    "STALL_LOW": 0.0,
    "main_RPM": null,
    "disk_loading": 22.570769283411092
}