{
    "thrust_main": 68.01988692973666,
    "torque_main": 5.9634516621945775,
    "thrust_small": 2.4182224378975166,
    "torque_small": 0.15286824673001123,
    "moment_created": 2.4182224378975166,
    "power_required": 176.09157899459123,
    "p_induced": 200.84998496476442,
    "p_profile": 38.820974655752366,
    "p_total": 239.67095962051678,
    "p_ideal": 202.20685755003265,
    "power_loading": 0.38627563747285115,
    "figure_of_merit": 1.148305096158196,
    "STALL_MAIN_HIGH": 0.0,
    "STALL_MAIN_LOW": 0.0,
    "STALL_SMALL_HIGH": 0.0,
    "STALL_SMALL_LOW": 0.0,
    "disk_loading": 21.651402466838785,
    "efficiency_small": 0.5608553717180016,
    "RPM_main": null,
    "RPM_small": null
}