{
    "thrust": 60.00781316724176,
    "torque": 1.0143352883272407,
    "p_induced": 425.0881521465551,
    "p_profile": 131.2456747399957,
    "p_total": 556.3338268865508,
    "p_ideal": 849.594062468924,
    "power_loading": 0.10786295973241031,
    "figure_of_merit": 1.5271299737849227,
    "STALL_HIGH": 0.0,
    "STALL_LOW": 0.0,
    "main_RPM": 5289.0625,
    "disk_loading": 122.77598574017665
}