{
    "thrust_main": 68.0239605688068,
    "torque_main": 5.962392407472269,
    "thrust_small": 2.39822701522969,
    "torque_small": 0.15205484161528918,
    "moment_created": 2.39822701522969,
    "power_required": 175.15460356589637,
    "p_induced": 200.79751033323726,
    "p_profile": 38.822130993119465,
    "p_total": 239.6196413263567,
    "p_ideal": 202.22502275417636,
    "power_loading": 0.38836524524012833,
    "figure_of_merit": 1.1545515712243077,
    "STALL_MAIN_HIGH": 0.0,
    "STALL_MAIN_LOW": 0.0,
    "STALL_SMALL_HIGH": 0.0,
    "STALL_SMALL_LOW": 0.0,
    "disk_loading": 21.652699146427558,
    "efficiency_small": 0.5591933003811076,
    "RPM_main": null,
    "RPM_small": null
}