{
    "thrust_main": 60.03120697269822,
    "torque_main": 6.018179102837694,
    "thrust_small": 5.957563006297845,
    "torque_small": 0.38114092987402964,
    "moment_created": 5.957563006297845,
    "power_required": 374.18423289846686,
    "p_induced": 154.9326041774892,
    "p_profile": 23.851232377403456,
    "p_total": 178.78383655489264,
    "p_ideal": 167.65157369015893,
    "power_loading": 0.16043221946496983,
    "figure_of_merit": 0.44804553198704766,
    "STALL_MAIN_HIGH": 0.0,
    "STALL_MAIN_LOW": 0.0,
    "STALL_SMALL_HIGH": 1.0,
    "STALL_SMALL_LOW": 0.0,
    "disk_loading": 19.108526658955153,
    "efficiency_small": 0.47895580210967503
}