{
    "thrust": 60.00099298735767,
    "torque": 5.717415708021889,
    "p_induced": 158.27309140177513,
    "p_profile": 30.817229495934335,
    "p_total": 189.09032089770946,
    "p_ideal": 158.9281883785416,
    "power_loading": 0.31731393073163106,
    "figure_of_merit": 0.8404882260711567,
    "STALL_HIGH": 0.0,
    "STALL_LOW": 0.0,
    "main_RPM": 321.58203125,
    "disk_loading": 17.189018323848224
}