{
    "thrust_main": 59.923710908748085,
    "torque_main": 6.019859673486501,
    "thrust_small": 5.948065372690411,
    "torque_small": 0.38726278398699304,
    "moment_created": 5.948065372690411,
    "power_required": 380.1943491196049,
    "p_induced": 154.96804416038108,
    "p_profile": 23.85461874742559,
    "p_total": 178.82266290780666,
    "p_ideal": 167.20146244864398,
    "power_loading": 0.15761336549980323,
    "figure_of_merit": 0.43977892579367156,
    "STALL_MAIN_HIGH": 0.0,
    "STALL_MAIN_LOW": 0.0,
    "STALL_SMALL_HIGH": 1.0,
    "STALL_SMALL_LOW": 0.0,
    "disk_loading": 19.074309599073977,
    "efficiency_small": 0.47063297584423625
}