{
    "thrust_main": 67.9395005464446,
    "torque_main": 5.951494614666384,
    "thrust_small": 1.430367487469448,
    "torque_small": 0.11575894113490319,
    "moment_created": 1.430367487469448,
    "power_required": 133.3447276541911,
    "p_induced": 200.23172947590973,
    "p_profile": 38.83828279140606,
    "p_total": 239.0700122673158,
    "p_ideal": 201.8485092359786,
    "power_loading": 0.5095027133178837,
    "figure_of_merit": 1.5137344594489064,
    "STALL_MAIN_HIGH": 0.0,
    "STALL_MAIN_LOW": 0.0,
    "STALL_SMALL_HIGH": 0.0,
    "STALL_SMALL_LOW": 0.0,
    "disk_loading": 21.625814686322368,
    "efficiency_small": 0.43809168090169426,
    "RPM_main": null,
    "RPM_small": null
}