{
    "thrust_main": 68.86334148475953,
    "torque_main": 5.951329659057858,
    "thrust_small": 3.1832308485845537,
    "torque_small": 0.18025785372816255,
    "moment_created": 3.1832308485845537,
    "power_required": 217.08042045938268,
    "p_induced": 200.62764543017812,
    "p_profile": 38.76280912898032,
    "p_total": 239.39045455915846,
    "p_ideal": 205.97957606456478,
    "power_loading": 0.3172250235144738,
    "figure_of_merit": 0.9488629864852554,
    "STALL_MAIN_HIGH": 0.0,
    "STALL_MAIN_LOW": 0.0,
    "STALL_SMALL_HIGH": 0.0,
    "STALL_SMALL_LOW": 0.0,
    "disk_loading": 21.919882390249317,
    "efficiency_small": 0.5988812356114462,
    "RPM_main": null,
    "RPM_small": null
}