{
    "thrust_main": 59.96230550318437,
    "torque_main": 5.384715311632503,
    "thrust_small": 5.2033505950753085,
    "torque_small": 0.23373187875461982,
    "moment_created": 5.484813114943496,
    "power_required": 302.89477069728355,
    "p_induced": 157.22429786424044,
    "p_profile": 32.87098520967553,
    "p_total": 190.09528307391597,
    "p_ideal": 158.77450240820332,
    "power_loading": 0.1979641489522821,
    "figure_of_merit": 0.5241903055727705,
    "STALL_MAIN_HIGH": 0.0,
    "STALL_MAIN_LOW": 0.0,
    "STALL_SMALL_HIGH": 0.0,
    "STALL_SMALL_LOW": 0.0,
    "disk_loading": 17.17793517603268,
    "efficiency_small": 0.6482850708117358,
    "RPM_main": 341.875,
    "RPM_small": 12312.5
}