{
    "thrust": 60.03180065272461,
    "torque": 1.1593130731081942,
    "p_induced": 346.1096036532905,
    "p_profile": 131.19315753658992,
    "p_total": 477.3027611898804,
    "p_ideal": 347.0533159705742,
    "power_loading": 0.1257730009838405,
    "figure_of_merit": 0.7271135727465645,
    "STALL_HIGH": 0.0,
    "STALL_LOW": 0.0,
    "main_RPM": null,
    "disk_loading": 81.88337609031637
}