{
    "thrust_main": 68.88961821245951,
    "torque_main": 5.960513165572741,
    "thrust_small": 3.3940502078312624,
    "torque_small": 0.1877327991156292,
    "moment_created": 3.3940502078312624,
    "power_required": 226.082326640232,
    "p_induced": 201.10122604333108,
    "p_profile": 38.75041949569286,
    "p_total": 239.85164553902393,
    "p_ideal": 206.0974831847124,
    "power_loading": 0.304710320511185,
    "figure_of_merit": 0.9116036898924799,
    "STALL_MAIN_HIGH": 0.0,
    "STALL_MAIN_LOW": 0.0,
    "STALL_SMALL_HIGH": 0.0,
    "STALL_SMALL_LOW": 0.0,
    "disk_loading": 21.928246532452782,
    "efficiency_small": 0.6131191395845947,
    "RPM_main": null,
    "RPM_small": null
}