{
    "thrust_main": 59.40570355151143,
    "torque_main": 5.444751411772791,
    "thrust_small": 5.169979600772088,
    "torque_small": 0.29005760027359184,
    "moment_created": 5.449636998349269,
    "power_required": 303.74760871258366,
    "p_induced": 155.9578773487795,
    "p_profile": 32.22837730658875,
    "p_total": 188.18625465536826,
    "p_ideal": 156.5688968683067,
    "power_loading": 0.1955758723609348,
    "figure_of_merit": 0.5154572163774876,
    "STALL_MAIN_HIGH": 0.0,
    "STALL_MAIN_LOW": 0.0,
    "STALL_SMALL_HIGH": 0.0,
    "STALL_SMALL_LOW": 0.0,
    "disk_loading": 17.018480462534658,
    "efficiency_small": 0.6299891484606482,
    "RPM_main": 336.40625,
    "RPM_small": 10000.0
}