{
    "thrust_main": 59.52815216410776,
    "torque_main": 5.917363070159341,
    "thrust_small": 5.624690901916685,
    "torque_small": 0.306646756203501,
    "moment_created": 5.928944794827821,
    "power_required": 295.0287539392814,
    "p_induced": 158.17487328428072,
    "p_profile": 28.269472739309062,
    "p_total": 186.4443460235898,
    "p_ideal": 157.05323218296522,
    "power_loading": 0.20177067953301595,
    "figure_of_merit": 0.532331950991081,
    "STALL_MAIN_HIGH": 0.0,
    "STALL_MAIN_LOW": 0.0,
    "STALL_SMALL_HIGH": 0.0,
    "STALL_SMALL_LOW": 0.0,
    "disk_loading": 17.053559406079668,
    "efficiency_small": 0.6412041387639631,
    "RPM_main": 305.78125,
    "RPM_small": 9156.25
}