{
    "thrust_main": 59.947524127954956,
    "torque_main": 6.057019007514269,
    "thrust_small": 5.180886882794497,
    "torque_small": 0.475309715762743,
    "moment_created": 5.180886882794497,
    "power_required": 323.53306076447626,
    "p_induced": 157.60725942641028,
    "p_profile": 24.15783640655558,
    "p_total": 181.76509583296587,
    "p_ideal": 167.3011392015148,
    "power_loading": 0.1852902574664393,
    "figure_of_merit": 0.5171067797714364,
    "STALL_MAIN_HIGH": 0.0,
    "STALL_MAIN_LOW": 0.0,
    "STALL_SMALL_HIGH": 1.0,
    "STALL_SMALL_LOW": 0.0,
    "disk_loading": 19.08188958216939,
    "efficiency_small": 0.4864397329406213
}