{
    "thrust_main": 60.088599339696295,
    "torque_main": 5.039152520337817,
    "thrust_small": 4.463543172822826,
    "torque_small": 0.2095267959578201,
    "moment_created": 4.704987620204903,
    "power_required": 200.21705221892918,
    "p_induced": 142.0224287715338,
    "p_profile": 31.45169401281261,
    "p_total": 173.47412278434643,
    "p_ideal": 159.2763876122766,
    "power_loading": 0.3001172910786433,
    "figure_of_merit": 0.7955185926826771,
    "STALL_MAIN_HIGH": 0.0,
    "STALL_MAIN_LOW": 0.0,
    "STALL_SMALL_HIGH": 0.0,
    "STALL_SMALL_LOW": 0.0,
    "disk_loading": 17.214115695085923,
    "efficiency_small": 0.8251554713127653,
    "RPM_main": 335.3125,
    "RPM_small": 9187.5
}