{
    "thrust_main": 68.67250459510394,
    "torque_main": 10.597503326340236,
    "thrust_small": 7.243591419088867,
    "torque_small": 0.07514728157441834,
    "moment_created": 7.967950560997754,
    "power_required": 188.86571818514903,
    "p_induced": 248.82368622011273,
    "p_profile": 24.531954502545403,
    "p_total": 273.3556407226581,
    "p_ideal": 186.47631008020207,
    "power_loading": 0.2512203677727575,
    "figure_of_merit": 0.6821747288156299,
    "STALL_MAIN_HIGH": 0.0,
    "STALL_MAIN_LOW": 0.07142857142857142,
    "STALL_SMALL_HIGH": 0.2222222222222222,
    "STALL_SMALL_LOW": 0.0,
    "disk_loading": 18.06540257985403
}