{
    "thrust": 226.21635014947898,
    "torque": -63.23192771835461,
    "p_induced": 63084.60145544911,
    "p_profile": 93.07632549513366,
    "p_total": 63177.67778094424,
    "p_ideal": 2538.6926728398967,
    "power_loading": 0.003580637308858331,
    "figure_of_merit": 0.040183380618108465,
    "STALL_HIGH": 0.17346938775510204,
    "STALL_LOW": 0.32653061224489793,
    "main_RPM": null,
    "disk_loading": 308.5591016038893
}