{
    "thrust": 6.428419876857746,
    "torque": -0.07238368130462704,
    "p_induced": -225.42023252325737,
    "p_profile": 70.39714854492186,
    "p_total": -155.0230839783355,
    "p_ideal": 27.193524422026247,
    "power_loading": -0.04146750091590307,
    "figure_of_merit": -0.1754159685394115,
    "STALL_HIGH": 0.1836734693877551,
    "STALL_LOW": 0.02040816326530612,
    "main_RPM": 5000.0,
    "disk_loading": 10.960455890042459
}