{
    "thrust_main": 60.065891116070134,
    "torque_main": 6.081482205625493,
    "thrust_small": 3.6368844063272867,
    "torque_small": 0.3242020357164694,
    "moment_created": 3.8336127702478384,
    "power_required": 237.65250452675835,
    "p_induced": 148.28942997600865,
    "p_profile": 24.660441281717144,
    "p_total": 172.9498712577258,
    "p_ideal": 159.18610737284138,
    "power_loading": 0.2527467204087767,
    "figure_of_merit": 0.6698271818756192,
    "STALL_MAIN_HIGH": 0.0,
    "STALL_MAIN_LOW": 0.0,
    "STALL_SMALL_HIGH": 1.0,
    "STALL_SMALL_LOW": 0.0,
    "disk_loading": 17.20761026821583,
    "efficiency_small": 0.4650722166751833
}