{
    "thrust": 59.997764004562576,
    "torque": 4.391562272201757,
    "p_induced": 177.6609183248385,
    "p_profile": 39.23229176478148,
    "p_total": 216.89321008961997,
    "p_ideal": 186.12388546007705,
    "power_loading": 0.27662352352925934,
    "figure_of_merit": 0.8581360632874165,
    "STALL_HIGH": 0.0,
    "STALL_LOW": 0.0,
    "main_RPM": 531.494140625,
    "disk_loading": 23.57763139700524
}