{
    "thrust": 3.2376928907967883,
    "torque": 0.09996171707649487,
    "p_induced": -59.7861231376241,
    "p_profile": 68.39449752803651,
    "p_total": 8.608374390412408,
    "p_ideal": 10.647637219057184,
    "power_loading": 0.3761096745981186,
    "figure_of_merit": 1.2368929063907825,
    "STALL_HIGH": 0.1836734693877551,
    "STALL_LOW": 0.02040816326530612,
    "main_RPM": 5750.0,
    "disk_loading": 6.62431965457023
}