{
    "thrust_main": 67.94152434644859,
    "torque_main": 5.951328284743138,
    "thrust_small": 1.427837685572985,
    "torque_small": 0.11565061258068603,
    "moment_created": 1.427837685572985,
    "power_required": 133.2199421178201,
    "p_induced": 200.22416937555823,
    "p_profile": 38.83836548483984,
    "p_total": 239.06253486039807,
    "p_ideal": 201.85752837917136,
    "power_loading": 0.5099951498729891,
    "figure_of_merit": 1.5152200576746084,
    "STALL_MAIN_HIGH": 0.0,
    "STALL_MAIN_LOW": 0.0,
    "STALL_SMALL_HIGH": 0.0,
    "STALL_SMALL_LOW": 0.0,
    "disk_loading": 21.626458881871294,
    "efficiency_small": 0.4377264849292718,
    "RPM_main": null,
    "RPM_small": null
}