{
    "thrust_main": 69.01673968022774,
    "torque_main": 5.970172633810442,
    "thrust_small": 3.4733599486688607,
    "torque_small": 0.19038702800817758,
    "moment_created": 3.4733599486688607,
    "power_required": 229.27875393631393,
    "p_induced": 201.63128009727407,
    "p_profile": 38.73320257116859,
    "p_total": 240.36448266844266,
    "p_ideal": 206.6682113566299,
    "power_loading": 0.30101672525400375,
    "figure_of_merit": 0.9013840480572199,
    "STALL_MAIN_HIGH": 0.0,
    "STALL_MAIN_LOW": 0.0,
    "STALL_SMALL_HIGH": 0.0,
    "STALL_SMALL_LOW": 0.0,
    "disk_loading": 21.968710552389602,
    "efficiency_small": 0.6186987012045657,
    "RPM_main": null,
    "RPM_small": null
}