{
    "thrust": 59.976790050211086,
    "torque": 1.2029124171398893,
    "p_induced": 352.21909808400505,
    "p_profile": 125.66793886242041,
    "p_total": 477.8870369464255,
    "p_ideal": 693.1527756123168,
    "power_loading": 0.12550411585433924,
    "figure_of_merit": 1.4504531866806507,
    "STALL_HIGH": 0.0,
    "STALL_LOW": 0.0,
    "main_RPM": 3838.8671875,
    "disk_loading": 81.80834162848792
}