{
    "thrust": 60.00228328622451,
    "torque": 1.3526017085634514,
    "p_induced": 336.8070898513331,
    "p_profile": 211.38011477131025,
    "p_total": 548.1872046226433,
    "p_ideal": 744.5796611853362,
    "power_loading": 0.10945582600295897,
    "figure_of_merit": 1.3582580091373786,
    "STALL_HIGH": 0.0,
    "STALL_LOW": 0.0,
    "main_RPM": 4556.640625,
    "disk_loading": 94.31762944990463
}