{
    "thrust_main": 157.28346740915887,
    "torque_main": 165.1483403131221,
    "thrust_small": 49.01936802788988,
    "torque_small": -0.30487691704435804,
    "moment_created": 51.670950810056084,
    "power_required": -415.04626922894545,
    "p_induced": 39423.9473975931,
    "p_profile": 14.326089377138128,
    "p_total": 39438.27348697024,
    "p_ideal": 674.5092168965165,
    "power_loading": -0.3789540566196466,
    "figure_of_merit": -1.6251422236600026,
    "STALL_MAIN_HIGH": 0.02040816326530612,
    "STALL_MAIN_LOW": 0.061224489795918366,
    "STALL_SMALL_HIGH": 0.5747126436781609,
    "STALL_SMALL_LOW": 0.04597701149425287,
    "disk_loading": 45.0583943486412,
    "efficiency_small": -3.4588861603801537,
    "RPM_main": 264.21875,
    "RPM_small": 13000.0
}