{
    "thrust_main": 126.7608309200252,
    "torque_main": -408.9507898152594,
    "thrust_small": 12.758919814040254,
    "torque_small": 0.5612281628249758,
    "moment_created": 12.758919814040254,
    "power_required": 776.8880891813243,
    "p_induced": 20977.620323973388,
    "p_profile": 20.47354254139099,
    "p_total": 20998.093866514777,
    "p_ideal": 514.422123108184,
    "power_loading": 0.16316485306603723,
    "figure_of_merit": 0.6621573046000436,
    "STALL_MAIN_HIGH": 0.12244897959183673,
    "STALL_MAIN_LOW": 0.0,
    "STALL_SMALL_HIGH": 0.21839080459770116,
    "STALL_SMALL_LOW": 0.0,
    "disk_loading": 40.34922566271596,
    "efficiency_small": 0.5616300995821522,
    "RPM_main": 325.46875,
    "RPM_small": 13218.75
}