{
    "thrust": 59.94965034127658,
    "torque": 1.316343314859349,
    "p_induced": 353.31711326855947,
    "p_profile": 306.38437485729526,
    "p_total": 659.7014881258547,
    "p_ideal": 743.6001778345367,
    "power_loading": 0.09087390497115216,
    "figure_of_merit": 1.127176747693915,
    "STALL_HIGH": 0.0,
    "STALL_LOW": 0.0,
    "main_RPM": 5473.6328125,
    "disk_loading": 94.23489568834466
}