{
    "thrust_main": 67.95592255815302,
    "torque_main": 5.950937820392223,
    "thrust_small": 1.4538898614325246,
    "torque_small": 0.11648543955827886,
    "moment_created": 1.4538898614325246,
    "power_required": 134.18159376108935,
    "p_induced": 200.20964833169822,
    "p_profile": 38.83803911080398,
    "p_total": 239.0476874425022,
    "p_ideal": 201.92169844522004,
    "power_loading": 0.5064474243699081,
    "figure_of_merit": 1.5048390228896977,
    "STALL_MAIN_HIGH": 0.0,
    "STALL_MAIN_LOW": 0.0,
    "STALL_SMALL_HIGH": 0.0,
    "STALL_SMALL_LOW": 0.0,
    "disk_loading": 21.63104197500018,
    "efficiency_small": 0.4425188622160204,
    "RPM_main": null,
    "RPM_small": null
}