{
    "thrust_main": 59.62786296755385,
    "torque_main": 5.319072479765819,
    "thrust_small": 5.135653620810914,
    "torque_small": 0.23932046130748832,
    "moment_created": 5.135653620810914,
    "power_required": 242.78405725027133,
    "p_induced": 167.85251259833467,
    "p_profile": 33.30931156495262,
    "p_total": 201.1618241632873,
    "p_ideal": 165.96476241615153,
    "power_loading": 0.2456004057386977,
    "figure_of_merit": 0.6835900359184975,
    "STALL_MAIN_HIGH": 0.0,
    "STALL_MAIN_LOW": 0.0,
    "STALL_SMALL_HIGH": 0.0,
    "STALL_SMALL_LOW": 0.0,
    "disk_loading": 18.980138274584736,
    "efficiency_small": 0.8111275560942941,
    "RPM_main": null,
    "RPM_small": null
}