{
    "thrust_main": 60.02149366974238,
    "torque_main": 5.697327364790633,
    "thrust_small": 5.690726381077094,
    "torque_small": 0.3931328683136687,
    "moment_created": 5.690726381077094,
    "power_required": 385.95729093105615,
    "p_induced": 154.03392069781665,
    "p_profile": 25.636876242278674,
    "p_total": 179.67079694009533,
    "p_ideal": 167.61088523658435,
    "power_loading": 0.15551330439943434,
    "figure_of_merit": 0.4342731415495525,
    "STALL_MAIN_HIGH": 0.0,
    "STALL_MAIN_LOW": 0.0,
    "STALL_SMALL_HIGH": 1.0,
    "STALL_SMALL_LOW": 0.0,
    "disk_loading": 19.10543481859681,
    "efficiency_small": 0.4712321710943027
}