{
    "thrust_main": 68.84080270184985,
    "torque_main": 5.9491554564330364,
    "thrust_small": 3.1333466586794745,
    "torque_small": 0.17859820427377984,
    "moment_created": 3.1333466586794745,
    "power_required": 215.0817424882364,
    "p_induced": 200.51109915198697,
    "p_profile": 38.76645957612087,
    "p_total": 239.27755872810783,
    "p_ideal": 205.8784595135193,
    "power_loading": 0.32006809088230725,
    "figure_of_merit": 0.9572103012173594,
    "STALL_MAIN_HIGH": 0.0,
    "STALL_MAIN_LOW": 0.0,
    "STALL_SMALL_HIGH": 0.0,
    "STALL_SMALL_LOW": 0.0,
    "disk_loading": 21.912708072826618,
    "efficiency_small": 0.5949741874524594,
    "RPM_main": null,
    "RPM_small": null
}