{
    "thrust_main": 60.75916859592462,
    "torque_main": 8.778716613915286,
    "thrust_small": 7.049358186752818,
    "torque_small": 0.2782033480428016,
    "moment_created": 7.049358186752818,
    "power_required": 401.03927327094743,
    "p_induced": 406.5541795321369,
    "p_profile": 29.9263616004041,
    "p_total": 436.480541132541,
    "p_ideal": 170.7103116720496,
    "power_loading": 0.1515042856036569,
    "figure_of_merit": 0.4256698110379715,
    "STALL_MAIN_HIGH": 0.0,
    "STALL_MAIN_LOW": 0.061224489795918366,
    "STALL_SMALL_HIGH": 0.0,
    "STALL_SMALL_LOW": 0.0,
    "disk_loading": 19.340244040390516,
    "efficiency_small": 0.6413811331737334,
    "RPM_main": 347.34375,
    "RPM_small": 13820.3125
}