{
    "thrust": 7.790881586576644,
    "torque": 0.2817147065830163,
    "p_induced": -169.1149780509727,
    "p_profile": 191.3552091048217,
    "p_total": 22.240231053849016,
    "p_ideal": 32.4514453089214,
    "power_loading": 0.3503057844908635,
    "figure_of_merit": 1.4591325616333997,
    "STALL_HIGH": 0.1836734693877551,
    "STALL_LOW": 0.10204081632653061,
    "main_RPM": 5875.0,
    "disk_loading": 10.626762484090541
}