{
    "thrust_main": 120.34367337199203,
    "torque_main": 76.73584091649525,
    "thrust_small": 20.85382105205538,
    "torque_small": 0.21386896118737356,
    "moment_created": 21.47943568361704,
    "power_required": 503.91686797284996,
    "p_induced": 2951.7408535084633,
    "p_profile": 21.863373362802495,
    "p_total": 2973.604226871266,
    "p_ideal": 461.9975712179017,
    "power_loading": 0.040470642422584226,
    "figure_of_merit": 0.15536619400894558,
    "STALL_MAIN_HIGH": 0.14285714285714285,
    "STALL_MAIN_LOW": 0.21428571428571427,
    "STALL_SMALL_HIGH": 0.37037037037037035,
    "STALL_SMALL_LOW": 0.0,
    "disk_loading": 36.10762651897263
}