{
    "thrust": 6.609479559223956,
    "torque": -0.09221347494987478,
    "p_induced": -390.08317314510737,
    "p_profile": 127.57819798924763,
    "p_total": -262.5049751558597,
    "p_ideal": 14.175227745470233,
    "power_loading": -0.025178492542092368,
    "figure_of_merit": -0.0539998441441113,
    "STALL_HIGH": 0.2653061224489796,
    "STALL_LOW": 0.20408163265306123,
    "main_RPM": 5937.5,
    "disk_loading": 11.269162648476847
}