{
    "thrust_main": 69.20795139556222,
    "torque_main": 5.986353600137777,
    "thrust_small": 3.520779333292545,
    "torque_small": 0.19193159301924956,
    "moment_created": 3.520779333292545,
    "power_required": 231.13883833816195,
    "p_induced": 202.52146843649518,
    "p_profile": 38.705968859979144,
    "p_total": 241.22743729647433,
    "p_ideal": 207.52767113994986,
    "power_loading": 0.2994215593240511,
    "figure_of_merit": 0.8978485512518309,
    "STALL_MAIN_HIGH": 0.0,
    "STALL_MAIN_LOW": 0.0,
    "STALL_SMALL_HIGH": 0.0,
    "STALL_SMALL_LOW": 0.0,
    "disk_loading": 22.029575131734727,
    "efficiency_small": 0.6220984295969323,
    "RPM_main": null,
    "RPM_small": null
}