{
    "thrust_main": 68.02170711763597,
    "torque_main": 5.96404138026605,
    "thrust_small": 2.666932733259933,
    "torque_small": 0.16159580070587126,
    "moment_created": 2.666932733259933,
    "power_required": 186.1449994611975,
    "p_induced": 200.95445213493952,
    "p_profile": 38.82133744843374,
    "p_total": 239.77578958337324,
    "p_ideal": 202.21497407934766,
    "power_loading": 0.3654232308927284,
    "figure_of_merit": 1.0863304126603734,
    "STALL_MAIN_HIGH": 0.0,
    "STALL_MAIN_LOW": 0.0,
    "STALL_SMALL_HIGH": 0.0,
    "STALL_SMALL_LOW": 0.0,
    "disk_loading": 21.65198185064185,
    "efficiency_small": 0.5851320851318644,
    "RPM_main": null,
    "RPM_small": null
}