{
    "thrust_main": 68.86798731817652,
    "torque_main": 5.958844810506303,
    "thrust_small": 3.37031057913094,
    "torque_small": 0.18692827037996423,
    "moment_created": 3.37031057913094,
    "power_required": 225.11345104009766,
    "p_induced": 201.0101070062869,
    "p_profile": 38.75342327689942,
    "p_total": 239.7635302831863,
    "p_ideal": 206.00042089107646,
    "power_loading": 0.30592568769206785,
    "figure_of_merit": 0.9150960102085737,
    "STALL_MAIN_HIGH": 0.0,
    "STALL_MAIN_LOW": 0.0,
    "STALL_SMALL_HIGH": 0.0,
    "STALL_SMALL_LOW": 0.0,
    "disk_loading": 21.921361204955506,
    "efficiency_small": 0.6114510607356537,
    "RPM_main": null,
    "RPM_small": null
}