{
    "thrust_main": 69.02568350743692,
    "torque_main": 5.972086395490686,
    "thrust_small": 3.3729449219666083,
    "torque_small": 0.1866689886161237,
    "moment_created": 3.3729449219666083,
    "power_required": 224.80120392770922,
    "p_induced": 201.74096332538045,
    "p_profile": 38.7303285426696,
    "p_total": 240.47129186805006,
    "p_ideal": 206.70838562440798,
    "power_loading": 0.30705210782427106,
    "figure_of_merit": 0.9195163638486586,
    "STALL_MAIN_HIGH": 0.0,
    "STALL_MAIN_LOW": 0.0,
    "STALL_SMALL_HIGH": 0.0,
    "STALL_SMALL_LOW": 0.0,
    "disk_loading": 21.971557461010605,
    "efficiency_small": 0.6127789550714515,
    "RPM_main": null,
    "RPM_small": null
}