{
    "thrust_main": 67.97961051627291,
    "torque_main": 5.956853654254656,
    "thrust_small": 2.714870459990252,
    "torque_small": 0.1635120710725398,
    "moment_created": 2.714870459990252,
    "power_required": 188.35238446014483,
    "p_induced": 200.67515478607493,
    "p_profile": 38.82514418200148,
    "p_total": 239.5002989680764,
    "p_ideal": 202.02728592062198,
    "power_loading": 0.36091717506585286,
    "figure_of_merit": 1.0726027520154424,
    "STALL_MAIN_HIGH": 0.0,
    "STALL_MAIN_LOW": 0.0,
    "STALL_SMALL_HIGH": 0.0,
    "STALL_SMALL_LOW": 0.0,
    "disk_loading": 21.63858208625325,
    "efficiency_small": 0.5886690658099827,
    "RPM_main": null,
    "RPM_small": null
}