{
    "thrust": 70.87870425838406,
    "torque": 6.241260686918762,
    "p_induced": 215.5180544896431,
    "p_profile": 41.3361447576935,
    "p_total": 256.8541992473366,
    "p_ideal": 215.0877496616253,
    "power_loading": 0.2759491745359075,
    "figure_of_merit": 0.8373923817165532,
    "STALL_HIGH": 0.0,
    "STALL_LOW": 0.0,
    "main_RPM": null,
    "disk_loading": 22.56139228534079
}