{
    "thrust": 88.49298576165046,
    "torque": 2.2997477368048336,
    "p_induced": 517.7199897219043,
    "p_profile": 289.9725464588397,
    "p_total": 807.692536180744,
    "p_ideal": 1091.1202110308163,
    "power_loading": 0.10956271328208443,
    "figure_of_merit": 1.3509103553070934,
    "STALL_HIGH": 0.0,
    "STALL_LOW": 0.0,
    "main_RPM": 4002.9296875,
    "disk_loading": 93.11799082927195
}