{
    "thrust_main": 59.35836305508411,
    "torque_main": 6.060143871450831,
    "thrust_small": 5.4369829988763705,
    "torque_small": 0.4901770334652199,
    "moment_created": 5.4369829988763705,
    "power_required": 333.65292291356235,
    "p_induced": 156.0462211976281,
    "p_profile": 23.62775461389768,
    "p_total": 179.6739758115258,
    "p_ideal": 164.8408689063624,
    "power_loading": 0.1779045198727714,
    "figure_of_merit": 0.49404892805050243,
    "STALL_MAIN_HIGH": 0.0,
    "STALL_MAIN_LOW": 0.0,
    "STALL_SMALL_HIGH": 1.0,
    "STALL_SMALL_LOW": 0.0,
    "disk_loading": 18.89435378811995,
    "efficiency_small": 0.48870246858811556
}