{
    "thrust_main": 60.28486387326931,
    "torque_main": 5.179315074618184,
    "thrust_small": 5.243709202424531,
    "torque_small": 0.3120300378503303,
    "moment_created": 5.527354822415481,
    "power_required": 230.77219589784602,
    "p_induced": 144.5540238267996,
    "p_profile": 31.26075253436083,
    "p_total": 175.81477636116043,
    "p_ideal": 160.0573798071733,
    "power_loading": 0.2612310535882542,
    "figure_of_merit": 0.6935730675199041,
    "STALL_MAIN_HIGH": 0.0,
    "STALL_MAIN_LOW": 0.0,
    "STALL_SMALL_HIGH": 0.0,
    "STALL_SMALL_LOW": 0.0,
    "disk_loading": 17.270341342295108,
    "efficiency_small": 0.8300580422536882,
    "RPM_main": 329.84375,
    "RPM_small": 7031.25
}