{
    "thrust": 5.559286251581524,
    "torque": -0.0854426275071061,
    "p_induced": -266.2505671854755,
    "p_profile": 68.89186030004569,
    "p_total": -197.35870688542983,
    "p_ideal": 19.560623492607856,
    "power_loading": -0.028168436748061926,
    "figure_of_merit": -0.09911203716977705,
    "STALL_HIGH": 0.12244897959183673,
    "STALL_LOW": 0.04081632653061224,
    "main_RPM": 4000,
    "disk_loading": 7.5828664471571985
}