{
    "thrust_main": 58.384878416143955,
    "torque_main": 5.5187422567942885,
    "thrust_small": 5.850314189163465,
    "torque_small": 0.30035776110645296,
    "moment_created": 5.850314189163465,
    "power_required": 318.4655858126122,
    "p_induced": 162.37698988980708,
    "p_profile": 29.106857077345893,
    "p_total": 191.48384696715297,
    "p_ideal": 160.80242418521345,
    "power_loading": 0.18333182930006794,
    "figure_of_merit": 0.5049287312313581,
    "STALL_MAIN_HIGH": 0.0,
    "STALL_MAIN_LOW": 0.0,
    "STALL_SMALL_HIGH": 0.0,
    "STALL_SMALL_LOW": 0.0,
    "disk_loading": 18.58448400349724,
    "efficiency_small": 0.6450524717228284,
    "RPM_main": 336.40625,
    "RPM_small": 10062.5
}