{
    "thrust": 60.00074478060706,
    "torque": 4.967507651629724,
    "p_induced": 174.7377700809064,
    "p_profile": 36.63574441893972,
    "p_total": 211.37351449984612,
    "p_ideal": 175.70063291450757,
    "power_loading": 0.28386122510467476,
    "figure_of_merit": 0.8312329637431253,
    "STALL_HIGH": 0.0,
    "STALL_LOW": 0.0,
    "main_RPM": 414.16015625,
    "disk_loading": 21.008713266263477
}