{
    "thrust_main": 48.587245167089335,
    "torque_main": 4.758690639917015,
    "thrust_small": 8.993018518330292,
    "torque_small": 0.3765622236547518,
    "moment_created": 8.993018518330292,
    "power_required": 542.8268264138926,
    "p_induced": 137.08941696705975,
    "p_profile": 29.470698846506536,
    "p_total": 166.56011581356628,
    "p_ideal": 122.07463522327892,
    "power_loading": 0.0895078187054129,
    "figure_of_merit": 0.22488688709389595,
    "STALL_MAIN_HIGH": 0.0,
    "STALL_MAIN_LOW": 0.10204081632653061,
    "STALL_SMALL_HIGH": 0.034482758620689655,
    "STALL_SMALL_LOW": 0.0,
    "disk_loading": 15.46580047912014,
    "efficiency_small": 0.5950142324939697,
    "RPM_main": 342.421875,
    "RPM_small": 13765.625
}