{
    "thrust_main": 68.01931712209789,
    "torque_main": 5.963527457442401,
    "thrust_small": 1.7506437636775922,
    "torque_small": 0.12690884878297481,
    "moment_created": 1.7506437636775922,
    "power_required": 146.18849923783773,
    "p_induced": 200.86727411644875,
    "p_profile": 38.82026757094444,
    "p_total": 239.6875416873932,
    "p_ideal": 202.20431670258472,
    "power_loading": 0.4652850085794749,
    "figure_of_merit": 1.3831752686209156,
    "STALL_MAIN_HIGH": 0.0,
    "STALL_MAIN_LOW": 0.0,
    "STALL_SMALL_HIGH": 0.0,
    "STALL_SMALL_LOW": 0.0,
    "disk_loading": 21.651221091434145,
    "efficiency_small": 0.4890776292531493,
    "RPM_main": null,
    "RPM_small": null
}