{
    "thrust_main": 60.06069194488405,
    "torque_main": 6.148817974167227,
    "thrust_small": 5.807313967335775,
    "torque_small": 0.5575916581568101,
    "moment_created": 6.12144640816324,
    "power_required": 355.8193146968401,
    "p_induced": 149.2523392589549,
    "p_profile": 24.43225767200901,
    "p_total": 173.6845969309639,
    "p_ideal": 159.16543962203994,
    "power_loading": 0.16879547979585108,
    "figure_of_merit": 0.44732096614162087,
    "STALL_MAIN_HIGH": 0.0,
    "STALL_MAIN_LOW": 0.0,
    "STALL_SMALL_HIGH": 1.0,
    "STALL_SMALL_LOW": 0.0,
    "disk_loading": 17.206120815386186,
    "efficiency_small": 0.49219683129143404
}