{
    "thrust": 60.005626079463326,
    "torque": 4.555715185969985,
    "p_induced": 160.82834648646008,
    "p_profile": 40.07836617411378,
    "p_total": 200.90671266057387,
    "p_ideal": 167.54442391811855,
    "power_loading": 0.2986740725823388,
    "figure_of_merit": 0.8339413934923123,
    "STALL_HIGH": 0.0,
    "STALL_LOW": 0.0,
    "main_RPM": 458.0078125,
    "disk_loading": 19.100384007741074
}