{
    "thrust_main": 69.56040346443424,
    "torque_main": 5.975752400942004,
    "thrust_small": 3.5437571580210165,
    "torque_small": 0.19265515416154072,
    "moment_created": 3.5437571580210165,
    "power_required": 232.01020651296287,
    "p_induced": 202.13761550094688,
    "p_profile": 38.693902425538255,
    "p_total": 240.83151792648513,
    "p_ideal": 209.11498734480023,
    "power_loading": 0.2998161352894954,
    "figure_of_merit": 0.9013180518552599,
    "STALL_MAIN_HIGH": 0.0,
    "STALL_MAIN_LOW": 0.0,
    "STALL_SMALL_HIGH": 0.0,
    "STALL_SMALL_LOW": 0.0,
    "disk_loading": 22.141764109662624,
    "efficiency_small": 0.6238067758913663,
    "RPM_main": null,
    "RPM_small": null
}