{
    "thrust_main": 60.06223888236235,
    "torque_main": 6.049424167673242,
    "thrust_small": 5.727064268891003,
    "torque_small": 0.33308133578773236,
    "moment_created": 5.46054152659273,
    "power_required": 383.6821551049729,
    "p_induced": 176.46594758545024,
    "p_profile": 26.531235243029247,
    "p_total": 202.99718282847948,
    "p_ideal": 175.9708125730878,
    "power_loading": 0.15654165324923627,
    "figure_of_merit": 0.4586369478792762,
    "STALL_MAIN_HIGH": 0.0,
    "STALL_MAIN_LOW": 0.0,
    "STALL_SMALL_HIGH": 1.0,
    "STALL_SMALL_LOW": 0.0,
    "disk_loading": 21.03024486484725,
    "efficiency_small": 0.4836701148551213
}