{
    "thrust_main": 212.19408282794882,
    "torque_main": -1.8165392665275206,
    "thrust_small": 12.159614087464155,
    "torque_small": 0.3816391139519118,
    "moment_created": 12.159614087464155,
    "power_required": 459.59927740715005,
    "p_induced": 1734.9041171601154,
    "p_profile": 15.481197114894277,
    "p_total": 1750.3853142750097,
    "p_ideal": 1114.1455376454398,
    "power_loading": 0.461693682429292,
    "figure_of_merit": 2.424167296195377,
    "STALL_MAIN_HIGH": 0.061224489795918366,
    "STALL_MAIN_LOW": 0.0,
    "STALL_SMALL_HIGH": 0.0,
    "STALL_SMALL_LOW": 0.0,
    "disk_loading": 67.54347435383823,
    "efficiency_small": 0.771430487190332,
    "RPM_main": 277.34375,
    "RPM_small": 11500.0
}