{
    "thrust_main": 53.93373737528624,
    "torque_main": 5.031611458804002,
    "thrust_small": 4.58469909998561,
    "torque_small": 0.2041384537658312,
    "moment_created": 4.832697180826188,
    "power_required": 175.02688027763986,
    "p_induced": 123.25256021102507,
    "p_profile": 23.639176211706243,
    "p_total": 146.8917364227313,
    "p_ideal": 135.4422158566517,
    "power_loading": 0.3081454533711209,
    "figure_of_merit": 0.7738366566427043,
    "STALL_MAIN_HIGH": 0.0,
    "STALL_MAIN_LOW": 0.0,
    "STALL_SMALL_HIGH": 0.0,
    "STALL_SMALL_LOW": 0.0,
    "disk_loading": 15.450877624854446,
    "efficiency_small": 0.8177339896477794,
    "RPM_main": 283.90625,
    "RPM_small": 8218.75
}