{
    "thrust_main": 60.0013464268538,
    "torque_main": 5.766284824382856,
    "thrust_small": 5.669519431997831,
    "torque_small": 0.3925473154238373,
    "moment_created": 5.669519431997831,
    "power_required": 375.10556103972885,
    "p_induced": 155.25837598895373,
    "p_profile": 25.539974600390867,
    "p_total": 180.7983505893446,
    "p_ideal": 167.52650012014587,
    "power_loading": 0.1599585627590811,
    "figure_of_merit": 0.44661161422344925,
    "STALL_MAIN_HIGH": 0.0,
    "STALL_MAIN_LOW": 0.0,
    "STALL_SMALL_HIGH": 1.0,
    "STALL_SMALL_LOW": 0.0,
    "disk_loading": 19.099021752006028,
    "efficiency_small": 0.48027570147259196
}