{
    "thrust_main": 60.03148679562102,
    "torque_main": 5.018565557545543,
    "thrust_small": 4.725478419760789,
    "torque_small": 0.286115679449011,
    "moment_created": 4.981091613472438,
    "power_required": 211.60636995763704,
    "p_induced": 141.09447695956808,
    "p_profile": 31.47901196137873,
    "p_total": 172.57348892094683,
    "p_ideal": 159.0493599082762,
    "power_loading": 0.28369413835528273,
    "figure_of_merit": 0.7516284124155497,
    "STALL_MAIN_HIGH": 0.0,
    "STALL_MAIN_LOW": 0.0,
    "STALL_SMALL_HIGH": 0.0,
    "STALL_SMALL_LOW": 0.0,
    "disk_loading": 17.197754156422082,
    "efficiency_small": 0.8265595613406298,
    "RPM_main": 335.3125,
    "RPM_small": 7093.75
}