{
    "thrust": 70.88421741565242,
    "torque": 6.2424688734711005,
    "p_induced": 215.58401090027573,
    "p_profile": 41.33428844234397,
    "p_total": 256.9182993426197,
    "p_ideal": 215.11284540077926,
    "power_loading": 0.27590178510843644,
    "figure_of_merit": 0.837281135486228,
    "STALL_HIGH": 0.0,
    "STALL_LOW": 0.0,
    "main_RPM": null,
    "disk_loading": 22.563147177803394
}