{
    "thrust_main": 67.94555188812825,
    "torque_main": 5.955848178844599,
    "thrust_small": 1.6685993276035858,
    "torque_small": 0.1243182654238338,
    "moment_created": 1.6685993276035858,
    "power_required": 143.20436143298716,
    "p_induced": 200.45414882250793,
    "p_profile": 38.832471333064035,
    "p_total": 239.28662015557197,
    "p_ideal": 201.87547767450314,
    "power_loading": 0.4744656601811918,
    "figure_of_merit": 1.4097020206257564,
    "STALL_MAIN_HIGH": 0.0,
    "STALL_MAIN_LOW": 0.0,
    "STALL_SMALL_HIGH": 0.0,
    "STALL_SMALL_LOW": 0.0,
    "disk_loading": 21.627740888204947,
    "efficiency_small": 0.475870786197472,
    "RPM_main": null,
    "RPM_small": null
}