{
    "thrust_main": 69.22261363820559,
    "torque_main": 5.987212873109075,
    "thrust_small": 3.522963153096886,
    "torque_small": 0.19200069459939842,
    "moment_created": 3.522963153096886,
    "power_required": 231.22205579450505,
    "p_induced": 202.57107010334587,
    "p_profile": 38.704259273646734,
    "p_total": 241.2753293769926,
    "p_ideal": 207.59362415901214,
    "power_loading": 0.29937720863327194,
    "figure_of_merit": 0.8978106497915912,
    "STALL_MAIN_HIGH": 0.0,
    "STALL_MAIN_LOW": 0.0,
    "STALL_SMALL_HIGH": 0.0,
    "STALL_SMALL_LOW": 0.0,
    "disk_loading": 22.034242268521737,
    "efficiency_small": 0.6222602623004274,
    "RPM_main": null,
    "RPM_small": null
}