{
    "thrust_main": 59.58399450143531,
    "torque_main": 4.9006561113207106,
    "thrust_small": 5.163773454996215,
    "torque_small": 0.22596588179710247,
    "moment_created": 5.163773454996215,
    "power_required": 239.58880454789642,
    "p_induced": 151.75919614400448,
    "p_profile": 32.554301311053926,
    "p_total": 184.3134974550584,
    "p_ideal": 165.78164466041858,
    "power_loading": 0.24869273259186792,
    "figure_of_merit": 0.6919423675628258,
    "STALL_MAIN_HIGH": 0.0,
    "STALL_MAIN_LOW": 0.0,
    "STALL_SMALL_HIGH": 0.0,
    "STALL_SMALL_LOW": 0.0,
    "disk_loading": 18.966174508127484,
    "efficiency_small": 0.8259165995575907,
    "RPM_main": 367.03125,
    "RPM_small": 10062.5
}