{
    "thrust_main": 67.42894361000378,
    "torque_main": 6.198657713365353,
    "thrust_small": 6.2003550199123385,
    "torque_small": 0.3192170377100645,
    "moment_created": 6.2003550199123385,
    "power_required": 301.89960548440075,
    "p_induced": 201.78906135505144,
    "p_profile": 34.65243099796278,
    "p_total": 236.4414923530142,
    "p_ideal": 199.57748941378196,
    "power_loading": 0.2233488960736249,
    "figure_of_merit": 0.6610723756778616,
    "STALL_MAIN_HIGH": 0.0,
    "STALL_MAIN_LOW": 0.0,
    "STALL_SMALL_HIGH": 0.0,
    "STALL_SMALL_LOW": 0.0,
    "disk_loading": 21.463299365993546,
    "efficiency_small": 0.7957641202295971,
    "RPM_main": null,
    "RPM_small": 9031.25
}