{
    "thrust": 59.994568201620034,
    "torque": 5.213096667694549,
    "p_induced": 159.25284220654225,
    "p_profile": 58.231251257781004,
    "p_total": 217.48409346432325,
    "p_ideal": 167.49811325015585,
    "power_loading": 0.2758572695867605,
    "figure_of_merit": 0.7701625925007373
}