{
    "thrust": 9.27520227873866,
    "torque": 0.18262585899275321,
    "p_induced": -0.2474847519200561,
    "p_profile": 23.725707047736684,
    "p_total": 23.47822229581663,
    "p_ideal": 81.45487715657342,
    "power_loading": 0.39505556093108996,
    "figure_of_merit": 3.4693800974483118
}