{
    "thrust_main": 60.02582315760222,
    "torque_main": 5.018462516023058,
    "thrust_small": 4.757970892336005,
    "torque_small": 0.2602750200610969,
    "moment_created": 5.015341686855185,
    "power_required": 218.04749091658456,
    "p_induced": 141.09011024351477,
    "p_profile": 31.479605869793033,
    "p_total": 172.5697161133078,
    "p_ideal": 159.02685230094212,
    "power_loading": 0.27528784167741455,
    "figure_of_merit": 0.729322092322442,
    "STALL_MAIN_HIGH": 0.0,
    "STALL_MAIN_LOW": 0.0,
    "STALL_SMALL_HIGH": 0.0,
    "STALL_SMALL_LOW": 0.0,
    "disk_loading": 17.196131643646243,
    "efficiency_small": 0.8076585485320834,
    "RPM_main": 335.3125,
    "RPM_small": 8000.0
}