{
    "thrust": 14.045844861971279,
    "torque": -1.9959327188387381,
    "p_induced": -2431.749796386373,
    "p_profile": 177.64045899164387,
    "p_total": -2254.109337394729,
    "p_ideal": 39.27769052033007,
    "power_loading": -0.0062312171947281345,
    "figure_of_merit": -0.017424926940645534,
    "STALL_HIGH": 0.10204081632653061,
    "STALL_LOW": 0.0,
    "main_RPM": 5750.0,
    "disk_loading": 19.158532391728823
}