{
    "thrust_main": 59.56445249871905,
    "torque_main": 5.759792320353511,
    "thrust_small": 5.7254627885454035,
    "torque_small": 0.3502672075457875,
    "moment_created": 5.7254627885454035,
    "power_required": 380.55392308180603,
    "p_induced": 156.53859853211648,
    "p_profile": 25.835905829831685,
    "p_total": 182.37450436194817,
    "p_ideal": 165.70009323722073,
    "power_loading": 0.15652040062116174,
    "figure_of_merit": 0.43541817121564896,
    "STALL_MAIN_HIGH": 0.0,
    "STALL_MAIN_LOW": 0.0,
    "STALL_SMALL_HIGH": 1.0,
    "STALL_SMALL_LOW": 0.0,
    "disk_loading": 18.95995409546707,
    "efficiency_small": 0.48222504315851933
}