{
    "thrust_main": 376.94664390822084,
    "torque_main": -402.7274531628432,
    "thrust_small": 72.01747707092878,
    "torque_small": 0.6675057162207343,
    "moment_created": 75.91308629436217,
    "power_required": 908.7134568672583,
    "p_induced": 70102.79369722298,
    "p_profile": 11.757541462972025,
    "p_total": 70114.55123868595,
    "p_ideal": 2502.551926873903,
    "power_loading": 0.41481353782051883,
    "figure_of_merit": 2.753950552797269,
    "STALL_MAIN_HIGH": 0.06802721088435375,
    "STALL_MAIN_LOW": 0.027210884353741496,
    "STALL_SMALL_HIGH": 0.45977011494252873,
    "STALL_SMALL_LOW": 0.0842911877394636,
    "disk_loading": 107.98725898780893,
    "efficiency_small": 2.5997181030646748,
    "RPM_main": 290.46875,
    "RPM_small": 13000.0
}