{
    "thrust": 60.032735792251884,
    "torque": 1.2415818726309618,
    "p_induced": 346.7671842984019,
    "p_profile": 107.11714515847666,
    "p_total": 453.88432945687856,
    "p_ideal": 347.06142528599173,
    "power_loading": 0.13226439402322507,
    "figure_of_merit": 0.7646472961542604,
    "STALL_HIGH": 0.0,
    "STALL_LOW": 0.0,
    "main_RPM": 3524.4140625,
    "disk_loading": 81.88465162063157
}