{
    "thrust_main": 59.91439909620526,
    "torque_main": 6.05984296000028,
    "thrust_small": 4.989549556144413,
    "torque_small": 0.418627830422673,
    "moment_created": 4.989549556144413,
    "power_required": 306.8702272170753,
    "p_induced": 157.71912374873676,
    "p_profile": 24.154903362460917,
    "p_total": 181.87402711119768,
    "p_ideal": 167.16249069193702,
    "power_loading": 0.1952434409800946,
    "figure_of_merit": 0.5447334927467201,
    "STALL_MAIN_HIGH": 0.0,
    "STALL_MAIN_LOW": 0.0,
    "STALL_SMALL_HIGH": 1.0,
    "STALL_SMALL_LOW": 0.0,
    "disk_loading": 19.07134555708331,
    "efficiency_small": 0.49391268829731827
}