{
    "thrust_main": 51.40030538353071,
    "torque_main": 4.6312936131115965,
    "thrust_small": 4.263197919149583,
    "torque_small": 0.24478995422951078,
    "moment_created": 4.493805180201015,
    "power_required": 241.92412209151362,
    "p_induced": 123.82495651487234,
    "p_profile": 27.758217580403695,
    "p_total": 151.58317409527604,
    "p_ideal": 126.0119769514191,
    "power_loading": 0.21246457335117375,
    "figure_of_merit": 0.5208739660270506,
    "STALL_MAIN_HIGH": 0.0,
    "STALL_MAIN_LOW": 0.0,
    "STALL_SMALL_HIGH": 0.0,
    "STALL_SMALL_LOW": 0.0,
    "disk_loading": 14.725102820799375,
    "efficiency_small": 0.6182080549099027,
    "RPM_main": 318.90625,
    "RPM_small": 9468.75
}