{
    "thrust_main": 67.95509309277318,
    "torque_main": 5.950938963494581,
    "thrust_small": 1.4509981161465209,
    "torque_small": 0.11638690693973038,
    "moment_created": 1.4509981161465209,
    "power_required": 134.06809233254666,
    "p_induced": 200.20943307291887,
    "p_profile": 38.8380817362729,
    "p_total": 239.04751480919177,
    "p_ideal": 201.91800149267547,
    "power_loading": 0.5068699935269853,
    "figure_of_merit": 1.5060854374792758,
    "STALL_MAIN_HIGH": 0.0,
    "STALL_MAIN_LOW": 0.0,
    "STALL_SMALL_HIGH": 0.0,
    "STALL_SMALL_LOW": 0.0,
    "disk_loading": 21.63077794796953,
    "efficiency_small": 0.44201259416591304,
    "RPM_main": null,
    "RPM_small": null
}