{
    "thrust_main": 68.01767509366411,
    "torque_main": 5.96452524811474,
    "thrust_small": 2.456313983168147,
    "torque_small": 0.15430428643273017,
    "moment_created": 2.456313983168147,
    "power_required": 177.74577798071104,
    "p_induced": 200.90467883754826,
    "p_profile": 38.81964764265123,
    "p_total": 239.7243264801995,
    "p_ideal": 202.19699474065519,
    "power_loading": 0.3826683022594516,
    "figure_of_merit": 1.1375628554316355,
    "STALL_MAIN_HIGH": 0.0,
    "STALL_MAIN_LOW": 0.0,
    "STALL_SMALL_HIGH": 0.0,
    "STALL_SMALL_LOW": 0.0,
    "disk_loading": 21.650698417550277,
    "efficiency_small": 0.5643880528544956,
    "RPM_main": null,
    "RPM_small": null
}