{
    "thrust_main": 67.99493779294438,
    "torque_main": 5.95833123129346,
    "thrust_small": 1.7220393419694933,
    "torque_small": 0.12588656100335474,
    "moment_created": 1.7220393419694933,
    "power_required": 145.0109082524573,
    "p_induced": 200.59534626907322,
    "p_profile": 38.827398833806626,
    "p_total": 239.42274510287984,
    "p_ideal": 202.09561602620033,
    "power_loading": 0.4688953307882765,
    "figure_of_merit": 1.3936580251904993,
    "STALL_MAIN_HIGH": 0.0,
    "STALL_MAIN_LOW": 0.0,
    "STALL_SMALL_HIGH": 0.0,
    "STALL_SMALL_LOW": 0.0,
    "disk_loading": 21.643460909946054,
    "efficiency_small": 0.48499316875250886,
    "RPM_main": null,
    "RPM_small": null
}