{
    "thrust_main": 60.01120598754108,
    "torque_main": 6.171192807419739,
    "thrust_small": 5.73698744998328,
    "torque_small": 0.3642551834724564,
    "moment_created": 6.0473157499161605,
    "power_required": 362.3747793360117,
    "p_induced": 151.77430655826933,
    "p_profile": 24.974103011336037,
    "p_total": 176.74840956960537,
    "p_ideal": 158.96876777408758,
    "power_loading": 0.16560536055379213,
    "figure_of_merit": 0.4386860698897699,
    "STALL_MAIN_HIGH": 0.0,
    "STALL_MAIN_LOW": 0.0,
    "STALL_SMALL_HIGH": 1.0,
    "STALL_SMALL_LOW": 0.0,
    "disk_loading": 17.191944132881606,
    "efficiency_small": 0.48358395897926126
}