{
    "thrust_main": 68.92136228982666,
    "torque_main": 5.962865491959119,
    "thrust_small": 3.4212058199641615,
    "torque_small": 0.18864848301145445,
    "moment_created": 3.4212058199641615,
    "power_required": 227.18506386361753,
    "p_induced": 201.23028152690696,
    "p_profile": 38.74614393162747,
    "p_total": 239.97642545853444,
    "p_ideal": 206.2399530133751,
    "power_loading": 0.30337101003788325,
    "figure_of_merit": 0.9078059512626407,
    "STALL_MAIN_HIGH": 0.0,
    "STALL_MAIN_LOW": 0.0,
    "STALL_SMALL_HIGH": 0.0,
    "STALL_SMALL_LOW": 0.0,
    "disk_loading": 21.938350986106528,
    "efficiency_small": 0.6150248327916793,
    "RPM_main": null,
    "RPM_small": null
}