{
    "thrust": 70.87890338122628,
    "torque": 6.242399562726273,
    "p_induced": 215.57635436228156,
    "p_profile": 41.33486882297059,
    "p_total": 256.91122318525214,
    "p_ideal": 215.08865604629827,
    "power_loading": 0.2758887000048157,
    "figure_of_merit": 0.8372100423623896,
    "STALL_HIGH": 0.0,
    "STALL_LOW": 0.0,
    "main_RPM": null,
    "disk_loading": 22.561455668110035
}