{
    "thrust_main": 67.96963462468992,
    "torque_main": 5.956394711890784,
    "thrust_small": 1.778208183624796,
    "torque_small": 0.12808370652221068,
    "moment_created": 1.778208183624796,
    "power_required": 147.54183820012366,
    "p_induced": 200.49769830622188,
    "p_profile": 38.83012168295254,
    "p_total": 239.32781998917443,
    "p_ideal": 201.98281681411726,
    "power_loading": 0.4606804107489624,
    "figure_of_merit": 1.3689867177888255,
    "STALL_MAIN_HIGH": 0.0,
    "STALL_MAIN_LOW": 0.0,
    "STALL_SMALL_HIGH": 0.0,
    "STALL_SMALL_LOW": 0.0,
    "disk_loading": 21.635406661338887,
    "efficiency_small": 0.4922215681120819,
    "RPM_main": null,
    "RPM_small": null
}