{
    "thrust_main": 69.07707937483852,
    "torque_main": 5.9755088291580805,
    "thrust_small": 3.493678292170982,
    "torque_small": 0.19105567766055706,
    "moment_created": 3.493678292170982,
    "power_required": 230.08399345668155,
    "p_induced": 201.92206642181117,
    "p_profile": 38.72436986855973,
    "p_total": 240.6464362903709,
    "p_ideal": 206.93929824165457,
    "power_loading": 0.30022548868808563,
    "figure_of_merit": 0.8994076255922405,
    "STALL_MAIN_HIGH": 0.0,
    "STALL_MAIN_LOW": 0.0,
    "STALL_SMALL_HIGH": 0.0,
    "STALL_SMALL_LOW": 0.0,
    "disk_loading": 21.987917273713524,
    "efficiency_small": 0.6201399784200758,
    "RPM_main": null,
    "RPM_small": null
}