{
    "thrust": 59.99452889707092,
    "torque": 5.214330524336843,
    "p_induced": 159.30929665145854,
    "p_profile": 55.28610024566128,
    "p_total": 214.59539689711983,
    "p_ideal": 167.49794864933605,
    "power_loading": 0.27957043703893225,
    "figure_of_merit": 0.7805290843663204,
    "STALL_HIGH": 0.0,
    "STALL_LOW": 0.0,
    "main_RPM": 432.763671875,
    "disk_loading": 19.096851664876787
}