{
    "thrust_main": 68.80547475662974,
    "torque_main": 5.948624059833652,
    "thrust_small": 3.1024516181532844,
    "torque_small": 0.17764241881549203,
    "moment_created": 3.1024516181532844,
    "power_required": 213.93071186813938,
    "p_induced": 200.47400775229144,
    "p_profile": 38.76881330473167,
    "p_total": 239.24282105702312,
    "p_ideal": 205.71999978951885,
    "power_loading": 0.32162504465015485,
    "figure_of_merit": 0.9616197599357246,
    "STALL_MAIN_HIGH": 0.0,
    "STALL_MAIN_LOW": 0.0,
    "STALL_SMALL_HIGH": 0.0,
    "STALL_SMALL_LOW": 0.0,
    "disk_loading": 21.901462838604495,
    "efficiency_small": 0.5922773249609544,
    "RPM_main": null,
    "RPM_small": null
}