{
    "thrust": 59.99291247973377,
    "torque": 1.1491820448200774,
    "p_induced": 341.2212702301627,
    "p_profile": 130.37384366656337,
    "p_total": 471.59511389672605,
    "p_ideal": 693.4322851794846,
    "power_loading": 0.12721275244779473,
    "figure_of_merit": 1.4703975184342948,
    "STALL_HIGH": 0.0,
    "STALL_LOW": 0.0,
    "main_RPM": 3958.984375,
    "disk_loading": 81.83033262235686
}