{
    "thrust": 2.8663009357056413,
    "torque": 0.13044029836638985,
    "p_induced": -15.0767096589121,
    "p_profile": 60.12500797620223,
    "p_total": 45.048298317290126,
    "p_ideal": 8.869159115533062,
    "power_loading": 0.06362728544189021,
    "figure_of_merit": 0.19688111309032427,
    "STALL_HIGH": 0.061224489795918366,
    "STALL_LOW": 0.02040816326530612,
    "main_RPM": 5500.0,
    "disk_loading": 5.864451714453742
}