{
    "thrust_main": 60.03260990269929,
    "torque_main": 5.021989125740573,
    "thrust_small": 4.9529273096823445,
    "torque_small": 0.28774814917306096,
    "moment_created": 5.220843794615449,
    "power_required": 220.3469461845833,
    "p_induced": 141.23941493346427,
    "p_profile": 31.475664768944686,
    "p_total": 172.71507970240896,
    "p_ideal": 159.0538233234001,
    "power_loading": 0.27244584480154466,
    "figure_of_merit": 0.7218335723616596,
    "STALL_MAIN_HIGH": 0.0,
    "STALL_MAIN_LOW": 0.0,
    "STALL_SMALL_HIGH": 0.0,
    "STALL_SMALL_LOW": 0.0,
    "disk_loading": 17.198075902899713,
    "efficiency_small": 0.8319783501621429,
    "RPM_main": 335.3125,
    "RPM_small": 7281.25
}