{
    "thrust_main": 60.03793526822067,
    "torque_main": 6.797796118182867,
    "thrust_small": 5.9951019406688975,
    "torque_small": 0.3702998863313884,
    "moment_created": 6.319392312469783,
    "power_required": 368.38827746601953,
    "p_induced": 163.68375723180156,
    "p_profile": 24.721713637855093,
    "p_total": 188.40547086965665,
    "p_ideal": 159.07498778382077,
    "power_loading": 0.16297460842455452,
    "figure_of_merit": 0.43181338146269865,
    "STALL_MAIN_HIGH": 0.0,
    "STALL_MAIN_LOW": 0.0,
    "STALL_SMALL_HIGH": 1.0,
    "STALL_SMALL_LOW": 0.0,
    "disk_loading": 17.19960150774341,
    "efficiency_small": 0.48130344591336455
}