{
    "thrust_main": 69.10761763110222,
    "torque_main": 5.977337248202534,
    "thrust_small": 3.403690470632893,
    "torque_small": 0.18771642174501355,
    "moment_created": 3.403690470632893,
    "power_required": 226.06260374646766,
    "p_induced": 202.04196860075186,
    "p_profile": 38.71976525609756,
    "p_total": 240.76173385684942,
    "p_ideal": 207.0765419651868,
    "power_loading": 0.3057012371166324,
    "figure_of_merit": 0.9160141418057186,
    "STALL_MAIN_HIGH": 0.0,
    "STALL_MAIN_LOW": 0.0,
    "STALL_SMALL_HIGH": 0.0,
    "STALL_SMALL_LOW": 0.0,
    "disk_loading": 21.997637902589073,
    "efficiency_small": 0.6149142512097868,
    "RPM_main": null,
    "RPM_small": null
}