{
    "thrust_main": 67.27600948131773,
    "torque_main": 5.724851087969653,
    "thrust_small": 2.702283858101625,
    "torque_small": 0.16305821863837283,
    "moment_created": 2.702283858101625,
    "power_required": 187.82958398671394,
    "p_induced": 190.38013863809957,
    "p_profile": 39.10512803969698,
    "p_total": 229.48526667779655,
    "p_ideal": 198.8988884767695,
    "power_loading": 0.35817578920941695,
    "figure_of_merit": 1.0589326998181423,
    "STALL_MAIN_HIGH": 0.0,
    "STALL_MAIN_LOW": 0.0,
    "STALL_SMALL_HIGH": 0.0,
    "STALL_SMALL_LOW": 0.0,
    "disk_loading": 21.41461892089787,
    "efficiency_small": 0.5875707871593407,
    "RPM_main": null,
    "RPM_small": null
}