{
    "thrust_main": 68.02307211198108,
    "torque_main": 5.969591734434092,
    "thrust_small": 2.6828357729690406,
    "torque_small": 0.16247669825777203,
    "moment_created": 2.6828357729690406,
    "power_required": 187.159720596324,
    "p_induced": 201.1982098936826,
    "p_profile": 38.81168998409903,
    "p_total": 240.0098998777816,
    "p_ideal": 202.22106089396635,
    "power_loading": 0.3634493142821945,
    "figure_of_merit": 1.0804731928945728,
    "STALL_MAIN_HIGH": 0.0,
    "STALL_MAIN_LOW": 0.0,
    "STALL_SMALL_HIGH": 0.0,
    "STALL_SMALL_LOW": 0.0,
    "disk_loading": 21.652416341836485,
    "efficiency_small": 0.5854299347522678,
    "RPM_main": null,
    "RPM_small": null
}