{
    "thrust": 59.97679005021111,
    "torque": 1.2029124171398888,
    "p_induced": 352.21909808400494,
    "p_profile": 125.66793886242043,
    "p_total": 477.8870369464254,
    "p_ideal": 346.57638780615855,
    "power_loading": 0.12550411585433932,
    "figure_of_merit": 0.7252265933403259,
    "STALL_HIGH": 0.0,
    "STALL_LOW": 0.0,
    "main_RPM": 3838.8671875,
    "disk_loading": 81.80834162848795
}