{
    "thrust_main": 68.81300270216077,
    "torque_main": 5.948376908380695,
    "thrust_small": 3.099347102999329,
    "torque_small": 0.1775078575594304,
    "moment_created": 3.099347102999329,
    "power_required": 213.76866281763063,
    "p_induced": 200.46374790091593,
    "p_profile": 38.76873589977088,
    "p_total": 239.23248380068682,
    "p_ideal": 205.75376217507412,
    "power_loading": 0.32190407048046243,
    "figure_of_merit": 0.9625066624035808,
    "STALL_MAIN_HIGH": 0.0,
    "STALL_MAIN_LOW": 0.0,
    "STALL_SMALL_HIGH": 0.0,
    "STALL_SMALL_LOW": 0.0,
    "disk_loading": 21.903859058089676,
    "efficiency_small": 0.5921331849946274,
    "RPM_main": null,
    "RPM_small": null
}