{
    "thrust": 59.98514740953475,
    "torque": 1.2927172778923788,
    "p_induced": 353.9268734341447,
    "p_profile": 104.47165516118733,
    "p_total": 458.398528595332,
    "p_ideal": 346.6488299367358,
    "power_loading": 0.13085807145443265,
    "figure_of_merit": 0.7562171523520589,
    "STALL_HIGH": 0.0,
    "STALL_LOW": 0.0,
    "main_RPM": 3420.8984375,
    "disk_loading": 81.81974106660539
}