{
    "thrust_main": 60.08172327726695,
    "torque_main": 6.5255309385710225,
    "thrust_small": 5.711780222723256,
    "torque_small": 0.3450706586133833,
    "moment_created": 6.020744999369773,
    "power_required": 343.2892912553774,
    "p_induced": 154.933692245501,
    "p_profile": 23.6918401602071,
    "p_total": 178.6255324057081,
    "p_ideal": 159.24904890581215,
    "power_loading": 0.1750177614266778,
    "figure_of_merit": 0.46389168832926014,
    "STALL_MAIN_HIGH": 0.0,
    "STALL_MAIN_LOW": 0.0,
    "STALL_SMALL_HIGH": 1.0,
    "STALL_SMALL_LOW": 0.0,
    "disk_loading": 17.21214584830157,
    "efficiency_small": 0.48498167174306167
}