{
    "thrust": 59.98514740953476,
    "torque": 1.2927172778923786,
    "p_induced": 353.92687343414457,
    "p_profile": 104.47165516118733,
    "p_total": 458.39852859533187,
    "p_ideal": 693.2976598734717,
    "power_loading": 0.13085807145443273,
    "figure_of_merit": 1.5124343047041184,
    "STALL_HIGH": 0.0,
    "STALL_LOW": 0.0,
    "main_RPM": 3420.8984375,
    "disk_loading": 81.81974106660542
}