{
    "thrust": 60.06025920844019,
    "torque": 1.2959460790989519,
    "p_induced": 355.32986935046165,
    "p_profile": 104.74655145682172,
    "p_total": 460.0764208072834,
    "p_ideal": 347.30013032030797,
    "power_loading": 0.1305440933118331,
    "figure_of_merit": 0.754874874289167,
    "STALL_HIGH": 0.0,
    "STALL_LOW": 0.0,
    "main_RPM": 3422.8515625,
    "disk_loading": 81.92219356031242
}