{
    "thrust_main": 59.91544427838102,
    "torque_main": 6.071415847845812,
    "thrust_small": 5.595927969329209,
    "torque_small": 0.5392254304133944,
    "moment_created": 5.89862600177372,
    "power_required": 345.8637745416337,
    "p_induced": 147.8034063500077,
    "p_profile": 24.49506393504204,
    "p_total": 172.29847028504975,
    "p_ideal": 158.58841265442683,
    "power_loading": 0.1732342288746075,
    "figure_of_merit": 0.45852854310805136,
    "STALL_MAIN_HIGH": 0.0,
    "STALL_MAIN_LOW": 0.0,
    "STALL_SMALL_HIGH": 1.0,
    "STALL_SMALL_LOW": 0.0,
    "disk_loading": 17.164510424012448,
    "efficiency_small": 0.4904443794163752
}