{
    "thrust_main": 45.94487658256472,
    "torque_main": 4.166051570507985,
    "thrust_small": 3.9215838293632856,
    "torque_small": 0.21991702473349464,
    "moment_created": 4.133712312024361,
    "power_required": 139.61729542151394,
    "p_induced": 93.8843749337554,
    "p_profile": 19.830660608019418,
    "p_total": 113.71503554177481,
    "p_ideal": 106.49247241399668,
    "power_loading": 0.32907725682447914,
    "figure_of_merit": 0.76274556166189,
    "STALL_MAIN_HIGH": 0.0,
    "STALL_MAIN_LOW": 0.0,
    "STALL_SMALL_HIGH": 0.0,
    "STALL_SMALL_LOW": 0.0,
    "disk_loading": 13.16223759215204,
    "efficiency_small": 0.8225974471910488,
    "RPM_main": 266.40625,
    "RPM_small": 6093.75
}