{
    "thrust": 60.03852355751368,
    "torque": 1.0587160167111491,
    "p_induced": 435.5674108845586,
    "p_profile": 128.3429606815832,
    "p_total": 563.9103715661419,
    "p_ideal": 425.1231725540397,
    "power_loading": 0.10646820236834689,
    "figure_of_merit": 0.7538842943664078,
    "STALL_HIGH": 0.0,
    "STALL_LOW": 0.0,
    "main_RPM": 5134.765625,
    "disk_loading": 122.838819198673
}