{
    "thrust": 71.9446944710669,
    "torque": 6.055569673428571,
    "p_induced": 208.2006969189895,
    "p_profile": 41.043233675880174,
    "p_total": 249.24393059486968,
    "p_ideal": 219.95821182370693,
    "power_loading": 0.28865174088434864,
    "figure_of_merit": 0.8825017776711087,
    "STALL_HIGH": 0.0,
    "STALL_LOW": 0.0,
    "main_RPM": null,
    "disk_loading": 22.9007075086129
}