{
    "thrust": 59.99859435651581,
    "torque": 6.246527746458777,
    "p_induced": 142.1645964714879,
    "p_profile": 62.16048446539621,
    "p_total": 204.3250809368841,
    "p_ideal": 152.28634035741885,
    "power_loading": 0.29364282681992104,
    "figure_of_merit": 0.7453139852393355,
    "STALL_HIGH": 0.0,
    "STALL_LOW": 0.0,
    "main_RPM": 377.587890625,
    "disk_loading": 15.783591521330553
}