{
    "thrust_main": 68.8279541906337,
    "torque_main": 5.955476059650351,
    "thrust_small": 3.305140497298178,
    "torque_small": 0.18471112803446876,
    "moment_created": 3.305140497298178,
    "power_required": 222.4433971000109,
    "p_induced": 200.82735457832717,
    "p_profile": 38.759381047702746,
    "p_total": 239.5867356260299,
    "p_ideal": 205.82082418327667,
    "power_loading": 0.3094178343252353,
    "figure_of_merit": 0.9252727968847702,
    "STALL_MAIN_HIGH": 0.0,
    "STALL_MAIN_LOW": 0.0,
    "STALL_SMALL_HIGH": 0.0,
    "STALL_SMALL_LOW": 0.0,
    "disk_loading": 21.908618264683774,
    "efficiency_small": 0.6068252334299951,
    "RPM_main": null,
    "RPM_small": null
}