{
    "thrust": 59.97852251422265,
    "torque": 1.058937255701286,
    "p_induced": 435.6949225096043,
    "p_profile": 128.34036206734828,
    "p_total": 564.0352845769526,
    "p_ideal": 848.9720902631922,
    "power_loading": 0.10633824541528243,
    "figure_of_merit": 1.5051754978413323,
    "STALL_HIGH": 0.0,
    "STALL_LOW": 0.0,
    "main_RPM": 5138.671875,
    "disk_loading": 122.71605706409954
}