{
    "thrust_main": 60.039442430602044,
    "torque_main": 6.4638805367513505,
    "thrust_small": 3.7982053901995436,
    "torque_small": 0.3223990491196095,
    "moment_created": 4.003660018053046,
    "power_required": 236.33084632240747,
    "p_induced": 150.74553800540957,
    "p_profile": 23.004926874259915,
    "p_total": 173.7504648796695,
    "p_ideal": 159.08097783013852,
    "power_loading": 0.25404826904692324,
    "figure_of_merit": 0.6731282873379844,
    "STALL_MAIN_HIGH": 0.0,
    "STALL_MAIN_LOW": 0.0,
    "STALL_SMALL_HIGH": 1.0,
    "STALL_SMALL_LOW": 0.0,
    "disk_loading": 17.200033277960877,
    "efficiency_small": 0.46097531954214527
}