{
    "thrust_main": 59.51341144920933,
    "torque_main": 5.9836360778265245,
    "thrust_small": 5.712994648107292,
    "torque_small": 0.24493557101402263,
    "moment_created": 6.022025116123733,
    "power_required": 302.98581750967827,
    "p_induced": 161.4088225134966,
    "p_profile": 28.174443137838892,
    "p_total": 189.5832656513355,
    "p_ideal": 156.99490011205924,
    "power_loading": 0.19642309312814055,
    "figure_of_merit": 0.5181592372951396,
    "STALL_MAIN_HIGH": 0.0,
    "STALL_MAIN_LOW": 0.0,
    "STALL_SMALL_HIGH": 0.0,
    "STALL_SMALL_LOW": 0.0,
    "disk_loading": 17.04933650232624,
    "efficiency_small": 0.6341668230254616,
    "RPM_main": 305.78125,
    "RPM_small": 11781.25
}