{
    "thrust": 59.9595853033178,
    "torque": 1.238492352260927,
    "p_induced": 345.40258332701177,
    "p_profile": 106.84685541753211,
    "p_total": 452.2494387445439,
    "p_ideal": 692.854543676686,
    "power_loading": 0.13258078433390025,
    "figure_of_merit": 1.5320185816041432,
    "STALL_HIGH": 0.0,
    "STALL_LOW": 0.0,
    "main_RPM": 3522.4609375,
    "disk_loading": 81.78487435372548
}