{
    "thrust_main": 68.03010155883656,
    "torque_main": 5.963672097665285,
    "thrust_small": 2.573172332125611,
    "torque_small": 0.15816042968136318,
    "moment_created": 2.573172332125611,
    "power_required": 182.1877361244477,
    "p_induced": 200.87533436806015,
    "p_profile": 38.82078993727403,
    "p_total": 239.6961243053342,
    "p_ideal": 202.25240773438506,
    "power_loading": 0.3734065914972837,
    "figure_of_merit": 1.1101318455169327,
    "STALL_MAIN_HIGH": 0.0,
    "STALL_MAIN_LOW": 0.0,
    "STALL_SMALL_HIGH": 0.0,
    "STALL_SMALL_LOW": 0.0,
    "disk_loading": 21.654653884264988,
    "efficiency_small": 0.5768235177125126,
    "RPM_main": null,
    "RPM_small": null
}