{
    "thrust_main": 40.07773752805305,
    "torque_main": 3.664587937214696,
    "thrust_small": 3.35877530681029,
    "torque_small": 0.21653160409358221,
    "moment_created": 3.540460039417124,
    "power_required": 174.3151122769849,
    "p_induced": 85.25607033424626,
    "p_profile": 21.29052077916368,
    "p_total": 106.54659111340993,
    "p_ideal": 86.75970592167006,
    "power_loading": 0.22991545027014032,
    "figure_of_merit": 0.49771763783629835,
    "STALL_MAIN_HIGH": 0.0,
    "STALL_MAIN_LOW": 0.0,
    "STALL_SMALL_HIGH": 0.0,
    "STALL_SMALL_LOW": 0.0,
    "disk_loading": 11.481426063952567,
    "efficiency_small": 0.6015224986515617,
    "RPM_main": 283.90625,
    "RPM_small": 7718.75
}