{
    "thrust_main": 68.01649938392684,
    "torque_main": 5.963791868646595,
    "thrust_small": 2.6637484020586153,
    "torque_small": 0.1614772647233,
    "moment_created": 2.6637484020586153,
    "power_required": 186.00845581145242,
    "p_induced": 200.9355445720551,
    "p_profile": 38.82185026340255,
    "p_total": 239.75739483545766,
    "p_ideal": 202.1917521927158,
    "power_loading": 0.3656634806584912,
    "figure_of_merit": 1.0870030145170797,
    "STALL_MAIN_HIGH": 0.0,
    "STALL_MAIN_LOW": 0.0,
    "STALL_SMALL_HIGH": 0.0,
    "STALL_SMALL_LOW": 0.0,
    "disk_loading": 21.65032417751762,
    "efficiency_small": 0.5848624508353665,
    "RPM_main": null,
    "RPM_small": null
}