{
    "thrust_main": 67.96960292619433,
    "torque_main": 5.951270508611726,
    "thrust_small": 1.5304941234595666,
    "torque_small": 0.11914153963025648,
    "moment_created": 1.5304941234595666,
    "power_required": 137.2412014013094,
    "p_induced": 200.23045739892603,
    "p_profile": 38.836963756907295,
    "p_total": 239.06742115583333,
    "p_ideal": 201.982675518286,
    "power_loading": 0.4952565427305115,
    "figure_of_merit": 1.4717349706642753,
    "STALL_MAIN_HIGH": 0.0,
    "STALL_MAIN_LOW": 0.0,
    "STALL_SMALL_HIGH": 0.0,
    "STALL_SMALL_LOW": 0.0,
    "disk_loading": 21.635396571394363,
    "efficiency_small": 0.45544965791538283,
    "RPM_main": null,
    "RPM_small": null
}