{
    "thrust": 60.004228426433386,
    "torque": 4.864856142353593,
    "p_induced": 159.7100895430782,
    "p_profile": 35.43508241419477,
    "p_total": 195.14517195727296,
    "p_ideal": 167.53857027679862,
    "power_loading": 0.3074850780298644,
    "figure_of_merit": 0.8585330018489066,
    "STALL_HIGH": 0.0,
    "STALL_LOW": 0.0,
    "main_RPM": 431.201171875,
    "disk_loading": 19.099939120964187
}