{
    "thrust": 3.1699736484430883,
    "torque": 0.11203373707976748,
    "p_induced": -81.9093310465044,
    "p_profile": 78.01067838568994,
    "p_total": -3.898652660814463,
    "p_ideal": 4.708283742207408,
    "power_loading": -0.8130946571118374,
    "figure_of_merit": -1.2076694570743849,
    "STALL_HIGH": 0.14285714285714285,
    "STALL_LOW": 0.14285714285714285,
    "main_RPM": 5000.0,
    "disk_loading": 5.404805070595466
}