{
    "thrust": 3.364886955105683,
    "torque": 0.08820891795003338,
    "p_induced": -119.94495215162755,
    "p_profile": 84.91415727203288,
    "p_total": -35.030794879594666,
    "p_ideal": 11.281204861873455,
    "power_loading": -0.09605511284203601,
    "figure_of_merit": -0.3220367936453741,
    "STALL_HIGH": 0.16326530612244897,
    "STALL_LOW": 0.10204081632653061,
    "main_RPM": 5984.375,
    "disk_loading": 6.884558710146227
}