{
    "thrust": 60.09731515820815,
    "torque": 1.2399229003091288,
    "p_induced": 336.4579865454558,
    "p_profile": 234.97316873882204,
    "p_total": 571.4311552842778,
    "p_ideal": 746.3492640603567,
    "power_loading": 0.10516982597546803,
    "figure_of_merit": 1.3061053062272392,
    "STALL_HIGH": 0.0,
    "STALL_LOW": 0.0,
    "main_RPM": 4881.8359375,
    "disk_loading": 94.46701011338584
}