{
    "thrust_main": 59.98874023349413,
    "torque_main": 6.377388751406654,
    "thrust_small": 3.6013636011528565,
    "torque_small": 0.30905621007488887,
    "moment_created": 3.796170554023074,
    "power_required": 226.55003446085448,
    "p_induced": 149.22185655848367,
    "p_profile": 23.11276983163436,
    "p_total": 172.33462639011802,
    "p_ideal": 158.8795089702692,
    "power_loading": 0.2647924568903986,
    "figure_of_merit": 0.7012998667087907,
    "STALL_MAIN_HIGH": 0.0,
    "STALL_MAIN_LOW": 0.0,
    "STALL_SMALL_HIGH": 1.0,
    "STALL_SMALL_LOW": 0.0,
    "disk_loading": 17.18550816842926,
    "efficiency_small": 0.458423107377786
}