{
    "thrust_main": 68.01716980326253,
    "torque_main": 5.966911894298704,
    "thrust_small": 2.5642705860109545,
    "torque_small": 0.15826665153379196,
    "moment_created": 2.5642705860109545,
    "power_required": 182.31009491456945,
    "p_induced": 201.03154889449115,
    "p_profile": 38.81624817342276,
    "p_total": 239.84779706791392,
    "p_ideal": 202.19474162018065,
    "power_loading": 0.3730850441119862,
    "figure_of_merit": 1.1090704643367617,
    "STALL_MAIN_HIGH": 0.0,
    "STALL_MAIN_LOW": 0.0,
    "STALL_SMALL_HIGH": 0.0,
    "STALL_SMALL_LOW": 0.0,
    "disk_loading": 21.65053757862006,
    "efficiency_small": 0.5744422287854346,
    "RPM_main": null,
    "RPM_small": null
}