{
    "thrust_main": 68.01692071425761,
    "torque_main": 5.96532001574988,
    "thrust_small": 2.490384622765371,
    "torque_small": 0.15556892868321237,
    "moment_created": 2.490384622765371,
    "power_required": 179.2025412753408,
    "p_induced": 200.94609169933454,
    "p_profile": 38.818574826317246,
    "p_total": 239.7646665256518,
    "p_ideal": 202.1936309203156,
    "power_loading": 0.37955332681220794,
    "figure_of_merit": 1.1282966719185612,
    "STALL_MAIN_HIGH": 0.0,
    "STALL_MAIN_LOW": 0.0,
    "STALL_SMALL_HIGH": 0.0,
    "STALL_SMALL_LOW": 0.0,
    "disk_loading": 21.650458291127254,
    "efficiency_small": 0.5675648444358301,
    "RPM_main": null,
    "RPM_small": null
}