{
    "thrust_main": 59.95223261374562,
    "torque_main": 6.056627620111117,
    "thrust_small": 5.16408074492035,
    "torque_small": 0.48117497514543467,
    "moment_created": 5.16408074492035,
    "power_required": 327.52541618522474,
    "p_induced": 157.5945984218788,
    "p_profile": 24.15786139433583,
    "p_total": 181.75245981621464,
    "p_ideal": 167.32085020332363,
    "power_loading": 0.1830460466611268,
    "figure_of_merit": 0.5108637129666268,
    "STALL_MAIN_HIGH": 0.0,
    "STALL_MAIN_LOW": 0.0,
    "STALL_SMALL_HIGH": 1.0,
    "STALL_SMALL_LOW": 0.0,
    "disk_loading": 19.08338833974551,
    "efficiency_small": 0.47895158477028354
}