{
    "thrust_main": 59.96404923450368,
    "torque_main": 6.0903320878363765,
    "thrust_small": 5.2242806112643265,
    "torque_small": 0.46910945768846524,
    "moment_created": 5.506875289150661,
    "power_required": 319.3126789675637,
    "p_induced": 148.49276473811636,
    "p_profile": 24.57160524482589,
    "p_total": 173.06436998294225,
    "p_ideal": 158.7814283114778,
    "power_loading": 0.18779100607087051,
    "figure_of_merit": 0.49726001743766357,
    "STALL_MAIN_HIGH": 0.0,
    "STALL_MAIN_LOW": 0.0,
    "STALL_SMALL_HIGH": 1.0,
    "STALL_SMALL_LOW": 0.0,
    "disk_loading": 17.178434718258686,
    "efficiency_small": 0.49657939589540956
}