{
    "thrust_main": 67.95922473554437,
    "torque_main": 5.950952210793414,
    "thrust_small": 1.4669546594850331,
    "torque_small": 0.11693288954987581,
    "moment_created": 1.4669546594850331,
    "power_required": 134.69701915012115,
    "p_induced": 200.21143382185306,
    "p_profile": 38.83784920943536,
    "p_total": 239.04928303128844,
    "p_ideal": 201.93641657446787,
    "power_loading": 0.5045339916528008,
    "figure_of_merit": 1.4991899438354144,
    "STALL_MAIN_HIGH": 0.0,
    "STALL_MAIN_LOW": 0.0,
    "STALL_SMALL_HIGH": 0.0,
    "STALL_SMALL_LOW": 0.0,
    "disk_loading": 21.63209309070978,
    "efficiency_small": 0.4447868418772419,
    "RPM_main": null,
    "RPM_small": null
}