{
    "thrust_main": 67.94294285363635,
    "torque_main": 5.955513421878888,
    "thrust_small": 1.6440059693824667,
    "torque_small": 0.12345653055112926,
    "moment_created": 1.6440059693824667,
    "power_required": 142.2117141196622,
    "p_induced": 200.4358463006022,
    "p_profile": 38.833061107365985,
    "p_total": 239.2689074079682,
    "p_ideal": 201.863850091531,
    "power_loading": 0.47775911621785705,
    "figure_of_merit": 1.4194600729000095,
    "STALL_MAIN_HIGH": 0.0,
    "STALL_MAIN_LOW": 0.0,
    "STALL_SMALL_HIGH": 0.0,
    "STALL_SMALL_LOW": 0.0,
    "disk_loading": 21.626910406732783,
    "efficiency_small": 0.47212961605846704,
    "RPM_main": null,
    "RPM_small": null
}