{
    "thrust": 59.946916181706506,
    "torque": 1.2893060028651564,
    "p_induced": 352.46156033493025,
    "p_profile": 104.19944597535778,
    "p_total": 456.66100631028803,
    "p_ideal": 692.6349609010362,
    "power_loading": 0.13127224648774655,
    "figure_of_merit": 1.5167376923581923,
    "STALL_HIGH": 0.0,
    "STALL_LOW": 0.0,
    "main_RPM": 3416.9921875,
    "disk_loading": 81.76759367184768
}