{
    "thrust_main": 60.05358005179531,
    "torque_main": 6.081620108305357,
    "thrust_small": 3.614555205765914,
    "torque_small": 0.3296510246446818,
    "moment_created": 3.810075726212956,
    "power_required": 241.6468220302449,
    "p_induced": 148.29196256465468,
    "p_profile": 24.660774369957043,
    "p_total": 172.95273693461172,
    "p_ideal": 159.1371698658202,
    "power_loading": 0.24851797986517243,
    "figure_of_merit": 0.6585527114687333,
    "STALL_MAIN_HIGH": 0.0,
    "STALL_MAIN_LOW": 0.0,
    "STALL_SMALL_HIGH": 1.0,
    "STALL_SMALL_LOW": 0.0,
    "disk_loading": 17.204083408094522,
    "efficiency_small": 0.4545765911536461
}