{
    "thrust_main": 59.66677138312287,
    "torque_main": 5.318761348884028,
    "thrust_small": 5.042722020755658,
    "torque_small": 0.23523163787708212,
    "moment_created": 5.042722020755658,
    "power_required": 238.63605780053553,
    "p_induced": 167.8472059998814,
    "p_profile": 33.307874955625,
    "p_total": 201.1550809555064,
    "p_ideal": 166.12723207993753,
    "power_loading": 0.2500325052846602,
    "figure_of_merit": 0.6961531028089449,
    "STALL_MAIN_HIGH": 0.0,
    "STALL_MAIN_LOW": 0.0,
    "STALL_SMALL_HIGH": 0.0,
    "STALL_SMALL_LOW": 0.0,
    "disk_loading": 18.9925232079161,
    "efficiency_small": 0.8102938791713657,
    "RPM_main": null,
    "RPM_small": null
}