{
    "thrust": 59.99717603067024,
    "torque": 4.728926130020846,
    "p_induced": 160.38684700852872,
    "p_profile": 35.14992129086149,
    "p_total": 195.53676829939022,
    "p_ideal": 167.50903451866557,
    "power_loading": 0.3068332189003317,
    "figure_of_merit": 0.8566625907521862,
    "STALL_HIGH": 0.0,
    "STALL_LOW": 0.0,
    "main_RPM": 422.802734375,
    "disk_loading": 19.097694273671497
}