{
    "thrust": 59.84633837225877,
    "torque": 1.4002867949378224,
    "p_induced": 367.1030358640616,
    "p_profile": 221.42119990164744,
    "p_total": 588.524235765709,
    "p_ideal": 741.6788232186273,
    "power_loading": 0.10168882560018062,
    "figure_of_merit": 1.2602349710435525,
    "STALL_HIGH": 0.0,
    "STALL_LOW": 0.0,
    "main_RPM": 4700.1953125,
    "disk_loading": 94.07249953476698
}