{
    "thrust": 59.955961388703386,
    "torque": 1.983646238515204,
    "p_induced": 266.2105918073679,
    "p_profile": 407.54161752959783,
    "p_total": 673.7522093369657,
    "p_ideal": 608.4962197032838,
    "power_loading": 0.08898814810226088,
    "figure_of_merit": 0.9031454164760367,
    "STALL_HIGH": 0.0,
    "STALL_LOW": 0.0,
    "main_RPM": 3881.8359375,
    "disk_loading": 63.089504944389816
}