{
    "thrust_main": 68.83724104365494,
    "torque_main": 5.948927228998585,
    "thrust_small": 3.1264654696469396,
    "torque_small": 0.17837084553389657,
    "moment_created": 3.1264654696469396,
    "power_required": 214.80793954524006,
    "p_induced": 200.49852358022272,
    "p_profile": 38.766905393661034,
    "p_total": 239.26542897388376,
    "p_ideal": 205.86248223283914,
    "power_loading": 0.32045948203491487,
    "figure_of_merit": 0.9583560210514614,
    "STALL_MAIN_HIGH": 0.0,
    "STALL_MAIN_LOW": 0.0,
    "STALL_SMALL_HIGH": 0.0,
    "STALL_SMALL_LOW": 0.0,
    "disk_loading": 21.91157436181197,
    "efficiency_small": 0.5944242686525192,
    "RPM_main": null,
    "RPM_small": null
}