{
    "thrust": 3.5114548023619823,
    "torque": 0.15000929532451238,
    "p_induced": -42.72361264994092,
    "p_profile": 63.194219942350024,
    "p_total": 20.470607292409106,
    "p_ideal": 4.90969786482578,
    "power_loading": 0.17153642548084527,
    "figure_of_merit": 0.23984133908163977,
    "STALL_HIGH": 0.12244897959183673,
    "STALL_LOW": 0.10204081632653061,
    "main_RPM": 4000,
    "disk_loading": 4.789624350421744
}