{
    "thrust": 59.9361569401252,
    "torque": 1.0590942205136589,
    "p_induced": 435.7877368044694,
    "p_profile": 128.33875494235753,
    "p_total": 564.1264917468269,
    "p_ideal": 424.0363736939279,
    "power_loading": 0.10624595337569047,
    "figure_of_merit": 0.7516689605923174,
    "STALL_HIGH": 0.0,
    "STALL_LOW": 0.0,
    "main_RPM": 5138.671875,
    "disk_loading": 122.62937709949617
}