{
    "thrust_main": 68.01878258498022,
    "torque_main": 5.963899219163794,
    "thrust_small": 2.4326795252724853,
    "torque_small": 0.15341803604559187,
    "moment_created": 2.4326795252724853,
    "power_required": 176.72489082203657,
    "p_induced": 200.8726224491632,
    "p_profile": 38.82043821124166,
    "p_total": 239.69306066040485,
    "p_ideal": 202.20193314071906,
    "power_loading": 0.38488513003793956,
    "figure_of_merit": 1.1441621618787026,
    "STALL_MAIN_HIGH": 0.0,
    "STALL_MAIN_LOW": 0.0,
    "STALL_SMALL_HIGH": 0.0,
    "STALL_SMALL_LOW": 0.0,
    "disk_loading": 21.651050942985055,
    "efficiency_small": 0.562186487509751,
    "RPM_main": null,
    "RPM_small": null
}