{
    "thrust": 59.99509052974439,
    "torque": 1.0780224068396786,
    "p_induced": 395.0414412241703,
    "p_profile": 140.71974907551683,
    "p_total": 535.7611902996871,
    "p_ideal": 775.3230841099606,
    "power_loading": 0.11198103113102523,
    "figure_of_merit": 1.4471430520681623,
    "STALL_HIGH": 0.0,
    "STALL_LOW": 0.0,
    "main_RPM": 4800.78125,
    "disk_loading": 102.29162935321419
}