{
    "thrust": 60.04907823219084,
    "torque": 0.9841168449099796,
    "p_induced": 432.7771247658635,
    "p_profile": 154.20005265285175,
    "p_total": 586.9771774187152,
    "p_ideal": 425.235281423041,
    "power_loading": 0.10230223685401542,
    "figure_of_merit": 0.7244494296917152,
    "STALL_HIGH": 0.0,
    "STALL_LOW": 0.0,
    "main_RPM": 5759.765625,
    "disk_loading": 122.86041406306246
}