{
    "thrust": 59.95958530331777,
    "torque": 1.238492352260927,
    "p_induced": 345.4025833270118,
    "p_profile": 106.84685541753211,
    "p_total": 452.2494387445439,
    "p_ideal": 346.4272718383427,
    "power_loading": 0.13258078433390016,
    "figure_of_merit": 0.7660092908020709,
    "STALL_HIGH": 0.0,
    "STALL_LOW": 0.0,
    "main_RPM": 3522.4609375,
    "disk_loading": 81.78487435372544
}