{
    "thrust_main": 60.046066350854915,
    "torque_main": 5.770704150865842,
    "thrust_small": 5.02620749850488,
    "torque_small": 0.44565204832846667,
    "moment_created": 5.02620749850488,
    "power_required": 326.6800135868482,
    "p_induced": 156.69644606149254,
    "p_profile": 25.834950919656137,
    "p_total": 182.53139698114867,
    "p_ideal": 167.7138251193243,
    "power_loading": 0.183806978858508,
    "figure_of_merit": 0.5133886927390414,
    "STALL_MAIN_HIGH": 0.0,
    "STALL_MAIN_LOW": 0.0,
    "STALL_SMALL_HIGH": 1.0,
    "STALL_SMALL_LOW": 0.0,
    "disk_loading": 19.113256545924973,
    "efficiency_small": 0.4934266068884183
}