{
    "thrust_main": 67.97427611364184,
    "torque_main": 5.951936150922127,
    "thrust_small": 1.5925955148632545,
    "torque_small": 0.12131205511233115,
    "moment_created": 1.5925955148632545,
    "power_required": 139.74145574873955,
    "p_induced": 200.2649515250257,
    "p_profile": 38.83600085506802,
    "p_total": 239.10095238009373,
    "p_ideal": 202.00350657556714,
    "power_loading": 0.48642885355267923,
    "figure_of_merit": 1.4455517547976395,
    "STALL_MAIN_HIGH": 0.0,
    "STALL_MAIN_LOW": 0.0,
    "STALL_SMALL_HIGH": 0.0,
    "STALL_SMALL_LOW": 0.0,
    "disk_loading": 21.636884093158894,
    "efficiency_small": 0.4654504453010891,
    "RPM_main": null,
    "RPM_small": null
}