{
    "thrust": 59.94210945614795,
    "torque": 1.1081377350610564,
    "p_induced": 386.39073232694597,
    "p_profile": 119.48850803906902,
    "p_total": 505.879240366015,
    "p_ideal": 387.1481453056422,
    "power_loading": 0.11849094541372857,
    "figure_of_merit": 0.7652975540675119,
    "STALL_HIGH": 0.0,
    "STALL_LOW": 0.0,
    "main_RPM": 4404.296875,
    "disk_loading": 102.20129662273227
}