{
    "thrust_main": 68.03993343687111,
    "torque_main": 5.965205991910199,
    "thrust_small": 2.65040496561169,
    "torque_small": 0.16098168946104785,
    "moment_created": 2.65040496561169,
    "power_required": 185.43759409028175,
    "p_induced": 200.990836206811,
    "p_profile": 38.81922876137065,
    "p_total": 239.81006496818165,
    "p_ideal": 202.29625434355285,
    "power_loading": 0.36691553172192976,
    "figure_of_merit": 1.0909128504172856,
    "STALL_MAIN_HIGH": 0.0,
    "STALL_MAIN_LOW": 0.0,
    "STALL_SMALL_HIGH": 0.0,
    "STALL_SMALL_LOW": 0.0,
    "disk_loading": 21.65778346824314,
    "efficiency_small": 0.5837241716174857,
    "RPM_main": null,
    "RPM_small": null
}