{
    "thrust": 60.04264807141524,
    "torque": 1.1126462022793486,
    "p_induced": 388.8727758560148,
    "p_profile": 119.97073565990786,
    "p_total": 508.84351151592267,
    "p_ideal": 776.2451537085615,
    "power_loading": 0.11799825823176759,
    "figure_of_merit": 1.5255086016445574,
    "STALL_HIGH": 0.0,
    "STALL_LOW": 0.0,
    "main_RPM": 4408.203125,
    "disk_loading": 102.37271496176301
}