{
    "thrust": 59.95086528263512,
    "torque": 1.1579928116825826,
    "p_induced": 396.6405844694622,
    "p_profile": 116.95370915148162,
    "p_total": 513.5942936209439,
    "p_ideal": 774.4659505949483,
    "power_loading": 0.11672805953502592,
    "figure_of_merit": 1.5079333244433195,
    "STALL_HIGH": 0.0,
    "STALL_LOW": 0.0,
    "main_RPM": 4279.296875,
    "disk_loading": 102.2162253068929
}