{
    "thrust": 59.991138954549704,
    "torque": 5.934750698202212,
    "p_induced": 158.82098216176703,
    "p_profile": 29.095384962666984,
    "p_total": 187.91636712443403,
    "p_ideal": 158.88903854444558,
    "power_loading": 0.3192438203896572,
    "figure_of_merit": 0.8455305994673301,
    "STALL_HIGH": 0.0,
    "STALL_LOW": 0.0,
    "main_RPM": 307.763671875,
    "disk_loading": 17.186195351392826
}