{
    "thrust_main": 59.94501867144505,
    "torque_main": 5.831803348233896,
    "thrust_small": 5.254509894813781,
    "torque_small": 0.46084554646897813,
    "moment_created": 5.254509894813781,
    "power_required": 337.81742941965,
    "p_induced": 157.61994322050998,
    "p_profile": 25.676028153377747,
    "p_total": 183.29597137388774,
    "p_ideal": 167.29065099483591,
    "power_loading": 0.17744797470760162,
    "figure_of_merit": 0.4952102420595384,
    "STALL_MAIN_HIGH": 0.0,
    "STALL_MAIN_LOW": 0.0,
    "STALL_SMALL_HIGH": 1.0,
    "STALL_SMALL_LOW": 0.0,
    "disk_loading": 19.08109207059288,
    "efficiency_small": 0.49539681871481267
}