{
    "thrust_main": 68.82100881613846,
    "torque_main": 5.948367460392821,
    "thrust_small": 3.103725146581624,
    "torque_small": 0.17763334895677052,
    "moment_created": 3.103725146581624,
    "power_required": 213.91978924422008,
    "p_induced": 200.46559373780278,
    "p_profile": 38.76835540176802,
    "p_total": 239.2339491395708,
    "p_ideal": 205.7896711440084,
    "power_loading": 0.321714082924649,
    "figure_of_merit": 0.9619945488496625,
    "STALL_MAIN_HIGH": 0.0,
    "STALL_MAIN_LOW": 0.0,
    "STALL_SMALL_HIGH": 0.0,
    "STALL_SMALL_LOW": 0.0,
    "disk_loading": 21.906407483318688,
    "efficiency_small": 0.5925507032252696,
    "RPM_main": null,
    "RPM_small": null
}