{
    "thrust": 60.03956400210204,
    "torque": 1.0776830970558589,
    "p_induced": 394.84909167623607,
    "p_profile": 140.72229818418543,
    "p_total": 535.5713898604215,
    "p_ideal": 388.0926735706185,
    "power_loading": 0.11210375523933291,
    "figure_of_merit": 0.7246329451462329,
    "STALL_HIGH": 0.0,
    "STALL_LOW": 0.0,
    "main_RPM": 4798.828125,
    "disk_loading": 102.36745662358399
}