{
    "thrust": 59.99869986232747,
    "torque": 0.9416083707020757,
    "p_induced": 420.2845200774077,
    "p_profile": 160.06201557293465,
    "p_total": 580.3465356503424,
    "p_ideal": 424.700264888169,
    "power_loading": 0.10338426470503921,
    "figure_of_merit": 0.7318046008704876,
    "STALL_HIGH": 0.0,
    "STALL_LOW": 0.0,
    "main_RPM": 5945.3125,
    "disk_loading": 122.75733991832202
}