{
    "thrust_main": 72.07799752814384,
    "torque_main": 5.92052470100124,
    "thrust_small": 3.5779087316914753,
    "torque_small": 0.19381690476166002,
    "moment_created": 3.5779087316914753,
    "power_required": 233.40927625404143,
    "p_induced": 200.4327006389,
    "p_profile": 38.55392922023333,
    "p_total": 238.98662985913333,
    "p_ideal": 220.5698207830104,
    "power_loading": 0.3088051969695263,
    "figure_of_merit": 0.9449916658108454,
    "STALL_MAIN_HIGH": 0.0,
    "STALL_MAIN_LOW": 0.0,
    "STALL_SMALL_HIGH": 0.0,
    "STALL_SMALL_LOW": 0.0,
    "disk_loading": 22.94313918953901,
    "efficiency_small": 0.6260432985879811,
    "RPM_main": null,
    "RPM_small": null
}