{
    "thrust_main": 69.52239959446081,
    "torque_main": 5.994518485827805,
    "thrust_small": 3.541639468886062,
    "torque_small": 0.19258040252591588,
    "moment_created": 3.541639468886062,
    "power_required": 231.92018482372242,
    "p_induced": 203.06876478656275,
    "p_profile": 38.67907067224611,
    "p_total": 241.74783545880888,
    "p_ideal": 208.9436378523802,
    "power_loading": 0.2997686451798204,
    "figure_of_merit": 0.9009290761439923,
    "STALL_MAIN_HIGH": 0.0,
    "STALL_MAIN_LOW": 0.0,
    "STALL_SMALL_HIGH": 0.0,
    "STALL_SMALL_LOW": 0.0,
    "disk_loading": 22.129667102136835,
    "efficiency_small": 0.623675990481402,
    "RPM_main": null,
    "RPM_small": null
}