{
    "thrust": 0.7699249929887398,
    "torque": 0.04943067358166678,
    "p_induced": 32.40947325779471,
    "p_profile": 11.341529946154077,
    "p_total": 43.751003203948784,
    "p_ideal": 3.246783907160969,
    "power_loading": 0.017597882027977123,
    "figure_of_merit": 0.07421050191754067,
    "STALL_HIGH": 0.0,
    "STALL_LOW": 0.034482758620689655,
    "main_RPM": null,
    "disk_loading": 43.56884211347584
}