{
    "thrust_main": 67.93429018637691,
    "torque_main": 5.952522795960937,
    "thrust_small": 1.4673479997080932,
    "torque_small": 0.11714574681619278,
    "moment_created": 1.4673479997080932,
    "power_required": 134.94221311896692,
    "p_induced": 200.28118026152447,
    "p_profile": 38.83734290690767,
    "p_total": 239.11852316843215,
    "p_ideal": 201.82528968241763,
    "power_loading": 0.5034324590962882,
    "figure_of_merit": 1.4956423569582757,
    "STALL_MAIN_HIGH": 0.0,
    "STALL_MAIN_LOW": 0.0,
    "STALL_SMALL_HIGH": 0.0,
    "STALL_SMALL_LOW": 0.0,
    "disk_loading": 21.624156177202245,
    "efficiency_small": 0.4440976968196355,
    "RPM_main": null,
    "RPM_small": null
}