{
    "thrust_main": 60.065478145619636,
    "torque_main": 4.988278661012927,
    "thrust_small": 5.142720203227911,
    "torque_small": 0.2905213384965537,
    "moment_created": 4.903391320735302,
    "power_required": 330.8536422404215,
    "p_induced": 175.87798705836965,
    "p_profile": 36.153584660295344,
    "p_total": 212.031571718665,
    "p_ideal": 175.9850483928862,
    "power_loading": 0.18154697569256875,
    "figure_of_merit": 0.5319120781055301,
    "STALL_MAIN_HIGH": 0.0,
    "STALL_MAIN_LOW": 0.0,
    "STALL_SMALL_HIGH": 0.0,
    "STALL_SMALL_LOW": 0.0,
    "disk_loading": 21.03137906331787,
    "efficiency_small": 0.6399538677836307,
    "RPM_main": 412.34375,
    "RPM_small": 10937.5
}