{
    "thrust": 71.36230087870496,
    "torque": 6.224168743645427,
    "p_induced": 214.84027766942523,
    "p_profile": 41.324295960554075,
    "p_total": 256.1645736299793,
    "p_ideal": 217.29277577420137,
    "power_loading": 0.27857989833436253,
    "figure_of_merit": 0.8482545915504816,
    "STALL_HIGH": 0.0,
    "STALL_LOW": 0.0,
    "main_RPM": null,
    "disk_loading": 22.715325870514
}