{
    "thrust_main": 60.48227363157743,
    "torque_main": 4.827741040176289,
    "thrust_small": 5.074031056842967,
    "torque_small": 0.26244391021968555,
    "moment_created": 5.074031056842967,
    "power_required": 245.62986672207913,
    "p_induced": 151.99427183243705,
    "p_profile": 33.62616718371896,
    "p_total": 185.620439016156,
    "p_ideal": 169.54468683460956,
    "power_loading": 0.2462333853725159,
    "figure_of_merit": 0.6902445907624212,
    "STALL_MAIN_HIGH": 0.0,
    "STALL_MAIN_LOW": 0.0,
    "STALL_SMALL_HIGH": 0.0,
    "STALL_SMALL_LOW": 0.0,
    "disk_loading": 19.252105635804295,
    "efficiency_small": 0.8105312641015323,
    "RPM_main": 373.59375,
    "RPM_small": 8906.25
}