{
    "thrust": 4.789657043280238,
    "torque": 0.1285077044807957,
    "p_induced": -79.12596658170033,
    "p_profile": 69.77890160012211,
    "p_total": -9.347064981578214,
    "p_ideal": 7.821332864009522,
    "power_loading": -0.5124236380853238,
    "figure_of_merit": -0.8367688551886928,
    "STALL_HIGH": 0.08163265306122448,
    "STALL_LOW": 0.04081632653061224,
    "main_RPM": 4000,
    "disk_loading": 6.533092207034245
}