{
    "thrust": 59.8983147749192,
    "torque": 1.1582075753108183,
    "p_induced": 396.7461661627732,
    "p_profile": 116.95165775450243,
    "p_total": 513.6978239172756,
    "p_ideal": 773.4478754078466,
    "power_loading": 0.1166022357621765,
    "figure_of_merit": 1.5056475604856765,
    "STALL_HIGH": 0.0,
    "STALL_LOW": 0.0,
    "main_RPM": 4279.296875,
    "disk_loading": 102.12662669123725
}