{
    "thrust": 60.001372665827134,
    "torque": 1.1508674289480982,
    "p_induced": 342.0282701371485,
    "p_profile": 130.50880839111514,
    "p_total": 472.5370785282637,
    "p_ideal": 346.7894859159017,
    "power_loading": 0.12697706781593499,
    "figure_of_merit": 0.7338884114575557,
    "STALL_HIGH": 0.0,
    "STALL_LOW": 0.0,
    "main_RPM": 3960.9375,
    "disk_loading": 81.84187231618822
}