{
    "thrust_main": 79.21540888552684,
    "torque_main": 5.9057926783858266,
    "thrust_small": 3.6565569790839225,
    "torque_small": 0.19652677650063363,
    "moment_created": 3.6565569790839225,
    "power_required": 236.6727129605192,
    "p_induced": 202.22921530736377,
    "p_profile": 38.03140723628397,
    "p_total": 240.26062254364774,
    "p_ideal": 254.13034370689257,
    "power_loading": 0.3347044443553628,
    "figure_of_merit": 1.0737627524863231,
    "STALL_MAIN_HIGH": 0.0,
    "STALL_MAIN_LOW": 0.0,
    "STALL_SMALL_HIGH": 0.0,
    "STALL_SMALL_LOW": 0.0,
    "disk_loading": 25.21504778635449,
    "efficiency_small": 0.6309825969796624,
    "RPM_main": null,
    "RPM_small": null
}