{
    "thrust_main": 68.02972148692218,
    "torque_main": 5.9700655337494535,
    "thrust_small": 2.7051788180449674,
    "torque_small": 0.16322346329939177,
    "moment_created": 2.7051788180449674,
    "power_required": 188.01993217151812,
    "p_induced": 201.25324227450292,
    "p_profile": 38.81032682998803,
    "p_total": 240.06356910449097,
    "p_ideal": 202.25071281513604,
    "power_loading": 0.36182185952956936,
    "figure_of_merit": 1.0756876171545267,
    "STALL_MAIN_HIGH": 0.0,
    "STALL_MAIN_LOW": 0.0,
    "STALL_SMALL_HIGH": 0.0,
    "STALL_SMALL_LOW": 0.0,
    "disk_loading": 21.65453290361718,
    "efficiency_small": 0.5876047685076082,
    "RPM_main": null,
    "RPM_small": null
}