{
    "thrust": 60.00818152951919,
    "torque": 5.379212566467256,
    "p_induced": 176.12780563038257,
    "p_profile": 32.22909115705529,
    "p_total": 208.35689678743785,
    "p_ideal": 175.73329955845455,
    "power_loading": 0.28800669646533716,
    "figure_of_merit": 0.8434244427134786,
    "STALL_HIGH": 0.0,
    "STALL_LOW": 0.0,
    "main_RPM": 376.46484375,
    "disk_loading": 21.011317176033256
}