{
    "thrust": 60.000344795000295,
    "torque": 4.549389743578501,
    "p_induced": 177.9536712380101,
    "p_profile": 33.38556708045592,
    "p_total": 211.33923831846602,
    "p_ideal": 186.13589470535294,
    "power_loading": 0.2839053706845772,
    "figure_of_merit": 0.8807446084615187,
    "STALL_HIGH": 0.0,
    "STALL_LOW": 0.0,
    "main_RPM": 486.42578125,
    "disk_loading": 23.578645583561407
}