{
    "thrust_main": 68.01921065165602,
    "torque_main": 5.968108881232643,
    "thrust_small": 2.620005004228133,
    "torque_small": 0.16026970928431822,
    "moment_created": 2.620005004228133,
    "power_required": 184.61745180295244,
    "p_induced": 201.09974592500242,
    "p_profile": 38.81431177894993,
    "p_total": 239.91405770395235,
    "p_ideal": 202.20384193801564,
    "power_loading": 0.36843326558452827,
    "figure_of_merit": 1.095258546596308,
    "STALL_MAIN_HIGH": 0.0,
    "STALL_MAIN_LOW": 0.0,
    "STALL_SMALL_HIGH": 0.0,
    "STALL_SMALL_LOW": 0.0,
    "disk_loading": 21.651187200839914,
    "efficiency_small": 0.5795922818375782,
    "RPM_main": null,
    "RPM_small": null
}