{
    "thrust": 71.01109950388869,
    "torque": 6.239461687985842,
    "p_induced": 215.4493089999533,
    "p_profile": 41.33536065199893,
    "p_total": 256.78466965195224,
    "p_ideal": 215.69067876845318,
    "power_loading": 0.2765394818940618,
    "figure_of_merit": 0.8399671174326795,
    "STALL_HIGH": 0.0,
    "STALL_LOW": 0.0,
    "main_RPM": null,
    "disk_loading": 22.603535000868643
}