{
    "thrust": 60.051320903858425,
    "torque": 0.9431165274416813,
    "p_induced": 421.3837429077454,
    "p_profile": 160.28626299096317,
    "p_total": 581.6700058987085,
    "p_ideal": 850.518207475271,
    "power_loading": 0.10323950056712347,
    "figure_of_merit": 1.4622005584784776,
    "STALL_HIGH": 0.0,
    "STALL_LOW": 0.0,
    "main_RPM": 5947.265625,
    "disk_loading": 122.86500256929435
}