{
    "thrust": 70.61349837139338,
    "torque": 6.238038612873061,
    "p_induced": 215.36472679000065,
    "p_profile": 41.341294811653064,
    "p_total": 256.70602160165373,
    "p_ideal": 213.8816932188247,
    "power_loading": 0.2750753485672752,
    "figure_of_merit": 0.8331775463791724,
    "STALL_HIGH": 0.0,
    "STALL_LOW": 0.0,
    "main_RPM": null,
    "disk_loading": 22.476974629637514
}