{
    "thrust": 59.998543994098355,
    "torque": 5.299310270722573,
    "p_induced": 164.89010908822752,
    "p_profile": 32.775219439903175,
    "p_total": 197.6653285281307,
    "p_ideal": 167.514763476787,
    "power_loading": 0.30353600421917026,
    "figure_of_merit": 0.8474665978305204,
    "STALL_HIGH": 0.0,
    "STALL_LOW": 0.0,
    "main_RPM": 362.646484375,
    "disk_loading": 19.098129709954605
}