{
    "thrust_main": 47.43204421426135,
    "torque_main": 4.429821333312347,
    "thrust_small": 4.389159878703337,
    "torque_small": 0.1997364778503397,
    "moment_created": 4.626580743776971,
    "power_required": 158.17993505775212,
    "p_induced": 100.91336478937555,
    "p_profile": 20.304175153750315,
    "p_total": 121.21753994312587,
    "p_ideal": 111.70459529193461,
    "power_loading": 0.2998613205710555,
    "figure_of_merit": 0.7061868830022646,
    "STALL_MAIN_HIGH": 0.0,
    "STALL_MAIN_LOW": 0.0,
    "STALL_SMALL_HIGH": 0.0,
    "STALL_SMALL_LOW": 0.0,
    "disk_loading": 13.588279735775458,
    "efficiency_small": 0.8126341759102901,
    "RPM_main": 266.40625,
    "RPM_small": 7531.25
}