{
    "thrust": 60.059714199666345,
    "torque": 1.2379092040657729,
    "p_induced": 345.181519021055,
    "p_profile": 106.85191864552317,
    "p_total": 452.03343766657815,
    "p_ideal": 694.5908060765861,
    "power_loading": 0.13286564487286148,
    "figure_of_merit": 1.5365916505250201,
    "STALL_HIGH": 0.0,
    "STALL_LOW": 0.0,
    "main_RPM": 3520.5078125,
    "disk_loading": 81.92145016834489
}