{
    "thrust_main": 60.2448383659333,
    "torque_main": 4.829487807831951,
    "thrust_small": 5.192488521254521,
    "torque_small": 0.21298681503612477,
    "moment_created": 4.950843550103352,
    "power_required": 331.42241696416784,
    "p_induced": 171.68877630278755,
    "p_profile": 36.70844656744361,
    "p_total": 208.39722287023116,
    "p_ideal": 176.7738942489063,
    "power_loading": 0.18177659470888097,
    "figure_of_merit": 0.5333794131011313,
    "STALL_MAIN_HIGH": 0.0,
    "STALL_MAIN_LOW": 0.0,
    "STALL_SMALL_HIGH": 0.0,
    "STALL_SMALL_LOW": 0.0,
    "disk_loading": 21.094180407763204,
    "efficiency_small": 0.6557927922174257,
    "RPM_main": 418.359375,
    "RPM_small": 14804.6875
}