{
    "thrust": 59.99112839488843,
    "torque": 5.180163337223628,
    "p_induced": 175.40932063961816,
    "p_profile": 34.113842696788815,
    "p_total": 209.52316333640698,
    "p_ideal": 175.65839500489247,
    "power_loading": 0.2863221776513924,
    "figure_of_merit": 0.8383721981271265,
    "STALL_HIGH": 0.0,
    "STALL_LOW": 0.0,
    "main_RPM": 393.26171875,
    "disk_loading": 21.005346176555523
}