{
    "thrust_main": 68.02956859764114,
    "torque_main": 5.962972900548951,
    "thrust_small": 2.534160269909183,
    "torque_small": 0.15675848147533675,
    "moment_created": 2.534160269909183,
    "power_required": 180.57280772336622,
    "p_induced": 200.83508880136577,
    "p_profile": 38.82144552461595,
    "p_total": 239.65653432598174,
    "p_ideal": 202.25003101132978,
    "power_loading": 0.37674315117180335,
    "figure_of_merit": 1.1200469968943088,
    "STALL_MAIN_HIGH": 0.0,
    "STALL_MAIN_LOW": 0.0,
    "STALL_SMALL_HIGH": 0.0,
    "STALL_SMALL_LOW": 0.0,
    "disk_loading": 21.654484237447534,
    "efficiency_small": 0.573158783071873,
    "RPM_main": null,
    "RPM_small": null
}