{
    "thrust_main": 59.59331067353049,
    "torque_main": 5.060987171798691,
    "thrust_small": 5.02413023440668,
    "torque_small": 0.2707003244261883,
    "moment_created": 5.02413023440668,
    "power_required": 315.3678474926633,
    "p_induced": 163.17993886657396,
    "p_profile": 34.52240998927885,
    "p_total": 197.70234885585282,
    "p_ideal": 165.82052701582256,
    "power_loading": 0.1889644462722753,
    "figure_of_merit": 0.525800357690808,
    "STALL_MAIN_HIGH": 0.0,
    "STALL_MAIN_LOW": 0.0,
    "STALL_SMALL_HIGH": 0.0,
    "STALL_SMALL_LOW": 0.0,
    "disk_loading": 18.96913993780677,
    "efficiency_small": 0.6323869732794551,
    "RPM_main": 380.15625,
    "RPM_small": 11187.5
}