{
    "thrust": 70.88122632496703,
    "torque": 6.241154741640436,
    "p_induced": 215.51326352539328,
    "p_profile": 41.336175084542184,
    "p_total": 256.8494386099355,
    "p_ideal": 215.09922991772817,
    "power_loading": 0.2759641084231095,
    "figure_of_merit": 0.837452599008358,
    "STALL_HIGH": 0.0,
    "STALL_LOW": 0.0,
    "main_RPM": null,
    "disk_loading": 22.562195084067763
}