{
    "thrust_main": 67.94949296630097,
    "torque_main": 5.9510013873147996,
    "thrust_small": 1.4354553375831192,
    "torque_small": 0.11586547783798465,
    "moment_created": 1.4354553375831192,
    "power_required": 133.46744912622856,
    "p_induced": 200.21066593437297,
    "p_profile": 38.838309937212685,
    "p_total": 239.04897587158564,
    "p_ideal": 201.89304214826436,
    "power_loading": 0.5091091004671623,
    "figure_of_merit": 1.5126762627891495,
    "STALL_MAIN_HIGH": 0.0,
    "STALL_MAIN_LOW": 0.0,
    "STALL_SMALL_HIGH": 0.0,
    "STALL_SMALL_LOW": 0.0,
    "disk_loading": 21.628995372349546,
    "efficiency_small": 0.4392457310319428,
    "RPM_main": null,
    "RPM_small": null
}