{
    "thrust_main": 191.1258964728939,
    "torque_main": -495.7752153472818,
    "thrust_small": 10.39851596940865,
    "torque_small": 0.4410431077055921,
    "moment_created": 10.960998249655036,
    "power_required": 600.417041070094,
    "p_induced": 35208.514852209475,
    "p_profile": 18.247464941363102,
    "p_total": 35226.76231715084,
    "p_ideal": 903.5300048763456,
    "power_loading": 0.31832190527480625,
    "figure_of_merit": 1.50483737647757,
    "STALL_MAIN_HIGH": 0.12244897959183673,
    "STALL_MAIN_LOW": 0.0,
    "STALL_SMALL_HIGH": 0.2413793103448276,
    "STALL_SMALL_LOW": 0.0,
    "disk_loading": 54.75353611775566,
    "efficiency_small": 0.565751503971178,
    "RPM_main": 294.84375,
    "RPM_small": 13000.0
}