{
    "thrust": 60.0426480714152,
    "torque": 1.1126462022793486,
    "p_induced": 388.87277585601487,
    "p_profile": 119.97073565990786,
    "p_total": 508.8435115159227,
    "p_ideal": 388.12257685428034,
    "power_loading": 0.11799825823176749,
    "figure_of_merit": 0.7627543008222779,
    "STALL_HIGH": 0.0,
    "STALL_LOW": 0.0,
    "main_RPM": 4408.203125,
    "disk_loading": 102.37271496176292
}