{
    "thrust_main": 68.04497583050464,
    "torque_main": 5.965507144864352,
    "thrust_small": 2.646797194293516,
    "torque_small": 0.16084823232058001,
    "moment_created": 2.646797194293516,
    "power_required": 185.2838625005253,
    "p_induced": 201.00298550717613,
    "p_profile": 38.81867475831424,
    "p_total": 239.82166026549038,
    "p_ideal": 202.31874281889748,
    "power_loading": 0.36724717906996207,
    "figure_of_merit": 1.0919393631397547,
    "STALL_MAIN_HIGH": 0.0,
    "STALL_MAIN_LOW": 0.0,
    "STALL_SMALL_HIGH": 0.0,
    "STALL_SMALL_LOW": 0.0,
    "disk_loading": 21.65938851198672,
    "efficiency_small": 0.5834132590715214,
    "RPM_main": null,
    "RPM_small": null
}