{
    "thrust": 6.153316124432768,
    "torque": 0.17402380672719947,
    "p_induced": -107.48591816809042,
    "p_profile": 128.05863060276369,
    "p_total": 20.572712434673264,
    "p_ideal": 25.4667184081082,
    "power_loading": 0.29910086693585264,
    "figure_of_merit": 1.237888221544699,
    "STALL_HIGH": 0.10204081632653061,
    "STALL_LOW": 0.02040816326530612,
    "main_RPM": 5937.5,
    "disk_loading": 10.49140399215787
}