{
    "thrust_main": 68.02245956341763,
    "torque_main": 5.968906262495517,
    "thrust_small": 2.6531931481018596,
    "torque_small": 0.16144655499613497,
    "moment_created": 2.6531931481018596,
    "power_required": 185.97308074525876,
    "p_induced": 201.1488349249043,
    "p_profile": 38.81289177993441,
    "p_total": 239.9617267048387,
    "p_ideal": 202.2183293955723,
    "power_loading": 0.36576508433816335,
    "figure_of_merit": 1.0873526888150329,
    "STALL_MAIN_HIGH": 0.0,
    "STALL_MAIN_LOW": 0.0,
    "STALL_SMALL_HIGH": 0.0,
    "STALL_SMALL_LOW": 0.0,
    "disk_loading": 21.65222136157297,
    "efficiency_small": 0.5826557096329369,
    "RPM_main": null,
    "RPM_small": null
}