{
    "thrust_main": 68.01666489520119,
    "torque_main": 5.965805545603205,
    "thrust_small": 2.5123052022333003,
    "torque_small": 0.15637497367173292,
    "moment_created": 2.5123052022333003,
    "power_required": 180.13103844728747,
    "p_induced": 200.97169609020077,
    "p_profile": 38.817898242170024,
    "p_total": 239.7895943323708,
    "p_ideal": 202.1924902129439,
    "power_loading": 0.37759547428082585,
    "figure_of_merit": 1.1224744605695058,
    "STALL_MAIN_HIGH": 0.0,
    "STALL_MAIN_LOW": 0.0,
    "STALL_SMALL_HIGH": 0.0,
    "STALL_SMALL_LOW": 0.0,
    "disk_loading": 21.650376861392523,
    "efficiency_small": 0.5696092980661722,
    "RPM_main": null,
    "RPM_small": null
}