{
    "thrust_main": 67.96335906309136,
    "torque_main": 5.95694365425358,
    "thrust_small": 1.7638475768037094,
    "torque_small": 0.1276021792953672,
    "moment_created": 1.7638475768037094,
    "power_required": 146.98715865405998,
    "p_induced": 200.51983647681925,
    "p_profile": 38.83002345954206,
    "p_total": 239.34985993636133,
    "p_ideal": 201.95484418286847,
    "power_loading": 0.4623761673157162,
    "figure_of_merit": 1.3739625014330474,
    "STALL_MAIN_HIGH": 0.0,
    "STALL_MAIN_LOW": 0.0,
    "STALL_SMALL_HIGH": 0.0,
    "STALL_SMALL_LOW": 0.0,
    "disk_loading": 21.63340908804071,
    "efficiency_small": 0.4900889187944111,
    "RPM_main": null,
    "RPM_small": null
}