{
    "thrust": 70.76693093571001,
    "torque": 6.240666594921372,
    "p_induced": 215.48225016806654,
    "p_profile": 41.339858815246544,
    "p_total": 256.8221089833131,
    "p_ideal": 214.5791711213872,
    "power_loading": 0.27554843785006083,
    "figure_of_merit": 0.8355167394693787,
    "STALL_HIGH": 0.0,
    "STALL_LOW": 0.0,
    "main_RPM": null,
    "disk_loading": 22.525813731722028
}