{
    "thrust": 60.00452253855703,
    "torque": 5.506915296510953,
    "p_induced": 165.6616362015182,
    "p_profile": 30.95812961418943,
    "p_total": 196.61976581570764,
    "p_ideal": 167.53980206961646,
    "power_loading": 0.3051805208373581,
    "figure_of_merit": 0.8521005066532938,
    "STALL_HIGH": 0.0,
    "STALL_LOW": 0.0,
    "main_RPM": 347.021484375,
    "disk_loading": 19.100032739760792
}