{
    "thrust": 59.97852251422262,
    "torque": 1.058937255701286,
    "p_induced": 435.69492250960434,
    "p_profile": 128.34036206734828,
    "p_total": 564.0352845769526,
    "p_ideal": 424.4860451315958,
    "power_loading": 0.10633824541528238,
    "figure_of_merit": 0.7525877489206657,
    "STALL_HIGH": 0.0,
    "STALL_LOW": 0.0,
    "main_RPM": 5138.671875,
    "disk_loading": 122.71605706409949
}