{
    "thrust_main": 68.95328343714561,
    "torque_main": 5.965207469625376,
    "thrust_small": 3.4423913226117486,
    "torque_small": 0.1893588806491383,
    "moment_created": 3.4423913226117486,
    "power_required": 228.04057953016,
    "p_induced": 201.35910288099262,
    "p_profile": 38.74189335762617,
    "p_total": 240.1009962386188,
    "p_ideal": 206.38325063391167,
    "power_loading": 0.3023728652997308,
    "figure_of_merit": 0.9050286184113824,
    "STALL_MAIN_HIGH": 0.0,
    "STALL_MAIN_LOW": 0.0,
    "STALL_SMALL_HIGH": 0.0,
    "STALL_SMALL_LOW": 0.0,
    "disk_loading": 21.94851180287648,
    "efficiency_small": 0.6165117061989331,
    "RPM_main": null,
    "RPM_small": null
}