{
    "thrust_main": 68.01699880833188,
    "torque_main": 5.966754946713038,
    "thrust_small": 2.5569016532057836,
    "torque_small": 0.15800015814331536,
    "moment_created": 2.5569016532057836,
    "power_required": 182.00311656606044,
    "p_induced": 201.02291530427414,
    "p_profile": 38.81649091559902,
    "p_total": 239.83940621987315,
    "p_ideal": 202.19397914533366,
    "power_loading": 0.37371337420831585,
    "figure_of_merit": 1.1109369056982312,
    "STALL_MAIN_HIGH": 0.0,
    "STALL_MAIN_LOW": 0.0,
    "STALL_SMALL_HIGH": 0.0,
    "STALL_SMALL_LOW": 0.0,
    "disk_loading": 21.650483149243147,
    "efficiency_small": 0.5737575642434409,
    "RPM_main": null,
    "RPM_small": null
}