{
    "thrust_main": 67.99095241634006,
    "torque_main": 5.957634085851952,
    "thrust_small": 1.797498237159515,
    "torque_small": 0.1287174598508996,
    "moment_created": 1.797498237159515,
    "power_required": 148.27186962737625,
    "p_induced": 200.5682390819751,
    "p_profile": 38.827703319649444,
    "p_total": 239.39594240162455,
    "p_ideal": 202.07784818868444,
    "power_loading": 0.4585559795476304,
    "figure_of_merit": 1.3628873008516627,
    "STALL_MAIN_HIGH": 0.0,
    "STALL_MAIN_LOW": 0.0,
    "STALL_SMALL_HIGH": 0.0,
    "STALL_SMALL_LOW": 0.0,
    "disk_loading": 21.642192325172733,
    "efficiency_small": 0.4951114093430609,
    "RPM_main": null,
    "RPM_small": null
}