{
    "thrust_main": 68.79715051870745,
    "torque_main": 5.95155492559685,
    "thrust_small": 3.192437741789575,
    "torque_small": 0.18082654915719112,
    "moment_created": 3.192437741789575,
    "power_required": 217.76528738913666,
    "p_induced": 200.61954375396812,
    "p_profile": 38.76565643251987,
    "p_total": 239.385200186488,
    "p_ideal": 205.68266823049098,
    "power_loading": 0.31592340240972416,
    "figure_of_merit": 0.9445154032421402,
    "STALL_MAIN_HIGH": 0.0,
    "STALL_MAIN_LOW": 0.0,
    "STALL_SMALL_HIGH": 0.0,
    "STALL_SMALL_LOW": 0.0,
    "disk_loading": 21.898813151378885,
    "efficiency_small": 0.5987244707348626,
    "RPM_main": null,
    "RPM_small": null
}