{
    "thrust": 59.99862057559357,
    "torque": 0.9844636204966754,
    "p_induced": 433.0107695600896,
    "p_profile": 154.19658804172613,
    "p_total": 587.2073576018157,
    "p_ideal": 424.6994230427829,
    "power_loading": 0.10217620709084937,
    "figure_of_merit": 0.7232528978813831,
    "STALL_HIGH": 0.0,
    "STALL_LOW": 0.0,
    "main_RPM": 5761.71875,
    "disk_loading": 122.75717769766446
}