{
    "thrust": 60.035108667845634,
    "torque": 1.2024119864351674,
    "p_induced": 351.9925517142848,
    "p_profile": 125.67105828002383,
    "p_total": 477.6636099943086,
    "p_ideal": 694.1640052043266,
    "power_loading": 0.12568491174900462,
    "figure_of_merit": 1.453248668477378,
    "STALL_HIGH": 0.0,
    "STALL_LOW": 0.0,
    "main_RPM": 3836.9140625,
    "disk_loading": 81.88788822294144
}