{
    "thrust_main": 69.47957610998155,
    "torque_main": 5.999398326661192,
    "thrust_small": 3.540156037349255,
    "torque_small": 0.19253234412543813,
    "moment_created": 3.540156037349255,
    "power_required": 231.86230918853346,
    "p_induced": 203.2994517163035,
    "p_profile": 38.67706267800889,
    "p_total": 241.9765143943124,
    "p_ideal": 208.75061409299948,
    "power_loading": 0.2996587774578137,
    "figure_of_merit": 0.9003214658888727,
    "STALL_MAIN_HIGH": 0.0,
    "STALL_MAIN_LOW": 0.0,
    "STALL_SMALL_HIGH": 0.0,
    "STALL_SMALL_LOW": 0.0,
    "disk_loading": 22.11603596366625,
    "efficiency_small": 0.623570372862826,
    "RPM_main": null,
    "RPM_small": null
}