{
    "thrust": 70.88115164616296,
    "torque": 6.24250495531575,
    "p_induced": 215.5836697822623,
    "p_profile": 41.33451841247802,
    "p_total": 256.9181881947403,
    "p_ideal": 215.09888998253277,
    "power_loading": 0.2758899716061989,
    "figure_of_merit": 0.8372271791808328,
    "STALL_HIGH": 0.0,
    "STALL_LOW": 0.0,
    "main_RPM": null,
    "disk_loading": 22.56217131306614
}