{
    "thrust": 59.99653491136172,
    "torque": 5.1417225999561,
    "p_induced": 174.10677623351918,
    "p_profile": 75.6942264021113,
    "p_total": 249.80100263563048,
    "p_ideal": 186.1181661861757,
    "power_loading": 0.24017731825870617,
    "figure_of_merit": 0.7450657292102824,
    "STALL_HIGH": 0.0,
    "STALL_LOW": 0.0,
    "main_RPM": 562.6953125,
    "disk_loading": 23.57714839389799
}