{
    "thrust": 340.4435554648095,
    "torque": -306.38728642399815,
    "p_induced": -7508.763856537109,
    "p_profile": 213.55880658555654,
    "p_total": -7295.205049951553,
    "p_ideal": 8233.358079452117,
    "power_loading": -0.046666756195848175,
    "figure_of_merit": -1.1285985826411822,
    "STALL_HIGH": 0.5555555555555556,
    "STALL_LOW": 0.40555555555555556,
    "main_RPM": 4000,
    "disk_loading": 358.2365269157306
}