{
    "thrust_main": 60.01987442535056,
    "torque_main": 6.463591804147265,
    "thrust_small": 6.146125172928432,
    "torque_small": 0.3640579486395858,
    "moment_created": 6.146125172928432,
    "power_required": 400.3026219246363,
    "p_induced": 173.3730318392618,
    "p_profile": 26.197021070187134,
    "p_total": 199.57005290944895,
    "p_ideal": 167.60410263741366,
    "power_loading": 0.1499362510711966,
    "figure_of_merit": 0.4186934920175665,
    "STALL_MAIN_HIGH": 0.0,
    "STALL_MAIN_LOW": 0.0,
    "STALL_SMALL_HIGH": 1.0,
    "STALL_SMALL_LOW": 0.0,
    "disk_loading": 19.104919397098744,
    "efficiency_small": 0.4805292415724367
}