{
    "thrust_main": 68.03046181764401,
    "torque_main": 5.970706970020128,
    "thrust_small": 2.7106885498806523,
    "torque_small": 0.16339665209994528,
    "moment_created": 2.7106885498806523,
    "power_required": 188.2194313481359,
    "p_induced": 201.29861930437244,
    "p_profile": 38.80957075604175,
    "p_total": 240.1081900604142,
    "p_ideal": 202.2540143020516,
    "power_loading": 0.3614422874958801,
    "figure_of_merit": 1.0745650056075078,
    "STALL_MAIN_HIGH": 0.0,
    "STALL_MAIN_LOW": 0.0,
    "STALL_SMALL_HIGH": 0.0,
    "STALL_SMALL_LOW": 0.0,
    "disk_loading": 21.65476855820498,
    "efficiency_small": 0.5881774759134852,
    "RPM_main": null,
    "RPM_small": null
}