{
    "thrust_main": 68.82877515984035,
    "torque_main": 5.948540153140478,
    "thrust_small": 3.112687554380418,
    "torque_small": 0.1779192726005986,
    "moment_created": 3.112687554380418,
    "power_required": 214.26412056481308,
    "p_induced": 200.47653447726628,
    "p_profile": 38.767775607456905,
    "p_total": 239.2443100847232,
    "p_ideal": 205.82450669275835,
    "power_loading": 0.3212333216518172,
    "figure_of_merit": 0.9606111660234695,
    "STALL_MAIN_HIGH": 0.0,
    "STALL_MAIN_LOW": 0.0,
    "STALL_SMALL_HIGH": 0.0,
    "STALL_SMALL_LOW": 0.0,
    "disk_loading": 21.9088795872985,
    "efficiency_small": 0.5933067667318558,
    "RPM_main": null,
    "RPM_small": null
}