{
    "thrust_main": 68.03002740305796,
    "torque_main": 5.96250465340794,
    "thrust_small": 2.5052757686381324,
    "torque_small": 0.15572645134437463,
    "moment_created": 2.5052757686381324,
    "power_required": 179.38399435487065,
    "p_induced": 200.80944512136836,
    "p_profile": 38.8218803207389,
    "p_total": 239.63132544210725,
    "p_ideal": 202.25207703855324,
    "power_loading": 0.37924246055350924,
    "figure_of_merit": 1.1274811767121389,
    "STALL_MAIN_HIGH": 0.0,
    "STALL_MAIN_LOW": 0.0,
    "STALL_SMALL_HIGH": 0.0,
    "STALL_SMALL_LOW": 0.0,
    "disk_loading": 21.65463027974754,
    "efficiency_small": 0.5703810293533721,
    "RPM_main": null,
    "RPM_small": null
}