{
    "thrust": 60.04560407331154,
    "torque": 1.016074061462251,
    "p_induced": 426.23518875761704,
    "p_profile": 131.4654233973707,
    "p_total": 557.7006121549878,
    "p_ideal": 425.198378769309,
    "power_loading": 0.1076663764834179,
    "figure_of_merit": 0.7624133262581828,
    "STALL_HIGH": 0.0,
    "STALL_LOW": 0.0,
    "main_RPM": 5291.015625,
    "disk_loading": 122.85330593399541
}