{
    "thrust_main": 70.7386157202465,
    "torque_main": 5.5403849076489715,
    "thrust_small": 3.5853402858120664,
    "torque_small": 0.1940929704437272,
    "moment_created": 3.5853402858120664,
    "power_required": 233.74173585620625,
    "p_induced": 182.8283016150156,
    "p_profile": 38.90654193706527,
    "p_total": 221.73484355208086,
    "p_ideal": 214.4503981003593,
    "power_loading": 0.3026357935656114,
    "figure_of_merit": 0.9174672948963012,
    "STALL_MAIN_HIGH": 0.0,
    "STALL_MAIN_LOW": 0.0,
    "STALL_SMALL_HIGH": 0.0,
    "STALL_SMALL_LOW": 0.0,
    "disk_loading": 22.51680071871057,
    "efficiency_small": 0.6264513378260497,
    "RPM_main": null,
    "RPM_small": null
}