{
    "thrust": 60.00803505986707,
    "torque": 5.799195386780772,
    "p_induced": 156.9346385984417,
    "p_profile": 29.344149666581664,
    "p_total": 186.27878826502337,
    "p_ideal": 158.9561683320848,
    "power_loading": 0.32214099962091325,
    "figure_of_merit": 0.8533240408775581,
    "STALL_HIGH": 0.0,
    "STALL_LOW": 0.0,
    "main_RPM": 312.20703125,
    "disk_loading": 17.191035729017294
}