{
    "thrust_main": 67.97521503683191,
    "torque_main": 5.952437675340281,
    "thrust_small": 1.621786675741515,
    "torque_small": 0.12233644354946625,
    "moment_created": 1.621786675741515,
    "power_required": 140.9214665178662,
    "p_induced": 200.2904555024184,
    "p_profile": 38.83537928791118,
    "p_total": 239.12583479032958,
    "p_ideal": 202.00769197722062,
    "power_loading": 0.48236238748064636,
    "figure_of_merit": 1.433477077472862,
    "STALL_MAIN_HIGH": 0.0,
    "STALL_MAIN_LOW": 0.0,
    "STALL_SMALL_HIGH": 0.0,
    "STALL_SMALL_LOW": 0.0,
    "disk_loading": 21.637182961692663,
    "efficiency_small": 0.47001292292271396,
    "RPM_main": null,
    "RPM_small": null
}