{
    "thrust_main": 67.96195787275387,
    "torque_main": 5.951321392270401,
    "thrust_small": 1.5199754866907371,
    "torque_small": 0.11877458055545383,
    "moment_created": 1.5199754866907371,
    "power_required": 136.81849489233426,
    "p_induced": 200.2323286585405,
    "p_profile": 38.83700753513155,
    "p_total": 239.06933619367203,
    "p_ideal": 201.94859870615167,
    "power_loading": 0.4967307813628176,
    "figure_of_merit": 1.4760328920813655,
    "STALL_MAIN_HIGH": 0.0,
    "STALL_MAIN_LOW": 0.0,
    "STALL_SMALL_HIGH": 0.0,
    "STALL_SMALL_LOW": 0.0,
    "disk_loading": 21.632963075303863,
    "efficiency_small": 0.4537169462578026,
    "RPM_main": null,
    "RPM_small": null
}