{
    "thrust": 60.00273035893878,
    "torque": 5.205980198276002,
    "p_induced": 166.41483594986937,
    "p_profile": 34.91052467502389,
    "p_total": 201.32536062489328,
    "p_ideal": 167.5322961559671,
    "power_loading": 0.2980386086119327,
    "figure_of_merit": 0.832147006397823,
    "STALL_HIGH": 0.0,
    "STALL_LOW": 0.0,
    "main_RPM": 376.416015625,
    "disk_loading": 19.099462271270482
}