{
    "thrust": 2.047273667753964,
    "torque": 0.04943253445278982,
    "p_induced": -32.10190410315455,
    "p_profile": 26.268236023268557,
    "p_total": -5.833668079885996,
    "p_ideal": 5.353818190517086,
    "power_loading": -0.3509410613903101,
    "figure_of_merit": -0.9177447391936143,
    "STALL_HIGH": 0.24489795918367346,
    "STALL_LOW": 0.20408163265306123,
    "main_RPM": 4000,
    "disk_loading": 4.188721924224611
}