{
    "thrust_main": 56.0988411279597,
    "torque_main": 5.462125205703012,
    "thrust_small": 5.267502329828837,
    "torque_small": 0.2852480293615769,
    "moment_created": 5.552434980834206,
    "power_required": 285.6424299260977,
    "p_induced": 142.9924464038853,
    "p_profile": 26.604510831694196,
    "p_total": 169.5969572355795,
    "p_ideal": 143.67926938958618,
    "power_loading": 0.19639533644379714,
    "figure_of_merit": 0.5030039459710497,
    "STALL_MAIN_HIGH": 0.0,
    "STALL_MAIN_LOW": 0.0,
    "STALL_SMALL_HIGH": 0.0,
    "STALL_SMALL_LOW": 0.0,
    "disk_loading": 16.071134161035072,
    "efficiency_small": 0.6113118156442265,
    "RPM_main": 301.40625,
    "RPM_small": 9531.25
}