{
    "thrust": 1.159557422840297,
    "torque": 0.042067953201521596,
    "p_induced": -30.129356885833737,
    "p_profile": 26.283609516750385,
    "p_total": -3.8457473690833517,
    "p_ideal": 1.1410591635587586,
    "power_loading": -0.3015167954510444,
    "figure_of_merit": -0.2967067396917272,
    "STALL_HIGH": 0.1836734693877551,
    "STALL_LOW": 0.14285714285714285,
    "main_RPM": 4000,
    "disk_loading": 2.3724544871312476
}