{
    "thrust_main": 60.00057918186319,
    "torque_main": 5.692980252160092,
    "thrust_small": 5.934837498818579,
    "torque_small": 0.3770887469828198,
    "moment_created": 5.658645528375397,
    "power_required": 399.82249257965844,
    "p_induced": 160.8700335426172,
    "p_profile": 24.851615717659012,
    "p_total": 185.7216492602762,
    "p_ideal": 175.6999055289358,
    "power_loading": 0.15006804343282162,
    "figure_of_merit": 0.43944477559358497,
    "STALL_MAIN_HIGH": 0.0,
    "STALL_MAIN_LOW": 0.0,
    "STALL_SMALL_HIGH": 1.0,
    "STALL_SMALL_LOW": 0.0,
    "disk_loading": 21.008655283374434,
    "efficiency_small": 0.46795759319997154
}