{
    "thrust": 59.995128049681526,
    "torque": 5.694123920550814,
    "p_induced": 156.54006177477228,
    "p_profile": 68.26621479337994,
    "p_total": 224.8062765681522,
    "p_ideal": 167.50045780522768,
    "power_loading": 0.2668747908890943,
    "figure_of_merit": 0.7450879947048467,
    "STALL_HIGH": 0.0,
    "STALL_LOW": 0.0,
    "main_RPM": 456.396484375,
    "disk_loading": 19.097042381076076
}