{
    "thrust": 59.995743717266144,
    "torque": 1.0754498582017729,
    "p_induced": 393.52492260215536,
    "p_profile": 140.4735275508665,
    "p_total": 533.9984501530218,
    "p_ideal": 387.66787298228394,
    "power_loading": 0.1123519060777683,
    "figure_of_merit": 0.7259719066060855,
    "STALL_HIGH": 0.0,
    "STALL_LOW": 0.0,
    "main_RPM": 4796.875,
    "disk_loading": 102.29274303793879
}