{
    "thrust_main": 69.5585400113409,
    "torque_main": 5.577497314954947,
    "thrust_small": 3.59818983641281,
    "torque_small": 0.19459142477179434,
    "moment_created": 3.59818983641281,
    "power_required": 234.34201303070202,
    "p_induced": 184.35765982771028,
    "p_profile": 38.995803412297484,
    "p_total": 223.35346324000776,
    "p_ideal": 209.10658443148628,
    "power_loading": 0.2968248804887913,
    "figure_of_merit": 0.8923136817301747,
    "STALL_MAIN_HIGH": 0.0,
    "STALL_MAIN_LOW": 0.0,
    "STALL_SMALL_HIGH": 0.0,
    "STALL_SMALL_LOW": 0.0,
    "disk_loading": 22.14117095412057,
    "efficiency_small": 0.6270860522677637,
    "RPM_main": null,
    "RPM_small": null
}