{
    "thrust_main": 49.17912105969474,
    "torque_main": 4.472440367402646,
    "thrust_small": 4.192492921835575,
    "torque_small": 0.19311413578319142,
    "moment_created": 4.419275569044897,
    "power_required": 155.4632747595188,
    "p_induced": 105.03574240647649,
    "p_profile": 21.372800505676402,
    "p_total": 126.40854291215288,
    "p_ideal": 117.93274850279109,
    "power_loading": 0.31633915557078257,
    "figure_of_merit": 0.7585891181387855,
    "STALL_MAIN_HIGH": 0.0,
    "STALL_MAIN_LOW": 0.0,
    "STALL_SMALL_HIGH": 0.0,
    "STALL_SMALL_LOW": 0.0,
    "disk_loading": 14.088780384417271,
    "efficiency_small": 0.815833444045825,
    "RPM_main": 275.15625,
    "RPM_small": 7718.75
}