{
    "thrust": 60.02277147714326,
    "torque": 2.0500925894703044,
    "p_induced": 267.86728753458834,
    "p_profile": 293.2838253228696,
    "p_total": 561.151112857458,
    "p_ideal": 609.5135916669743,
    "power_loading": 0.10696365043543997,
    "figure_of_merit": 1.086184412186671,
    "STALL_HIGH": 0.0,
    "STALL_LOW": 0.0,
    "main_RPM": 3262.6953125,
    "disk_loading": 63.15980680107486
}