{
    "thrust_main": 67.9446479652965,
    "torque_main": 5.955741940434276,
    "thrust_small": 1.660478417590428,
    "torque_small": 0.12403441851684038,
    "moment_created": 1.660478417590428,
    "power_required": 142.87739326847696,
    "p_induced": 200.4482864749748,
    "p_profile": 38.832663872122346,
    "p_total": 239.28095034709713,
    "p_ideal": 201.87144917135342,
    "power_loading": 0.47554512586622844,
    "figure_of_merit": 1.4128998615758783,
    "STALL_MAIN_HIGH": 0.0,
    "STALL_MAIN_LOW": 0.0,
    "STALL_SMALL_HIGH": 0.0,
    "STALL_SMALL_LOW": 0.0,
    "disk_loading": 21.62745316063125,
    "efficiency_small": 0.47463847726072034,
    "RPM_main": null,
    "RPM_small": null
}