{
    "thrust_main": 61.50987275665585,
    "torque_main": 5.939178171027342,
    "thrust_small": 6.20668469259092,
    "torque_small": 0.05889112233853751,
    "moment_created": 6.020484151813192,
    "power_required": 175.5686006881989,
    "p_induced": 168.74501795172313,
    "p_profile": 27.34557056177816,
    "p_total": 196.0905885135013,
    "p_ideal": 179.26170803112413,
    "power_loading": 0.31368090239792795,
    "figure_of_merit": 0.9141780306237468,
    "STALL_MAIN_HIGH": 0.0,
    "STALL_MAIN_LOW": 0.0,
    "STALL_SMALL_HIGH": 0.07407407407407407,
    "STALL_SMALL_LOW": 0.0,
    "disk_loading": 20.809013281273856
}