{
    "thrust_main": 90.0780874877021,
    "torque_main": 5.54123804252463,
    "thrust_small": 3.877749985177208,
    "torque_small": 0.20435614378950043,
    "moment_created": 3.877749985177208,
    "power_required": 246.10144135069086,
    "p_induced": 181.9403626721116,
    "p_profile": 37.397320587008224,
    "p_total": 219.33768325911984,
    "p_ideal": 308.1560911814737,
    "power_loading": 0.3660201541011789,
    "figure_of_merit": 1.25215069643723,
    "STALL_MAIN_HIGH": 0.0,
    "STALL_MAIN_LOW": 0.0,
    "STALL_SMALL_HIGH": 0.0,
    "STALL_SMALL_LOW": 0.0,
    "disk_loading": 28.672745775863998,
    "efficiency_small": 0.6435152934799955,
    "RPM_main": null,
    "RPM_small": null
}