{
    "thrust": 1.126778510713282,
    "torque": 0.06252556744879371,
    "p_induced": -18.00398318545568,
    "p_profile": 26.293718660067718,
    "p_total": 8.289735474612037,
    "p_ideal": 1.093018735205392,
    "power_loading": 0.13592454357127912,
    "figure_of_merit": 0.1318520643454604,
    "STALL_HIGH": 0.12244897959183673,
    "STALL_LOW": 0.16326530612244897,
    "main_RPM": 4000,
    "disk_loading": 2.305388832919375
}