{
    "thrust_main": 67.94858237650371,
    "torque_main": 5.95612219834589,
    "thrust_small": 1.6920864805501994,
    "torque_small": 0.12513729209116667,
    "moment_created": 1.6920864805501994,
    "power_required": 144.14781242542279,
    "p_induced": 200.4697386991104,
    "p_profile": 38.8319239154645,
    "p_total": 239.3016626145749,
    "p_ideal": 201.8889838149264,
    "power_loading": 0.4713812941952068,
    "figure_of_merit": 1.4005691825491764,
    "STALL_MAIN_HIGH": 0.0,
    "STALL_MAIN_LOW": 0.0,
    "STALL_SMALL_HIGH": 0.0,
    "STALL_SMALL_LOW": 0.0,
    "disk_loading": 21.628705522614823,
    "efficiency_small": 0.4794107019191604,
    "RPM_main": null,
    "RPM_small": null
}