{
    "thrust_main": 48.21486483006635,
    "torque_main": 4.957462309032433,
    "thrust_small": 5.219209754565195,
    "torque_small": 0.21069815947337234,
    "moment_created": 5.219209754565195,
    "power_required": 288.04201483528686,
    "p_induced": 137.77991521084442,
    "p_profile": 25.538691944937877,
    "p_total": 163.3186071557823,
    "p_ideal": 120.67392864770441,
    "power_loading": 0.16738830568740953,
    "figure_of_merit": 0.41894557888268574,
    "STALL_MAIN_HIGH": 0.0,
    "STALL_MAIN_LOW": 0.0,
    "STALL_SMALL_HIGH": 0.0,
    "STALL_SMALL_LOW": 0.0,
    "disk_loading": 15.34726813642527,
    "efficiency_small": 0.6030433094764295,
    "RPM_main": 318.90625,
    "RPM_small": 13027.34375
}