{
    "thrust": 59.9982606456261,
    "torque": 4.702391934396617,
    "p_induced": 177.19273167836857,
    "p_profile": 61.32194413554837,
    "p_total": 238.51467581391694,
    "p_ideal": 186.12619647009328,
    "power_loading": 0.2515495553507794,
    "figure_of_merit": 0.7803553212604166,
    "STALL_HIGH": 0.0,
    "STALL_LOW": 0.0,
    "main_RPM": 533.740234375,
    "disk_loading": 23.577826564610678
}