{
    "thrust_main": 67.96415768863758,
    "torque_main": 5.956898556808985,
    "thrust_small": 1.766433268326964,
    "torque_small": 0.12768935204541654,
    "moment_created": 1.766433268326964,
    "power_required": 147.08757445348104,
    "p_induced": 200.51825617543,
    "p_profile": 38.830011577111044,
    "p_total": 239.34826775254103,
    "p_ideal": 201.95840389740692,
    "power_loading": 0.46206593548887714,
    "figure_of_merit": 1.373048706852391,
    "STALL_MAIN_HIGH": 0.0,
    "STALL_MAIN_LOW": 0.0,
    "STALL_SMALL_HIGH": 0.0,
    "STALL_SMALL_LOW": 0.0,
    "disk_loading": 21.63366329844743,
    "efficiency_small": 0.49047228763479306,
    "RPM_main": null,
    "RPM_small": null
}