{
    "thrust_main": 67.96355551729685,
    "torque_main": 5.964644730023174,
    "thrust_small": 2.6831350587212635,
    "torque_small": 0.16220449563018763,
    "moment_created": 2.6831350587212635,
    "power_required": 186.84616567878467,
    "p_induced": 200.9946240887337,
    "p_profile": 38.82332140873177,
    "p_total": 239.81794549746547,
    "p_ideal": 201.95571983647824,
    "power_loading": 0.363740702253082,
    "figure_of_merit": 1.080866278966993,
    "STALL_MAIN_HIGH": 0.0,
    "STALL_MAIN_LOW": 0.0,
    "STALL_SMALL_HIGH": 0.0,
    "STALL_SMALL_LOW": 0.0,
    "disk_loading": 21.633471621356502,
    "efficiency_small": 0.5864777886120025,
    "RPM_main": null,
    "RPM_small": null
}