{
    "thrust": 70.88035795759312,
    "torque": 6.242495760084093,
    "p_induced": 215.58259258214827,
    "p_profile": 41.33460299811428,
    "p_total": 256.91719558026256,
    "p_ideal": 215.0952771521437,
    "power_loading": 0.27588794824537016,
    "figure_of_merit": 0.8372163516199778,
    "STALL_HIGH": 0.0,
    "STALL_LOW": 0.0,
    "main_RPM": null,
    "disk_loading": 22.561918674147808
}