{
    "thrust": 13.802591755091068,
    "torque": 0.03719890370367805,
    "p_induced": -598.370522451515,
    "p_profile": 214.9612680838592,
    "p_total": -383.40925436765576,
    "p_ideal": 76.52354890574871,
    "power_loading": -0.03599963119788339,
    "figure_of_merit": -0.19958712011778765,
    "STALL_HIGH": 0.3877551020408163,
    "STALL_LOW": 0.12244897959183673,
    "main_RPM": 5937.5,
    "disk_loading": 18.826735153944217
}