{
    "thrust": 337.261344773532,
    "torque": -174.4713195909896,
    "p_induced": -112130.30802552673,
    "p_profile": 296.0992416026732,
    "p_total": -111834.20878392406,
    "p_ideal": 9922.231473923714,
    "power_loading": -0.003015726122095234,
    "figure_of_merit": -0.08872268675047858,
    "STALL_HIGH": 0.5444444444444444,
    "STALL_LOW": 0.39444444444444443,
    "main_RPM": 5875.0,
    "disk_loading": 530.1413346620008
}