{
    "thrust": 70.67727762040299,
    "torque": 6.23945139303354,
    "p_induced": 215.42737434545012,
    "p_profile": 41.33993601012684,
    "p_total": 256.76731035557697,
    "p_ideal": 214.17153072572958,
    "power_loading": 0.2752580829799851,
    "figure_of_merit": 0.834107466519551,
    "STALL_HIGH": 0.0,
    "STALL_LOW": 0.0,
    "main_RPM": null,
    "disk_loading": 22.497276195130652
}