{
    "thrust": 60.005532951948965,
    "torque": 5.48226602772429,
    "p_induced": 157.64544124958337,
    "p_profile": 33.09574682156001,
    "p_total": 190.74118807114337,
    "p_ideal": 158.94622662991745,
    "power_loading": 0.3145913767170616,
    "figure_of_merit": 0.833308360072881,
    "STALL_HIGH": 0.0,
    "STALL_LOW": 0.0,
    "main_RPM": 338.671875,
    "disk_loading": 17.190318927899327
}