{
    "thrust_main": 68.02991547462148,
    "torque_main": 5.961996703659638,
    "thrust_small": 2.4613620243244902,
    "torque_small": 0.1541696833228366,
    "moment_created": 2.4613620243244902,
    "power_required": 177.59072632894058,
    "p_induced": 200.78163753915692,
    "p_profile": 38.822400492388724,
    "p_total": 239.60403803154566,
    "p_ideal": 202.2515778968438,
    "power_loading": 0.3830713285592051,
    "figure_of_merit": 1.1388633971924043,
    "STALL_MAIN_HIGH": 0.0,
    "STALL_MAIN_LOW": 0.0,
    "STALL_SMALL_HIGH": 0.0,
    "STALL_SMALL_LOW": 0.0,
    "disk_loading": 21.65459465181966,
    "efficiency_small": 0.5660417138482793,
    "RPM_main": null,
    "RPM_small": null
}