{
    "thrust_main": 68.01757897548696,
    "torque_main": 5.967222797942673,
    "thrust_small": 2.5787277250663934,
    "torque_small": 0.15878824655856016,
    "moment_created": 2.5787277250663934,
    "power_required": 182.91092925048864,
    "p_induced": 201.0488019750315,
    "p_profile": 38.815761387945656,
    "p_total": 239.86456336297715,
    "p_ideal": 202.19656614324282,
    "power_loading": 0.3718617539925119,
    "figure_of_merit": 1.1054373129685615,
    "STALL_MAIN_HIGH": 0.0,
    "STALL_MAIN_LOW": 0.0,
    "STALL_SMALL_HIGH": 0.0,
    "STALL_SMALL_LOW": 0.0,
    "disk_loading": 21.650667822184246,
    "efficiency_small": 0.5757832920558472,
    "RPM_main": null,
    "RPM_small": null
}