{
    "thrust": 3.123202466535502,
    "torque": -0.25622753579331736,
    "p_induced": -350.91589712113745,
    "p_profile": 50.12593644877147,
    "p_total": -300.78996067236596,
    "p_ideal": 10.087881606490157,
    "power_loading": -0.010383333471483229,
    "figure_of_merit": -0.03353795979074692,
    "STALL_HIGH": 0.3877551020408163,
    "STALL_LOW": 0.1836734693877551,
    "main_RPM": 5000.0,
    "disk_loading": 6.390072246531638
}