{
    "thrust_main": 326.10643304417766,
    "torque_main": -229.32210688265457,
    "thrust_small": 26.320515825732414,
    "torque_small": 0.34667866558650173,
    "moment_created": 26.320515825732414,
    "power_required": 471.95336455075676,
    "p_induced": 107145.88493093861,
    "p_profile": 13.470664538444058,
    "p_total": 107159.35559547706,
    "p_ideal": 2122.6631019938022,
    "power_loading": 0.6909717305534882,
    "figure_of_merit": 4.497611970653762,
    "STALL_MAIN_HIGH": 0.04081632653061224,
    "STALL_MAIN_LOW": 0.02040816326530612,
    "STALL_SMALL_HIGH": 0.5402298850574713,
    "STALL_SMALL_LOW": 0.022988505747126436,
    "disk_loading": 103.80290158609415,
    "efficiency_small": 1.651667140181361,
    "RPM_main": 281.71875,
    "RPM_small": 13000.0
}