{
    "thrust_main": 68.80057703312838,
    "torque_main": 5.9522626025100855,
    "thrust_small": 3.2153133283554753,
    "torque_small": 0.1816214840965199,
    "moment_created": 3.2153133283554753,
    "power_required": 218.72260939923657,
    "p_induced": 200.65634622517476,
    "p_profile": 38.76462864417815,
    "p_total": 239.4209748693529,
    "p_ideal": 205.6980347841698,
    "power_loading": 0.3145563104888987,
    "figure_of_merit": 0.9404516311741102,
    "STALL_MAIN_HIGH": 0.0,
    "STALL_MAIN_LOW": 0.0,
    "STALL_SMALL_HIGH": 0.0,
    "STALL_SMALL_LOW": 0.0,
    "disk_loading": 21.899903844794217,
    "efficiency_small": 0.6003753423950824,
    "RPM_main": null,
    "RPM_small": null
}