{
    "thrust": 2.4920265091603517,
    "torque": -0.017248574922191347,
    "p_induced": -100.38770343334969,
    "p_profile": 36.71789770883707,
    "p_total": -63.669805724512614,
    "p_ideal": 6.5635399340843925,
    "power_loading": -0.03913984785728554,
    "figure_of_merit": -0.10308716760474512,
    "STALL_HIGH": 0.20408163265306123,
    "STALL_LOW": 0.16326530612244897,
    "main_RPM": 4000,
    "disk_loading": 4.2489051981184005
}