{
    "thrust": 70.88059163615264,
    "torque": 6.241884117617989,
    "p_induced": 215.54972598183582,
    "p_profile": 41.33545388678317,
    "p_total": 256.885179868619,
    "p_ideal": 215.09634084307447,
    "power_loading": 0.2759232419418034,
    "figure_of_merit": 0.8373248349830187,
    "STALL_HIGH": 0.0,
    "STALL_LOW": 0.0,
    "main_RPM": null,
    "disk_loading": 22.561993056343493
}