{
    "thrust_main": 68.92305179711973,
    "torque_main": 5.9605247637710965,
    "thrust_small": 3.2943523570781803,
    "torque_small": 0.18400145168771714,
    "moment_created": 3.2943523570781803,
    "power_required": 221.58875006768108,
    "p_induced": 201.11333739049084,
    "p_profile": 38.74910263872558,
    "p_total": 239.86244002921643,
    "p_ideal": 206.24753657009578,
    "power_loading": 0.3110403925112091,
    "figure_of_merit": 0.9307671824815134,
    "STALL_MAIN_HIGH": 0.0,
    "STALL_MAIN_LOW": 0.0,
    "STALL_SMALL_HIGH": 0.0,
    "STALL_SMALL_LOW": 0.0,
    "disk_loading": 21.93888877298069,
    "efficiency_small": 0.607177354817366,
    "RPM_main": null,
    "RPM_small": null
}