{
    "thrust_main": 59.32796752024785,
    "torque_main": 6.38814930634485,
    "thrust_small": 3.8182757928510607,
    "torque_small": 0.3154467054693652,
    "moment_created": 4.024816080031538,
    "power_required": 231.2345122504764,
    "p_induced": 147.99518102103994,
    "p_profile": 22.681608820868668,
    "p_total": 170.6767898419086,
    "p_ideal": 156.26167732309142,
    "power_loading": 0.2565705566303311,
    "figure_of_merit": 0.6757714313589428,
    "STALL_MAIN_HIGH": 0.0,
    "STALL_MAIN_LOW": 0.0,
    "STALL_SMALL_HIGH": 1.0,
    "STALL_SMALL_LOW": 0.0,
    "disk_loading": 16.99621072999716,
    "efficiency_small": 0.47074101604350727
}