{
    "thrust": 60.05023430490769,
    "torque": 1.579619059552908,
    "p_induced": 328.4153304883475,
    "p_profile": 419.0469682109441,
    "p_total": 747.4622986992915,
    "p_ideal": 745.4723893479552,
    "power_loading": 0.08033881362231254,
    "figure_of_merit": 0.9973377796381181,
    "STALL_HIGH": 0.0,
    "STALL_LOW": 0.0,
    "main_RPM": 5221.6796875,
    "disk_loading": 94.39300368842038
}