{
    "thrust": 6.542569419427288,
    "torque": 0.29726363150092894,
    "p_induced": -110.80175783769445,
    "p_profile": 179.9944177588801,
    "p_total": 69.19265992118565,
    "p_ideal": 24.973341023529468,
    "power_loading": 0.09455583044328177,
    "figure_of_merit": 0.36092471444190055,
    "STALL_HIGH": 0.16326530612244897,
    "STALL_LOW": 0.08163265306122448,
    "main_RPM": 5750.0,
    "disk_loading": 8.92406468809882
}