{
    "thrust_main": 68.01670763175805,
    "torque_main": 5.966442782879849,
    "thrust_small": 2.542118012302688,
    "torque_small": 0.15746370817414182,
    "moment_created": 2.542118012302688,
    "power_required": 181.38517056259636,
    "p_induced": 201.0058830177419,
    "p_profile": 38.81696647478167,
    "p_total": 239.82284949252357,
    "p_ideal": 202.19268077680556,
    "power_loading": 0.37498494182734393,
    "figure_of_merit": 1.114714505875377,
    "STALL_MAIN_HIGH": 0.0,
    "STALL_MAIN_LOW": 0.0,
    "STALL_SMALL_HIGH": 0.0,
    "STALL_SMALL_LOW": 0.0,
    "disk_loading": 21.650390464861072,
    "efficiency_small": 0.5723835648423116,
    "RPM_main": null,
    "RPM_small": null
}