{
    "thrust_main": 67.96828952557519,
    "torque_main": 5.956495541458829,
    "thrust_small": 1.7759879294536092,
    "torque_small": 0.12800974039472135,
    "moment_created": 1.7759879294536092,
    "power_required": 147.45663533778747,
    "p_induced": 200.50170609251774,
    "p_profile": 38.830114123516914,
    "p_total": 239.33182021603466,
    "p_ideal": 201.9768210728109,
    "power_loading": 0.4609374774480394,
    "figure_of_merit": 1.3697370797192738,
    "STALL_MAIN_HIGH": 0.0,
    "STALL_MAIN_LOW": 0.0,
    "STALL_SMALL_HIGH": 0.0,
    "STALL_SMALL_LOW": 0.0,
    "disk_loading": 21.63497850299277,
    "efficiency_small": 0.49189104342667606,
    "RPM_main": null,
    "RPM_small": null
}