{
    "thrust_main": 68.0290521616484,
    "torque_main": 5.970773758544598,
    "thrust_small": 2.711547418411052,
    "torque_small": 0.16342248807188975,
    "moment_created": 2.711547418411052,
    "power_required": 188.24919225134425,
    "p_induced": 201.30491745751175,
    "p_profile": 38.8095645748254,
    "p_total": 240.11448203233715,
    "p_ideal": 202.24772799075782,
    "power_loading": 0.3613776577103088,
    "figure_of_merit": 1.0743617307038598,
    "STALL_MAIN_HIGH": 0.0,
    "STALL_MAIN_LOW": 0.0,
    "STALL_SMALL_HIGH": 0.0,
    "STALL_SMALL_LOW": 0.0,
    "disk_loading": 21.65431985076546,
    "efficiency_small": 0.5882708208182447,
    "RPM_main": null,
    "RPM_small": null
}