{
    "thrust_main": 59.51990576258744,
    "torque_main": 5.777608183710291,
    "thrust_small": 5.447668423623295,
    "torque_small": 0.3276628653144922,
    "moment_created": 5.742346718676211,
    "power_required": 306.6704267193787,
    "p_induced": 156.04787327818434,
    "p_profile": 28.518158462782395,
    "p_total": 184.56603174096674,
    "p_ideal": 157.02059856900294,
    "power_loading": 0.1940842695505544,
    "figure_of_merit": 0.5120174131191526,
    "STALL_MAIN_HIGH": 0.0,
    "STALL_MAIN_LOW": 0.0,
    "STALL_SMALL_HIGH": 0.0,
    "STALL_SMALL_LOW": 0.0,
    "disk_loading": 17.051196986063246,
    "efficiency_small": 0.6060276580853253,
    "RPM_main": 310.15625,
    "RPM_small": 8968.75
}