{
    "thrust": 60.03852355751367,
    "torque": 1.058716016711149,
    "p_induced": 435.56741088455857,
    "p_profile": 128.3429606815832,
    "p_total": 563.9103715661417,
    "p_ideal": 850.2463451080793,
    "power_loading": 0.10646820236834689,
    "figure_of_merit": 1.5077685887328156,
    "STALL_HIGH": 0.0,
    "STALL_LOW": 0.0,
    "main_RPM": 5134.765625,
    "disk_loading": 122.83881919867298
}