{
    "thrust_main": 60.18972443141607,
    "torque_main": 4.879619140832736,
    "thrust_small": 4.926031083738954,
    "torque_small": 0.2556446606932631,
    "moment_created": 4.696786351806013,
    "power_required": 324.5989359686698,
    "p_induced": 174.15791135301959,
    "p_profile": 36.66907027737102,
    "p_total": 210.8269816303906,
    "p_ideal": 176.53137198839474,
    "power_loading": 0.18542797822733947,
    "figure_of_merit": 0.5438445799632365,
    "STALL_MAIN_HIGH": 0.0,
    "STALL_MAIN_LOW": 0.0,
    "STALL_SMALL_HIGH": 0.0,
    "STALL_SMALL_LOW": 0.0,
    "disk_loading": 21.074882766517554,
    "efficiency_small": 0.6352183423716851,
    "RPM_main": 418.359375,
    "RPM_small": 12187.5
}