{
    "thrust_main": 68.02978486306885,
    "torque_main": 5.961940320290889,
    "thrust_small": 2.453553365688534,
    "torque_small": 0.15389507178672013,
    "moment_created": 2.453553365688534,
    "power_required": 177.27439654797382,
    "p_induced": 200.77845173529278,
    "p_profile": 38.82246341952379,
    "p_total": 239.60091515481656,
    "p_ideal": 202.2509954388234,
    "power_loading": 0.3837541471740884,
    "figure_of_merit": 1.140892308067118,
    "STALL_MAIN_HIGH": 0.0,
    "STALL_MAIN_LOW": 0.0,
    "STALL_SMALL_HIGH": 0.0,
    "STALL_SMALL_LOW": 0.0,
    "disk_loading": 21.654553076871213,
    "efficiency_small": 0.5652527941213993,
    "RPM_main": null,
    "RPM_small": null
}