{
    "thrust_main": 68.01830933402564,
    "torque_main": 5.9676805207115,
    "thrust_small": 2.5998914416878947,
    "torque_small": 0.15954956064389217,
    "moment_created": 2.5998914416878947,
    "power_required": 183.78790012092523,
    "p_induced": 201.0746677160948,
    "p_profile": 38.815030131194874,
    "p_total": 239.88969784728968,
    "p_ideal": 202.19982286864882,
    "power_loading": 0.37009133511657877,
    "figure_of_merit": 1.1001802770237283,
    "STALL_MAIN_HIGH": 0.0,
    "STALL_MAIN_LOW": 0.0,
    "STALL_SMALL_HIGH": 0.0,
    "STALL_SMALL_LOW": 0.0,
    "disk_loading": 21.65090030252757,
    "efficiency_small": 0.5777387848904496,
    "RPM_main": null,
    "RPM_small": null
}