{
    "thrust_main": 58.736181480633476,
    "torque_main": 6.23777050391097,
    "thrust_small": 5.0773747031657175,
    "torque_small": 0.060220720650950785,
    "moment_created": 4.925053462070746,
    "power_required": 132.11203976146498,
    "p_induced": 167.9404963540689,
    "p_profile": 22.53086486036969,
    "p_total": 190.4713612144386,
    "p_ideal": 167.2741573358904,
    "power_loading": 0.30837277114067796,
    "figure_of_merit": 0.8782115918600905,
    "STALL_MAIN_HIGH": 0.0,
    "STALL_MAIN_LOW": 0.0,
    "STALL_SMALL_HIGH": 0.07407407407407407,
    "STALL_SMALL_LOW": 0.037037037037037035,
    "disk_loading": 19.87066345198312
}