{
    "thrust": 60.004698120420414,
    "torque": 1.016260996629799,
    "p_induced": 426.3452870629483,
    "p_profile": 131.46362629390157,
    "p_total": 557.8089133568499,
    "p_ideal": 424.7639544049875,
    "power_loading": 0.10757213928210091,
    "figure_of_merit": 0.761486495166941,
    "STALL_HIGH": 0.0,
    "STALL_LOW": 0.0,
    "main_RPM": 5292.96875,
    "disk_loading": 122.76961235438019
}