{
    "thrust": 59.942109456147975,
    "torque": 1.1081377350610564,
    "p_induced": 386.390732326946,
    "p_profile": 119.488508039069,
    "p_total": 505.87924036601504,
    "p_ideal": 774.2962906112847,
    "power_loading": 0.1184909454137286,
    "figure_of_merit": 1.5305951081350242,
    "STALL_HIGH": 0.0,
    "STALL_LOW": 0.0,
    "main_RPM": 4404.296875,
    "disk_loading": 102.20129662273231
}