{
    "thrust": 60.00600468376998,
    "torque": 5.254827094873156,
    "p_induced": 173.9542548150443,
    "p_profile": 32.491966263727676,
    "p_total": 206.44622107877197,
    "p_ideal": 175.72373734192615,
    "power_loading": 0.2906616762961914,
    "figure_of_merit": 0.8511840828264747,
    "STALL_HIGH": 0.0,
    "STALL_LOW": 0.0,
    "main_RPM": 381.8359375,
    "disk_loading": 21.010554973358317
}