{
    "thrust_main": 68.81826067109918,
    "torque_main": 5.948344943422018,
    "thrust_small": 3.1014880022508895,
    "torque_small": 0.1775648674793279,
    "moment_created": 3.1014880022508895,
    "power_required": 213.8373185634178,
    "p_induced": 200.4636404262338,
    "p_profile": 38.768520188046125,
    "p_total": 239.23216061427993,
    "p_ideal": 205.7773449467942,
    "power_loading": 0.32182530688949756,
    "figure_of_merit": 0.9623079186048002,
    "STALL_MAIN_HIGH": 0.0,
    "STALL_MAIN_LOW": 0.0,
    "STALL_SMALL_HIGH": 0.0,
    "STALL_SMALL_LOW": 0.0,
    "disk_loading": 21.90553272158402,
    "efficiency_small": 0.59235196106507,
    "RPM_main": null,
    "RPM_small": null
}