{
    "thrust_main": 68.99921137265574,
    "torque_main": 5.9687414060017705,
    "thrust_small": 3.4659777789975723,
    "torque_small": 0.19014305512064897,
    "moment_created": 3.4659777789975723,
    "power_required": 228.98494295437874,
    "p_induced": 201.55302194220965,
    "p_profile": 38.73565383163638,
    "p_total": 240.28867577384602,
    "p_ideal": 206.58948450047083,
    "power_loading": 0.30132641248120245,
    "figure_of_merit": 0.9021968075063791,
    "STALL_MAIN_HIGH": 0.0,
    "STALL_MAIN_LOW": 0.0,
    "STALL_SMALL_HIGH": 0.0,
    "STALL_SMALL_LOW": 0.0,
    "disk_loading": 21.963131118801364,
    "efficiency_small": 0.6181759046589879,
    "RPM_main": null,
    "RPM_small": null
}