{
    "thrust_main": 60.01493153406536,
    "torque_main": 6.377375065313439,
    "thrust_small": 3.6193595535743253,
    "torque_small": 0.30410155414452283,
    "moment_created": 3.815139953461695,
    "power_required": 222.91808197074235,
    "p_induced": 149.22535995280825,
    "p_profile": 23.11205583950273,
    "p_total": 172.337415792311,
    "p_ideal": 158.98357137756923,
    "power_loading": 0.26922415177581793,
    "figure_of_merit": 0.7131928014634343,
    "STALL_MAIN_HIGH": 0.0,
    "STALL_MAIN_LOW": 0.0,
    "STALL_SMALL_HIGH": 1.0,
    "STALL_SMALL_LOW": 0.0,
    "disk_loading": 17.193011423342707,
    "efficiency_small": 0.46822014331257045
}