{
    "thrust": 59.02096618152741,
    "torque": -0.04381220745211072,
    "p_induced": -1188.7455719954316,
    "p_profile": 451.89618680401014,
    "p_total": -736.8493851914216,
    "p_ideal": 594.3178847911872,
    "power_loading": -0.08009909130370614,
    "figure_of_merit": -0.8065663034200579,
    "STALL_HIGH": 0.2,
    "STALL_LOW": 0.06666666666666667,
    "main_RPM": 4000,
    "disk_loading": 62.1056430667747
}