{
    "thrust": 59.95840603980511,
    "torque": 0.9399955792665426,
    "p_induced": 419.1191905132424,
    "p_profile": 159.83915000674358,
    "p_total": 578.958340519986,
    "p_ideal": 424.2725075283288,
    "power_loading": 0.10356255682568462,
    "figure_of_merit": 0.7328204429135133,
    "STALL_HIGH": 0.0,
    "STALL_LOW": 0.0,
    "main_RPM": 5943.359375,
    "disk_loading": 122.67489875744127
}