{
    "thrust_main": 67.9425212555444,
    "torque_main": 5.955453215770561,
    "thrust_small": 1.6397966421601826,
    "torque_small": 0.12330862410176432,
    "moment_created": 1.6397966421601826,
    "power_required": 142.04133812092286,
    "p_induced": 200.43259429551227,
    "p_profile": 38.83316335565085,
    "p_total": 239.26575765116314,
    "p_ideal": 201.86197119259535,
    "power_loading": 0.47832921144197804,
    "figure_of_merit": 1.4211494615795994,
    "STALL_MAIN_HIGH": 0.0,
    "STALL_MAIN_LOW": 0.0,
    "STALL_SMALL_HIGH": 0.0,
    "STALL_SMALL_LOW": 0.0,
    "disk_loading": 21.62677620789212,
    "efficiency_small": 0.47148563216226563,
    "RPM_main": null,
    "RPM_small": null
}