{
    "thrust_main": 68.0172037895625,
    "torque_main": 5.964922750725038,
    "thrust_small": 2.472827390993956,
    "torque_small": 0.1549193375389938,
    "moment_created": 2.472827390993956,
    "power_required": 178.45426599428535,
    "p_induced": 200.92527900584392,
    "p_profile": 38.81912166948982,
    "p_total": 239.74440067533374,
    "p_ideal": 202.19489316688612,
    "power_loading": 0.3811464153607884,
    "figure_of_merit": 1.1330347976851447,
    "STALL_MAIN_HIGH": 0.0,
    "STALL_MAIN_LOW": 0.0,
    "STALL_SMALL_HIGH": 0.0,
    "STALL_SMALL_LOW": 0.0,
    "disk_loading": 21.650548396795337,
    "efficiency_small": 0.5659265817165847,
    "RPM_main": null,
    "RPM_small": null
}