{
    "thrust": 70.87878262656461,
    "torque": 6.242249350033898,
    "p_induced": 215.56815801037988,
    "p_profile": 41.33509316270975,
    "p_total": 256.90325117308964,
    "p_ideal": 215.08810638457408,
    "power_loading": 0.27589679111849674,
    "figure_of_merit": 0.8372338824145809,
    "STALL_HIGH": 0.0,
    "STALL_LOW": 0.0,
    "main_RPM": null,
    "disk_loading": 22.561417230707423
}