{
    "thrust": 59.99287820906268,
    "torque": 1.6280169699289386,
    "p_induced": 328.974193213278,
    "p_profile": 500.7752987903984,
    "p_total": 829.7494920036763,
    "p_ideal": 744.4046039784923,
    "power_loading": 0.07230239823852387,
    "figure_of_merit": 0.8971437899659409,
    "STALL_HIGH": 0.0,
    "STALL_LOW": 0.0,
    "main_RPM": 5810.546875,
    "disk_loading": 94.30284560278892
}