{
    "thrust_main": 67.93597055061011,
    "torque_main": 5.95421679531816,
    "thrust_small": 1.5581267104037844,
    "torque_small": 0.12041783151826578,
    "moment_created": 1.5581267104037844,
    "power_required": 138.71138411501892,
    "p_induced": 200.3670691383528,
    "p_profile": 38.83513765710779,
    "p_total": 239.2022067954606,
    "p_ideal": 201.8327779941605,
    "power_loading": 0.4897649243718733,
    "figure_of_merit": 1.4550556126438878,
    "STALL_MAIN_HIGH": 0.0,
    "STALL_MAIN_LOW": 0.0,
    "STALL_SMALL_HIGH": 0.0,
    "STALL_SMALL_LOW": 0.0,
    "disk_loading": 21.62469105375006,
    "efficiency_small": 0.45875825516400454,
    "RPM_main": null,
    "RPM_small": null
}