{
    "thrust": 70.8921164754318,
    "torque": 6.240698837354861,
    "p_induced": 215.49265070892574,
    "p_profile": 41.336304659364416,
    "p_total": 256.82895536829017,
    "p_ideal": 215.14880340294022,
    "power_loading": 0.2760285201245055,
    "figure_of_merit": 0.8377124109484422,
    "STALL_HIGH": 0.0,
    "STALL_LOW": 0.0,
    "main_RPM": null,
    "disk_loading": 22.56566152662273
}