{
    "thrust_main": 68.02265435675429,
    "torque_main": 5.962662209547777,
    "thrust_small": 2.400480855430982,
    "torque_small": 0.15216479127530286,
    "moment_created": 2.400480855430982,
    "power_required": 175.28125648208976,
    "p_induced": 200.81068745862257,
    "p_profile": 38.821855048901256,
    "p_total": 239.63254250752382,
    "p_ideal": 202.21919802363067,
    "power_loading": 0.38807717220868304,
    "figure_of_merit": 1.1536840965325543,
    "STALL_MAIN_HIGH": 0.0,
    "STALL_MAIN_LOW": 0.0,
    "STALL_SMALL_HIGH": 0.0,
    "STALL_SMALL_LOW": 0.0,
    "disk_loading": 21.65228336621779,
    "efficiency_small": 0.5593143912487839,
    "RPM_main": null,
    "RPM_small": null
}