{
    "thrust_main": 69.13884381357727,
    "torque_main": 5.981167184731058,
    "thrust_small": 3.508417748445085,
    "torque_small": 0.19153547036277624,
    "moment_created": 3.508417748445085,
    "power_required": 230.66179686095458,
    "p_induced": 202.2311802818264,
    "p_profile": 38.715155865639325,
    "p_total": 240.94633614746573,
    "p_ideal": 207.21690869658502,
    "power_loading": 0.29974120012277067,
    "figure_of_merit": 0.8983581655764938,
    "STALL_MAIN_HIGH": 0.0,
    "STALL_MAIN_LOW": 0.0,
    "STALL_SMALL_HIGH": 0.0,
    "STALL_SMALL_LOW": 0.0,
    "disk_loading": 22.00757750517866,
    "efficiency_small": 0.6211962902618774,
    "RPM_main": null,
    "RPM_small": null
}