{
    "thrust_main": 68.7977246865184,
    "torque_main": 5.951691397568644,
    "thrust_small": 3.19692030621859,
    "torque_small": 0.18098263982839025,
    "moment_created": 3.19692030621859,
    "power_required": 217.95326382307772,
    "p_induced": 200.6266148826797,
    "p_profile": 38.76546236918275,
    "p_total": 239.39207725186245,
    "p_ideal": 205.68524311795824,
    "power_loading": 0.31565356480444606,
    "figure_of_merit": 0.9437126084283923,
    "STALL_MAIN_HIGH": 0.0,
    "STALL_MAIN_LOW": 0.0,
    "STALL_SMALL_HIGH": 0.0,
    "STALL_SMALL_LOW": 0.0,
    "disk_loading": 21.898995914669435,
    "efficiency_small": 0.5990480492721775,
    "RPM_main": null,
    "RPM_small": null
}