{
    "thrust_main": 60.38957919208849,
    "torque_main": 5.21055857707203,
    "thrust_small": 5.289901650994111,
    "torque_small": 0.2179835452537827,
    "moment_created": 5.5760459384755,
    "power_required": 236.83202859566424,
    "p_induced": 145.99866733048208,
    "p_profile": 31.235539941638805,
    "p_total": 177.2342072721209,
    "p_ideal": 160.47459238686295,
    "power_loading": 0.25498907200254445,
    "figure_of_merit": 0.6775882186983928,
    "STALL_MAIN_HIGH": 0.0,
    "STALL_MAIN_LOW": 0.0,
    "STALL_SMALL_HIGH": 0.0,
    "STALL_SMALL_LOW": 0.0,
    "disk_loading": 17.30034007138864,
    "efficiency_small": 0.8159442905427673,
    "RPM_main": 329.84375,
    "RPM_small": 10312.5
}