{
    "thrust_main": 59.96109680877894,
    "torque_main": 6.1429311457847335,
    "thrust_small": 3.841024415647702,
    "torque_small": 0.3377177740855327,
    "moment_created": 4.048795233921343,
    "power_required": 247.56005821265006,
    "p_induced": 149.08783451595778,
    "p_profile": 24.52884511342316,
    "p_total": 173.61667962938094,
    "p_ideal": 158.76970167003802,
    "power_loading": 0.24220828368554242,
    "figure_of_merit": 0.6413381173697149,
    "STALL_MAIN_HIGH": 0.0,
    "STALL_MAIN_LOW": 0.0,
    "STALL_SMALL_HIGH": 1.0,
    "STALL_SMALL_LOW": 0.0,
    "disk_loading": 17.17758891059192,
    "efficiency_small": 0.4685090840234849
}