{
    "thrust_main": 59.936681177615284,
    "torque_main": 6.343428948439538,
    "thrust_small": 6.015355716687894,
    "torque_small": 0.38306456406876466,
    "moment_created": 6.340741666949426,
    "power_required": 381.0870597709988,
    "p_induced": 156.67442956582323,
    "p_profile": 25.387180350793603,
    "p_total": 182.06160991661685,
    "p_ideal": 158.67273710367525,
    "power_loading": 0.15727818523576262,
    "figure_of_merit": 0.41636873526753754,
    "STALL_MAIN_HIGH": 0.0,
    "STALL_MAIN_LOW": 0.0,
    "STALL_SMALL_HIGH": 1.0,
    "STALL_SMALL_LOW": 0.0,
    "disk_loading": 17.17059434749279,
    "efficiency_small": 0.4833761053232801
}