{
    "thrust_main": 68.02403004399771,
    "torque_main": 5.969375698606971,
    "thrust_small": 2.669016767621685,
    "torque_small": 0.1619990174654015,
    "moment_created": 2.669016767621685,
    "power_required": 186.60947182469732,
    "p_induced": 201.17889991006027,
    "p_profile": 38.81210111095177,
    "p_total": 239.99100102101204,
    "p_ideal": 202.2253325632245,
    "power_loading": 0.36452613781523435,
    "figure_of_merit": 1.0836820370682838,
    "STALL_MAIN_HIGH": 0.0,
    "STALL_MAIN_LOW": 0.0,
    "STALL_SMALL_HIGH": 0.0,
    "STALL_SMALL_LOW": 0.0,
    "disk_loading": 21.65272126106767,
    "efficiency_small": 0.5841317915819922,
    "RPM_main": null,
    "RPM_small": null
}