{
    "thrust_main": 59.91798629318142,
    "torque_main": 6.059475904077188,
    "thrust_small": 4.981993342377345,
    "torque_small": 0.42135004657837877,
    "moment_created": 4.981993342377345,
    "power_required": 308.8657158815341,
    "p_induced": 157.7057762374921,
    "p_profile": 24.15512498688749,
    "p_total": 181.8609012243796,
    "p_ideal": 167.1775034542842,
    "power_loading": 0.19399364582167825,
    "figure_of_merit": 0.5412627393012612,
    "STALL_MAIN_HIGH": 0.0,
    "STALL_MAIN_LOW": 0.0,
    "STALL_SMALL_HIGH": 1.0,
    "STALL_SMALL_LOW": 0.0,
    "disk_loading": 19.07248739734451,
    "efficiency_small": 0.4899785138796964
}