{
    "thrust_main": 67.95127819671563,
    "torque_main": 4.648052458062463,
    "thrust_small": 6.981572494664011,
    "torque_small": 0.2645137557454809,
    "moment_created": 6.656668187768156,
    "power_required": 457.04695950307183,
    "p_induced": 171.41532631426705,
    "p_profile": 34.414711380074884,
    "p_total": 205.83003769434194,
    "p_ideal": 211.75555386461565,
    "power_loading": 0.1486746094331231,
    "figure_of_merit": 0.4633124659550272,
    "STALL_MAIN_HIGH": 0.0,
    "STALL_MAIN_LOW": 0.0,
    "STALL_SMALL_HIGH": 0.0,
    "STALL_SMALL_LOW": 0.0,
    "disk_loading": 23.79251999172362,
    "efficiency_small": 0.6289036560491997,
    "RPM_main": 411.484375,
    "RPM_small": 16500.0
}