{
    "thrust_main": 51.18422666516282,
    "torque_main": 4.199025701867078,
    "thrust_small": 4.410356438638861,
    "torque_small": 0.1992909655505623,
    "moment_created": 4.2051098694805775,
    "power_required": 275.87136154812254,
    "p_induced": 137.531096818989,
    "p_profile": 30.55450818181242,
    "p_total": 168.08560500080142,
    "p_ideal": 138.43394108238297,
    "power_loading": 0.18553657174825786,
    "figure_of_merit": 0.5018061327769784,
    "STALL_MAIN_HIGH": 0.0,
    "STALL_MAIN_LOW": 0.0,
    "STALL_SMALL_HIGH": 0.0,
    "STALL_SMALL_LOW": 0.0,
    "disk_loading": 17.921689900612655,
    "efficiency_small": 0.6190434748515036,
    "RPM_main": 388.90625,
    "RPM_small": 13218.75
}