{
    "thrust_main": 66.37293220513979,
    "torque_main": 6.246521916633197,
    "thrust_small": 2.7170672154166153,
    "torque_small": 0.1636725022220043,
    "moment_created": 2.7170672154166153,
    "power_required": 188.53718787768528,
    "p_induced": 216.27790791534107,
    "p_profile": 38.47759346906798,
    "p_total": 254.75550138440906,
    "p_ideal": 194.90748958010934,
    "power_loading": 0.35204159429915577,
    "figure_of_merit": 1.0337880381803342,
    "STALL_MAIN_HIGH": 0.0,
    "STALL_MAIN_LOW": 0.0,
    "STALL_SMALL_HIGH": 0.0,
    "STALL_SMALL_LOW": 0.0,
    "disk_loading": 21.1271604959025,
    "efficiency_small": 0.5885679132673046,
    "RPM_main": null,
    "RPM_small": null
}