{
    "thrust_main": 68.84848572008183,
    "torque_main": 5.949746641019362,
    "thrust_small": 3.1491899850988636,
    "torque_small": 0.17912367139682406,
    "moment_created": 3.1491899850988636,
    "power_required": 215.7145505553958,
    "p_induced": 200.54319325862798,
    "p_profile": 38.76539157597312,
    "p_total": 239.3085848346011,
    "p_ideal": 205.91292625479724,
    "power_loading": 0.3191647737383457,
    "figure_of_merit": 0.9545620623395014,
    "STALL_MAIN_HIGH": 0.0,
    "STALL_MAIN_LOW": 0.0,
    "STALL_SMALL_HIGH": 0.0,
    "STALL_SMALL_LOW": 0.0,
    "disk_loading": 21.915153653485586,
    "efficiency_small": 0.5962283826204274,
    "RPM_main": null,
    "RPM_small": null
}