{
    "thrust_main": 60.22900120378641,
    "torque_main": 5.174166695030896,
    "thrust_small": 4.743874818144768,
    "torque_small": 0.2777708070179814,
    "moment_created": 5.000483120018177,
    "power_required": 209.07065327420705,
    "p_induced": 144.32418741262023,
    "p_profile": 31.268940034510113,
    "p_total": 175.59312744713034,
    "p_ideal": 159.83495679064092,
    "power_loading": 0.2880796527898774,
    "figure_of_merit": 0.7645021158517596,
    "STALL_MAIN_HIGH": 0.0,
    "STALL_MAIN_LOW": 0.0,
    "STALL_SMALL_HIGH": 0.0,
    "STALL_SMALL_LOW": 0.0,
    "disk_loading": 17.254337866326587,
    "efficiency_small": 0.8288834896011875,
    "RPM_main": 329.84375,
    "RPM_small": 7218.75
}