{
    "thrust_main": 60.06477692675519,
    "torque_main": 6.014145921533456,
    "thrust_small": 6.010389788846807,
    "torque_small": 0.3711593322846112,
    "moment_created": 6.010389788846807,
    "power_required": 403.2525367675719,
    "p_induced": 165.44818965905884,
    "p_profile": 26.734041519234008,
    "p_total": 192.18223117829285,
    "p_ideal": 167.79222159607812,
    "power_loading": 0.14895077265533865,
    "figure_of_merit": 0.4160971259873085,
    "STALL_MAIN_HIGH": 0.0,
    "STALL_MAIN_LOW": 0.0,
    "STALL_SMALL_HIGH": 1.0,
    "STALL_SMALL_LOW": 0.0,
    "disk_loading": 19.11921230721022,
    "efficiency_small": 0.48239240464258565
}