{
    "thrust_main": 67.95598264384213,
    "torque_main": 5.956566782161601,
    "thrust_small": 1.7312047089196863,
    "torque_small": 0.12648981076316357,
    "moment_created": 1.7312047089196863,
    "power_required": 145.7058020908125,
    "p_induced": 200.49629887300267,
    "p_profile": 38.830905886233865,
    "p_total": 239.32720475923654,
    "p_ideal": 201.92196624984894,
    "power_loading": 0.4663917405395286,
    "figure_of_merit": 1.38581966779881,
    "STALL_MAIN_HIGH": 0.0,
    "STALL_MAIN_LOW": 0.0,
    "STALL_SMALL_HIGH": 0.0,
    "STALL_SMALL_LOW": 0.0,
    "disk_loading": 21.631061100869044,
    "efficiency_small": 0.4852491728242121,
    "RPM_main": null,
    "RPM_small": null
}