{
    "thrust_main": 60.526217067810606,
    "torque_main": 6.233926047734603,
    "thrust_small": 6.057801277800363,
    "torque_small": 0.05997609254829558,
    "moment_created": 6.239535316134374,
    "power_required": 158.587213548462,
    "p_induced": 156.086941161158,
    "p_profile": 26.0152708524332,
    "p_total": 182.10221201359118,
    "p_ideal": 164.78591708776338,
    "power_loading": 0.33237496897233315,
    "figure_of_merit": 0.9049089259578275,
    "STALL_MAIN_HIGH": 0.0,
    "STALL_MAIN_LOW": 0.0,
    "STALL_SMALL_HIGH": 0.0,
    "STALL_SMALL_LOW": 0.037037037037037035,
    "disk_loading": 18.16014069751174
}