{
    "thrust_main": 59.992133030880986,
    "torque_main": 5.019613959159617,
    "thrust_small": 5.188202308331533,
    "torque_small": 0.2125293953598761,
    "moment_created": 4.946756806431742,
    "power_required": 325.84213413814393,
    "p_induced": 177.95211459285494,
    "p_profile": 36.10461719702607,
    "p_total": 214.056731789881,
    "p_ideal": 175.66280749444445,
    "power_loading": 0.18411410540739565,
    "figure_of_merit": 0.5391040294990533,
    "STALL_MAIN_HIGH": 0.0,
    "STALL_MAIN_LOW": 0.0,
    "STALL_SMALL_HIGH": 0.0,
    "STALL_SMALL_LOW": 0.0,
    "disk_loading": 21.005697940680815,
    "efficiency_small": 0.655543254177638,
    "RPM_main": 412.34375,
    "RPM_small": 14695.3125
}