{
    "thrust_main": 68.0239861000628,
    "torque_main": 5.96950140159494,
    "thrust_small": 2.6738745598256854,
    "torque_small": 0.1621677107052295,
    "moment_created": 2.6738745598256854,
    "power_required": 186.80379248711384,
    "p_induced": 201.18770426244993,
    "p_profile": 38.81189824834176,
    "p_total": 239.9996025107917,
    "p_ideal": 202.22513660507389,
    "power_loading": 0.3641467081282906,
    "figure_of_merit": 1.0825536993261196,
    "STALL_MAIN_HIGH": 0.0,
    "STALL_MAIN_LOW": 0.0,
    "STALL_SMALL_HIGH": 0.0,
    "STALL_SMALL_LOW": 0.0,
    "disk_loading": 21.65270727327875,
    "efficiency_small": 0.5845862083692571,
    "RPM_main": null,
    "RPM_small": null
}