{
    "thrust": 0.9158019993522988,
    "torque": 0.06222022369740997,
    "p_induced": -10.094558721887026,
    "p_profile": 23.66203079943149,
    "p_total": 13.567472077544465,
    "p_ideal": 0.80088867676375,
    "power_loading": 0.06749982562101922,
    "figure_of_merit": 0.0590300589664969,
    "STALL_HIGH": 0.10204081632653061,
    "STALL_LOW": 0.10204081632653061,
    "main_RPM": 4000,
    "disk_loading": 1.8737308906748036
}