{
    "thrust_main": 127.37625003964018,
    "torque_main": 17.855742124555533,
    "thrust_small": 14.728159934496903,
    "torque_small": 0.1382746277094531,
    "moment_created": 16.200975927946594,
    "power_required": 405.4423842838894,
    "p_induced": 631.2624388600831,
    "p_profile": 42.09093940335722,
    "p_total": 673.3533782634403,
    "p_ideal": 471.0662880228306,
    "power_loading": 0.18916701712871778,
    "figure_of_merit": 0.6995825716916985,
    "STALL_MAIN_HIGH": 0.0,
    "STALL_MAIN_LOW": 0.07142857142857142,
    "STALL_SMALL_HIGH": 0.14814814814814814,
    "STALL_SMALL_LOW": 0.07407407407407407,
    "disk_loading": 33.50836334928589
}