{
    "thrust_main": 71.722883901215,
    "torque_main": 5.83532560128066,
    "thrust_small": 1.8449100430820375,
    "torque_small": 0.13028170301332742,
    "moment_created": 1.8449100430820375,
    "power_required": 150.0737483974644,
    "p_induced": 195.84153848683297,
    "p_profile": 38.680100081036485,
    "p_total": 234.52163856786945,
    "p_ideal": 218.94177623463563,
    "power_loading": 0.4779175882997189,
    "figure_of_merit": 1.4588945673215075,
    "STALL_MAIN_HIGH": 0.0,
    "STALL_MAIN_LOW": 0.0,
    "STALL_SMALL_HIGH": 0.0,
    "STALL_SMALL_LOW": 0.0,
    "disk_loading": 22.83010301136898,
    "efficiency_small": 0.5020693272278439,
    "RPM_main": null,
    "RPM_small": null
}