{
    "thrust_main": 59.47964810974531,
    "torque_main": 4.743164172414897,
    "thrust_small": 5.537384239904048,
    "torque_small": 0.2292109455134563,
    "moment_created": 5.537384239904048,
    "power_required": 340.9163891124368,
    "p_induced": 147.11736741329932,
    "p_profile": 33.78778084083124,
    "p_total": 180.90514825413055,
    "p_ideal": 165.34634804831165,
    "power_loading": 0.17446989939262933,
    "figure_of_merit": 0.48500557124515126,
    "STALL_MAIN_HIGH": 0.0,
    "STALL_MAIN_LOW": 0.0,
    "STALL_SMALL_HIGH": 0.0,
    "STALL_SMALL_LOW": 0.0,
    "disk_loading": 18.93296002006495,
    "efficiency_small": 0.6298741284598783,
    "RPM_main": 371.40625,
    "RPM_small": 14148.4375
}