{
    "thrust": 70.87956311848215,
    "torque": 6.242467222255701,
    "p_induced": 215.58047618561443,
    "p_profile": 41.3347145611114,
    "p_total": 256.91519074672584,
    "p_ideal": 215.09165910482085,
    "power_loading": 0.27588700735238814,
    "figure_of_merit": 0.8372088021718583,
    "STALL_HIGH": 0.0,
    "STALL_LOW": 0.0,
    "main_RPM": null,
    "disk_loading": 22.561665669000863
}