{
    "thrust": 1.3028022469826441,
    "torque": 0.06662348598091106,
    "p_induced": 50.37217631985211,
    "p_profile": 11.415426075813308,
    "p_total": 61.78760239566542,
    "p_ideal": 7.14658406194047,
    "power_loading": 0.021085172372282236,
    "figure_of_merit": 0.11566372192557879,
    "STALL_HIGH": 0.0,
    "STALL_LOW": 0.034482758620689655,
    "main_RPM": null,
    "disk_loading": 73.7235262145835
}