{
    "thrust_main": 77.15870619031092,
    "torque_main": 5.936319933710973,
    "thrust_small": 3.624328111413029,
    "torque_small": 0.19539639118790175,
    "moment_created": 3.624328111413029,
    "power_required": 235.31141571940705,
    "p_induced": 203.20215074737501,
    "p_profile": 38.16633276074601,
    "p_total": 241.36848350812102,
    "p_ideal": 244.2977271795402,
    "power_loading": 0.32790039511860086,
    "figure_of_merit": 1.038189016171016,
    "STALL_MAIN_HIGH": 0.0,
    "STALL_MAIN_LOW": 0.0,
    "STALL_SMALL_HIGH": 0.0,
    "STALL_SMALL_LOW": 0.0,
    "disk_loading": 24.560378985526416,
    "efficiency_small": 0.6290392369817904,
    "RPM_main": null,
    "RPM_small": null
}