{
    "thrust": 0.76992499298874,
    "torque": 0.049430673581666786,
    "p_induced": 32.409473257794716,
    "p_profile": 11.341529946154076,
    "p_total": 43.75100320394879,
    "p_ideal": 3.2467839071609697,
    "power_loading": 0.017597882027977123,
    "figure_of_merit": 0.07421050191754067,
    "STALL_HIGH": 0.0,
    "STALL_LOW": 0.034482758620689655,
    "main_RPM": null,
    "disk_loading": 43.568842113475846
}