{
    "thrust": 12.850862812802614,
    "torque": 0.03328003739962315,
    "p_induced": -384.84496501608515,
    "p_profile": 173.05640542332472,
    "p_total": -211.78855959276044,
    "p_ideal": 68.74681299739748,
    "power_loading": -0.06067779504952021,
    "figure_of_merit": -0.32460116414969686,
    "STALL_HIGH": 0.2857142857142857,
    "STALL_LOW": 0.12244897959183673,
    "main_RPM": 5500.0,
    "disk_loading": 17.528576876662765
}