{
    "thrust_main": 67.96899669184432,
    "torque_main": 5.951230522104254,
    "thrust_small": 1.5252027064299547,
    "torque_small": 0.11895685192465255,
    "moment_created": 1.5252027064299547,
    "power_required": 137.0284564369603,
    "p_induced": 200.2282932849082,
    "p_profile": 38.83703804305971,
    "p_total": 239.0653313279679,
    "p_ideal": 201.9799732390826,
    "power_loading": 0.4960210343105874,
    "figure_of_merit": 1.4740002076284286,
    "STALL_MAIN_HIGH": 0.0,
    "STALL_MAIN_LOW": 0.0,
    "STALL_SMALL_HIGH": 0.0,
    "STALL_SMALL_LOW": 0.0,
    "disk_loading": 21.63520360100741,
    "efficiency_small": 0.45457968841314406,
    "RPM_main": null,
    "RPM_small": null
}