{
    "thrust_main": 68.11692515194142,
    "torque_main": 5.924408849215345,
    "thrust_small": 1.8066878859901514,
    "torque_small": 0.12899305979634723,
    "moment_created": 1.8066878859901514,
    "power_required": 148.5893379741573,
    "p_induced": 199.0247846798583,
    "p_profile": 38.85118606259702,
    "p_total": 237.8759707424553,
    "p_ideal": 202.6397189833396,
    "power_loading": 0.45842404361333333,
    "figure_of_merit": 1.3637567926884684,
    "STALL_MAIN_HIGH": 0.0,
    "STALL_MAIN_LOW": 0.0,
    "STALL_SMALL_HIGH": 0.0,
    "STALL_SMALL_LOW": 0.0,
    "disk_loading": 21.68229069230426,
    "efficiency_small": 0.49657941192452065,
    "RPM_main": null,
    "RPM_small": null
}