{
    "thrust_main": 62.02905998480325,
    "torque_main": 0.1470631931288866,
    "thrust_small": 19.876424688642228,
    "torque_small": 0.9764439581174528,
    "moment_created": 19.876424688642228,
    "power_required": 1329.2886383682135,
    "p_induced": 48.31985284568821,
    "p_profile": 25.871225637068186,
    "p_total": 74.1910784827564,
    "p_ideal": 176.09005173973398,
    "power_loading": 0.0466633492489245,
    "figure_of_merit": 0.1324693875033008,
    "STALL_MAIN_HIGH": 0.07142857142857142,
    "STALL_MAIN_LOW": 0.14285714285714285,
    "STALL_SMALL_HIGH": 1.0,
    "STALL_SMALL_LOW": 0.0,
    "disk_loading": 19.744463023850248,
    "efficiency_small": 0.47210710440987674
}