{
    "thrust_main": 67.9995500182466,
    "torque_main": 5.964746329684713,
    "thrust_small": 2.680987222976408,
    "torque_small": 0.16212284915040542,
    "moment_created": 2.680987222976408,
    "power_required": 186.7521156857237,
    "p_induced": 201.0043319331645,
    "p_profile": 38.82155752644594,
    "p_total": 239.82588945961044,
    "p_ideal": 202.11617916701235,
    "power_loading": 0.3641166246955928,
    "figure_of_merit": 1.0822698228872765,
    "STALL_MAIN_HIGH": 0.0,
    "STALL_MAIN_LOW": 0.0,
    "STALL_SMALL_HIGH": 0.0,
    "STALL_SMALL_LOW": 0.0,
    "disk_loading": 21.644929026857056,
    "efficiency_small": 0.5863034350691066,
    "RPM_main": null,
    "RPM_small": null
}