{
    "thrust_main": 68.02940280175856,
    "torque_main": 5.9631426909395575,
    "thrust_small": 2.5440018796031794,
    "torque_small": 0.1571110317718797,
    "moment_created": 2.5440018796031794,
    "power_required": 180.97891651130115,
    "p_induced": 200.8445709274893,
    "p_profile": 38.82129414278691,
    "p_total": 239.6658650702762,
    "p_ideal": 202.24929165190153,
    "power_loading": 0.3758968398814041,
    "figure_of_merit": 1.1175295749948428,
    "STALL_MAIN_HIGH": 0.0,
    "STALL_MAIN_LOW": 0.0,
    "STALL_SMALL_HIGH": 0.0,
    "STALL_SMALL_LOW": 0.0,
    "disk_loading": 21.65443146297902,
    "efficiency_small": 0.5740935519270411,
    "RPM_main": null,
    "RPM_small": null
}