{
    "thrust_main": 66.78272223348708,
    "torque_main": 6.644438196956976,
    "thrust_small": 6.432164411920982,
    "torque_small": 0.30052267288885737,
    "moment_created": 6.7800966087826,
    "power_required": 381.58176114317104,
    "p_induced": 189.9365513370814,
    "p_profile": 32.2488675527265,
    "p_total": 222.1854188898079,
    "p_ideal": 186.62054493006482,
    "power_loading": 0.17501549873194786,
    "figure_of_merit": 0.4890709251170001,
    "STALL_MAIN_HIGH": 0.0,
    "STALL_MAIN_LOW": 0.0,
    "STALL_SMALL_HIGH": 0.0,
    "STALL_SMALL_LOW": 0.0,
    "disk_loading": 19.13184064186649,
    "efficiency_small": 0.5994950188721757,
    "RPM_main": 321.09375,
    "RPM_small": 12062.5
}