{
    "thrust": 60.05132090385841,
    "torque": 0.9431165274416815,
    "p_induced": 421.3837429077455,
    "p_profile": 160.28626299096317,
    "p_total": 581.6700058987087,
    "p_ideal": 425.2591037376353,
    "power_loading": 0.1032395005671234,
    "figure_of_merit": 0.7311002792392383,
    "STALL_HIGH": 0.0,
    "STALL_LOW": 0.0,
    "main_RPM": 5947.265625,
    "disk_loading": 122.86500256929432
}