{
    "thrust_main": 67.93763555628088,
    "torque_main": 5.954627285952699,
    "thrust_small": 1.5839691822574733,
    "torque_small": 0.12133597389435627,
    "moment_created": 1.5839691822574733,
    "power_required": 139.7690082077003,
    "p_induced": 200.38853120966934,
    "p_profile": 38.83451633257418,
    "p_total": 239.22304754224353,
    "p_ideal": 201.84019795393016,
    "power_loading": 0.4860708137480938,
    "figure_of_merit": 1.4440983773311928,
    "STALL_MAIN_HIGH": 0.0,
    "STALL_MAIN_LOW": 0.0,
    "STALL_SMALL_HIGH": 0.0,
    "STALL_SMALL_LOW": 0.0,
    "disk_loading": 21.62522104151562,
    "efficiency_small": 0.4628380649900513,
    "RPM_main": null,
    "RPM_small": null
}