{
    "thrust": 70.87975454280242,
    "torque": 6.241215801847245,
    "p_induced": 215.51602304423466,
    "p_profile": 41.336158056255194,
    "p_total": 256.8521811004899,
    "p_ideal": 215.09253045194743,
    "power_loading": 0.27595543179394566,
    "figure_of_merit": 0.8374175743043251,
    "STALL_HIGH": 0.0,
    "STALL_LOW": 0.0,
    "main_RPM": null,
    "disk_loading": 22.561726601254456
}