{
    "thrust_main": 68.03000614401493,
    "torque_main": 5.962575968831068,
    "thrust_small": 2.510012829432176,
    "torque_small": 0.15589571245354536,
    "moment_created": 2.510012829432176,
    "power_required": 179.57896915581077,
    "p_induced": 200.8133280184652,
    "p_profile": 38.8218118040191,
    "p_total": 239.6351398224843,
    "p_ideal": 202.25198223441814,
    "power_loading": 0.3788305861416826,
    "figure_of_merit": 1.1262565053424227,
    "STALL_MAIN_HIGH": 0.0,
    "STALL_MAIN_LOW": 0.0,
    "STALL_SMALL_HIGH": 0.0,
    "STALL_SMALL_LOW": 0.0,
    "disk_loading": 21.654623512783974,
    "efficiency_small": 0.570839072813588,
    "RPM_main": null,
    "RPM_small": null
}