{
    "thrust_main": 60.095095166884725,
    "torque_main": 5.546900718148924,
    "thrust_small": 5.436797642881269,
    "torque_small": 0.5099528514777995,
    "moment_created": 5.183783157785908,
    "power_required": 373.8149641054353,
    "p_induced": 165.21196750921422,
    "p_profile": 26.83228284255649,
    "p_total": 192.0442503517707,
    "p_ideal": 176.11522621372654,
    "power_loading": 0.16076160918463064,
    "figure_of_merit": 0.4711294172912053,
    "STALL_MAIN_HIGH": 0.0,
    "STALL_MAIN_LOW": 0.0,
    "STALL_SMALL_HIGH": 1.0,
    "STALL_SMALL_LOW": 0.0,
    "disk_loading": 21.041749193052663,
    "efficiency_small": 0.48659185869099375
}