{
    "thrust": 59.99694513612539,
    "torque": 5.428854732014265,
    "p_induced": 167.0565616723735,
    "p_profile": 32.507403531857136,
    "p_total": 199.56396520423064,
    "p_ideal": 167.50806755102732,
    "power_loading": 0.3006401735640272,
    "figure_of_merit": 0.8393703110659391,
    "STALL_HIGH": 0.0,
    "STALL_LOW": 0.0,
    "main_RPM": 357.421875,
    "disk_loading": 19.09762077765521
}