{
    "thrust_main": 68.03010318363917,
    "torque_main": 5.9622541863241985,
    "thrust_small": 2.486859578133563,
    "torque_small": 0.1550716968018905,
    "moment_created": 2.486859578133563,
    "power_required": 178.62977126599372,
    "p_induced": 200.79581602016452,
    "p_profile": 38.82212979405431,
    "p_total": 239.61794581421884,
    "p_ideal": 202.25241498015347,
    "power_loading": 0.38084414877482553,
    "figure_of_merit": 1.1322435982912602,
    "STALL_MAIN_HIGH": 0.0,
    "STALL_MAIN_LOW": 0.0,
    "STALL_SMALL_HIGH": 0.0,
    "STALL_SMALL_LOW": 0.0,
    "disk_loading": 21.65465440145572,
    "efficiency_small": 0.5685787785288081,
    "RPM_main": null,
    "RPM_small": null
}