{
    "thrust": 59.99724969899832,
    "torque": 5.056907312353183,
    "p_induced": 173.1518721806548,
    "p_profile": 34.397797686761145,
    "p_total": 207.54966986741596,
    "p_ideal": 175.6852811273719,
    "power_loading": 0.2890741755326565,
    "figure_of_merit": 0.8464734308640469,
    "STALL_HIGH": 0.0,
    "STALL_LOW": 0.0,
    "main_RPM": 399.0234375,
    "disk_loading": 21.007489495331487
}