{
    "thrust_main": 45.9320784916024,
    "torque_main": 4.1675113347574,
    "thrust_small": 3.9318514222579837,
    "torque_small": 0.19906948968702912,
    "moment_created": 4.144535305235896,
    "power_required": 142.01683719308735,
    "p_induced": 93.9383540759714,
    "p_profile": 19.829773767729137,
    "p_total": 113.76812784370054,
    "p_ideal": 106.44797978927991,
    "power_loading": 0.32342699217524984,
    "figure_of_merit": 0.7495447856267373,
    "STALL_MAIN_HIGH": 0.0,
    "STALL_MAIN_LOW": 0.0,
    "STALL_SMALL_HIGH": 0.0,
    "STALL_SMALL_LOW": 0.0,
    "disk_loading": 13.158571209162213,
    "efficiency_small": 0.8108160502138023,
    "RPM_main": 266.40625,
    "RPM_small": 6843.75
}