{
    "thrust_main": 68.79537626313837,
    "torque_main": 5.950780038836902,
    "thrust_small": 3.167096160212121,
    "torque_small": 0.17994084807152966,
    "moment_created": 3.167096160212121,
    "power_required": 216.69865777993985,
    "p_induced": 200.5797796709676,
    "p_profile": 38.766699074996644,
    "p_total": 239.34647874596425,
    "p_ideal": 205.67471155065908,
    "power_loading": 0.31747024632243415,
    "figure_of_merit": 0.949127759524585,
    "STALL_MAIN_HIGH": 0.0,
    "STALL_MAIN_LOW": 0.0,
    "STALL_SMALL_HIGH": 0.0,
    "STALL_SMALL_LOW": 0.0,
    "disk_loading": 21.89824838829063,
    "efficiency_small": 0.5968954294269586,
    "RPM_main": null,
    "RPM_small": null
}