{
    "thrust": 70.8305142335107,
    "torque": 6.241062949533493,
    "p_induced": 215.50472531398253,
    "p_profile": 41.33747477808228,
    "p_total": 256.8422000920648,
    "p_ideal": 214.86843155773383,
    "power_loading": 0.2757744413033434,
    "figure_of_merit": 0.8365776008798963,
    "STALL_HIGH": 0.0,
    "STALL_LOW": 0.0,
    "main_RPM": null,
    "disk_loading": 22.546052924008155
}