{
    "thrust_main": 67.9848942419527,
    "torque_main": 5.956030951432103,
    "thrust_small": 1.6983731775508868,
    "torque_small": 0.1250444057229529,
    "moment_created": 1.6983731775508868,
    "power_required": 144.04081501035643,
    "p_induced": 200.47599956581456,
    "p_profile": 38.8305497872335,
    "p_total": 239.30654935304807,
    "p_ideal": 202.05084028109098,
    "power_loading": 0.47198354325518527,
    "figure_of_merit": 1.4027332479794958,
    "STALL_MAIN_HIGH": 0.0,
    "STALL_MAIN_LOW": 0.0,
    "STALL_SMALL_HIGH": 0.0,
    "STALL_SMALL_LOW": 0.0,
    "disk_loading": 21.64026394837301,
    "efficiency_small": 0.4815493238111797,
    "RPM_main": null,
    "RPM_small": null
}