{
    "thrust_main": 72.63390738839175,
    "torque_main": 6.1593316318732825,
    "thrust_small": 2.728187239640561,
    "torque_small": 0.1639079148579495,
    "moment_created": 2.728187239640561,
    "power_required": 188.80836376715618,
    "p_induced": 216.6835964371058,
    "p_profile": 38.19487739300767,
    "p_total": 254.87847383011348,
    "p_ideal": 223.1264898861207,
    "power_loading": 0.3846964506189246,
    "figure_of_merit": 1.181761683827135,
    "STALL_MAIN_HIGH": 0.0,
    "STALL_MAIN_LOW": 0.0,
    "STALL_SMALL_HIGH": 0.0,
    "STALL_SMALL_LOW": 0.0,
    "disk_loading": 23.12009079388297,
    "efficiency_small": 0.5901279299427012,
    "RPM_main": null,
    "RPM_small": null
}