{
    "thrust_main": 68.0439787369149,
    "torque_main": 5.9652282589324095,
    "thrust_small": 2.6272187161100113,
    "torque_small": 0.16012807607800275,
    "moment_created": 2.6272187161100113,
    "power_required": 184.45430206144854,
    "p_induced": 200.9728724898509,
    "p_profile": 38.81890426850524,
    "p_total": 239.79177675835612,
    "p_ideal": 202.3142958340891,
    "power_loading": 0.368893422253968,
    "figure_of_merit": 1.0968261166751792,
    "STALL_MAIN_HIGH": 0.0,
    "STALL_MAIN_LOW": 0.0,
    "STALL_SMALL_HIGH": 0.0,
    "STALL_SMALL_LOW": 0.0,
    "disk_loading": 21.659071127239653,
    "efficiency_small": 0.5817021453750607,
    "RPM_main": null,
    "RPM_small": null
}