{
    "thrust_main": 68.87835351071477,
    "torque_main": 5.953358878821461,
    "thrust_small": 3.2173777359553224,
    "torque_small": 0.18140272351750003,
    "moment_created": 3.2173777359553224,
    "power_required": 218.45916102519135,
    "p_induced": 200.7350376990875,
    "p_profile": 38.75968108435239,
    "p_total": 239.4947187834399,
    "p_ideal": 206.0469342378089,
    "power_loading": 0.3152916691041039,
    "figure_of_merit": 0.9431828506109151,
    "STALL_MAIN_HIGH": 0.0,
    "STALL_MAIN_LOW": 0.0,
    "STALL_SMALL_HIGH": 0.0,
    "STALL_SMALL_LOW": 0.0,
    "disk_loading": 21.92466086652252,
    "efficiency_small": 0.601485297076675,
    "RPM_main": null,
    "RPM_small": null
}