{
    "thrust": 4.749575574290198,
    "torque": -0.14456066582150398,
    "p_induced": -310.8415222804566,
    "p_profile": 76.29849265668376,
    "p_total": -234.54302962377284,
    "p_ideal": 9.459147033403063,
    "power_loading": -0.020250337781979388,
    "figure_of_merit": -0.040330113619562034,
    "STALL_HIGH": 0.24489795918367346,
    "STALL_LOW": 0.20408163265306123,
    "main_RPM": 5984.375,
    "disk_loading": 9.717631624997745
}