{
    "thrust_main": 68.9677438596835,
    "torque_main": 5.966284537505826,
    "thrust_small": 3.4505288571658363,
    "torque_small": 0.18963025636612404,
    "moment_created": 3.4505288571658363,
    "power_required": 228.36739111438405,
    "p_induced": 201.4183023796718,
    "p_profile": 38.739964067426484,
    "p_total": 240.15826644709827,
    "p_ideal": 206.4481760150075,
    "power_loading": 0.3020034669710752,
    "figure_of_merit": 0.904017754056674,
    "STALL_MAIN_HIGH": 0.0,
    "STALL_MAIN_LOW": 0.0,
    "STALL_SMALL_HIGH": 0.0,
    "STALL_SMALL_LOW": 0.0,
    "disk_loading": 21.953114698328683,
    "efficiency_small": 0.6170847279251118,
    "RPM_main": null,
    "RPM_small": null
}