{
    "thrust_main": 60.45363875017906,
    "torque_main": 4.8274890117166915,
    "thrust_small": 4.903156232607502,
    "torque_small": 0.24668692291564898,
    "moment_created": 4.903156232607502,
    "power_required": 235.72607170050154,
    "p_induced": 151.975444264393,
    "p_profile": 33.62863556198457,
    "p_total": 185.60407982637756,
    "p_ideal": 169.42429658550907,
    "power_loading": 0.2564571594226861,
    "figure_of_merit": 0.7187338055705979,
    "STALL_MAIN_HIGH": 0.0,
    "STALL_MAIN_LOW": 0.0,
    "STALL_SMALL_HIGH": 0.0,
    "STALL_SMALL_LOW": 0.0,
    "disk_loading": 19.242990869965496,
    "efficiency_small": 0.8161423901766968,
    "RPM_main": 373.59375,
    "RPM_small": 9062.5
}