{
    "thrust_main": 61.56854600678512,
    "torque_main": 6.546593842383611,
    "thrust_small": 6.568424125350639,
    "torque_small": 0.05941035971901531,
    "moment_created": 6.371371401590119,
    "power_required": 179.54682155509997,
    "p_induced": 182.69030243155763,
    "p_profile": 24.778999070523156,
    "p_total": 207.46930150208078,
    "p_ideal": 179.51826135424093,
    "power_loading": 0.29675978836882344,
    "figure_of_merit": 0.8652762604131121,
    "STALL_MAIN_HIGH": 0.0,
    "STALL_MAIN_LOW": 0.0,
    "STALL_SMALL_HIGH": 0.0,
    "STALL_SMALL_LOW": 0.037037037037037035,
    "disk_loading": 20.828862654821183
}