{
    "thrust": 70.88337002410299,
    "torque": 6.241065716814331,
    "p_induced": 215.5092401300643,
    "p_profile": 41.33619994783444,
    "p_total": 256.84544007789873,
    "p_ideal": 215.10898803444528,
    "power_loading": 0.27597675085298284,
    "figure_of_merit": 0.8375036285215139,
    "STALL_HIGH": 0.0,
    "STALL_LOW": 0.0,
    "main_RPM": null,
    "disk_loading": 22.562877444695744
}