{
    "thrust": 60.00908824709213,
    "torque": 6.160033958721183,
    "p_induced": 143.359687847584,
    "p_profile": 46.50122967310526,
    "p_total": 189.86091752068927,
    "p_ideal": 152.3262949451189,
    "power_loading": 0.3160686729566284,
    "figure_of_merit": 0.8023046392816456,
    "STALL_HIGH": 0.0,
    "STALL_LOW": 0.0,
    "main_RPM": 339.2578125,
    "disk_loading": 15.786352107375986
}