{
    "thrust_main": 335.8451333391687,
    "torque_main": -524.5203820043338,
    "thrust_small": 36.77925143964964,
    "torque_small": 1.518049292533457,
    "moment_created": 38.76873506177325,
    "power_required": 2066.6067522585868,
    "p_induced": 31757.440722874504,
    "p_profile": 13.863960812468356,
    "p_total": 31771.304683686973,
    "p_ideal": 2104.6111422138542,
    "power_loading": 0.16251042099428195,
    "figure_of_merit": 1.0183897540805635,
    "STALL_MAIN_HIGH": 0.12244897959183673,
    "STALL_MAIN_LOW": 0.02040816326530612,
    "STALL_SMALL_HIGH": 0.47126436781609193,
    "STALL_SMALL_LOW": 0.0,
    "disk_loading": 96.21254355171375,
    "efficiency_small": 0.5899644115390865,
    "RPM_main": 299.21875,
    "RPM_small": 13000.0
}