{
    "thrust_main": 71.85309459728495,
    "torque_main": 6.125277849478379,
    "thrust_small": 2.7146816066051427,
    "torque_small": 0.16337567047809565,
    "moment_created": 2.7146816066051427,
    "power_required": 188.19526225481275,
    "p_induced": 212.95554163543125,
    "p_profile": 38.362114677039614,
    "p_total": 251.31765631247086,
    "p_ideal": 219.53826987912726,
    "power_loading": 0.38180076233798727,
    "figure_of_merit": 1.1665451470392314,
    "STALL_MAIN_HIGH": 0.0,
    "STALL_MAIN_LOW": 0.0,
    "STALL_SMALL_HIGH": 0.0,
    "STALL_SMALL_LOW": 0.0,
    "disk_loading": 22.87155036321492,
    "efficiency_small": 0.5891195557719503,
    "RPM_main": null,
    "RPM_small": null
}