{
    "thrust_main": 68.02368863685447,
    "torque_main": 5.962443414139145,
    "thrust_small": 2.398417797163762,
    "torque_small": 0.15206753011267504,
    "moment_created": 2.398417797163762,
    "power_required": 175.1692196656263,
    "p_induced": 200.79998688353623,
    "p_profile": 38.82208018385354,
    "p_total": 239.62206706738976,
    "p_ideal": 202.22381013608205,
    "power_loading": 0.3883312876925652,
    "figure_of_merit": 1.1544483130203995,
    "STALL_MAIN_HIGH": 0.0,
    "STALL_MAIN_LOW": 0.0,
    "STALL_SMALL_HIGH": 0.0,
    "STALL_SMALL_LOW": 0.0,
    "disk_loading": 21.652612587798764,
    "efficiency_small": 0.5591911221647838,
    "RPM_main": null,
    "RPM_small": null
}