{
    "thrust_main": 72.54330525512711,
    "torque_main": 5.926368200485468,
    "thrust_small": 2.7886795627823293,
    "torque_small": 0.1662940313655258,
    "moment_created": 2.7886795627823293,
    "power_required": 191.5569726671213,
    "p_induced": 201.53730098545486,
    "p_profile": 38.4813306991997,
    "p_total": 240.01863168465457,
    "p_ideal": 222.70913459282946,
    "power_loading": 0.3787035483233986,
    "figure_of_merit": 1.1626260923419527,
    "STALL_MAIN_HIGH": 0.0,
    "STALL_MAIN_LOW": 0.0,
    "STALL_SMALL_HIGH": 0.0,
    "STALL_SMALL_LOW": 0.0,
    "disk_loading": 23.091251239155493,
    "efficiency_small": 0.5945575166164722,
    "RPM_main": null,
    "RPM_small": null
}