{
    "thrust_main": 59.42746989700091,
    "torque_main": 5.443185584058912,
    "thrust_small": 5.128422423880951,
    "torque_small": 0.3182405184450134,
    "moment_created": 5.405831887648434,
    "power_required": 302.01750176909906,
    "p_induced": 155.88146814747014,
    "p_profile": 32.22752833720817,
    "p_total": 188.1089964846783,
    "p_ideal": 156.65495539418887,
    "power_loading": 0.19676829835654655,
    "figure_of_merit": 0.5186949579960304,
    "STALL_MAIN_HIGH": 0.0,
    "STALL_MAIN_LOW": 0.0,
    "STALL_SMALL_HIGH": 0.0,
    "STALL_SMALL_LOW": 0.0,
    "disk_loading": 17.024716061194514,
    "efficiency_small": 0.6285050716367271,
    "RPM_main": 336.40625,
    "RPM_small": 9093.75
}