{
    "thrust_main": 60.227763141056975,
    "torque_main": 5.378545417446245,
    "thrust_small": 5.525695123361589,
    "torque_small": 0.24790909159432956,
    "moment_created": 5.525695123361589,
    "power_required": 254.4175977643136,
    "p_induced": 170.91484698900965,
    "p_profile": 33.5040702949366,
    "p_total": 204.41891728394626,
    "p_ideal": 168.47564283226959,
    "power_loading": 0.2367279766427578,
    "figure_of_merit": 0.6622012168684236,
    "STALL_MAIN_HIGH": 0.0,
    "STALL_MAIN_LOW": 0.0,
    "STALL_SMALL_HIGH": 0.0,
    "STALL_SMALL_LOW": 0.0,
    "disk_loading": 19.17109243053415,
    "efficiency_small": 0.8353119052014223,
    "RPM_main": null,
    "RPM_small": null
}