RPM_MAIN,RPM_SMALL,thrust,torque,power_required,createdMoment,STALL_FACTOR,RPM_MAIN_bound,RPM_SMALL_bound, iterVel
400,10000,64.07642516248289,5.2670460661873495,580.6560851765754,9.088087929622391,(0.0, 0.0, 0.07017543859649122, 0.0),(250, 650),(4000, 25000),9
400,7000.0,42.23355643918547,4.840394481573764,6.600061397448073,-1.373160296450894,(0.0, 0.0, 0.0, 0.3157894736842105),(250, 650),(4000, 10000),0
400,8500.0,63.634264085391926,5.2378289345491815,251.50000188262413,3.972192752630164,(0.0, 0.0, 0.0, 0.0),(250, 650),(7000.0, 10000), 9
400,9250.0,64.84192816438522,5.248307598534221,412.19602379376505,6.771626854611238,(0.0, 0.0, 0.0, 0.0),(250, 650),(8500.0, 10000),9
