{
    "thrust_main": 59.43003867008273,
    "torque_main": 5.472056744949857,
    "thrust_small": 5.098587237717005,
    "torque_small": 0.22951808602324378,
    "moment_created": 5.37438284008403,
    "power_required": 291.42531788724295,
    "p_induced": 157.30961847689446,
    "p_profile": 32.202822377790085,
    "p_total": 189.51244085468454,
    "p_ideal": 156.66511270145278,
    "power_loading": 0.20392887996463352,
    "figure_of_merit": 0.537582368742818,
    "STALL_MAIN_HIGH": 0.0,
    "STALL_MAIN_LOW": 0.0,
    "STALL_SMALL_HIGH": 0.0,
    "STALL_SMALL_LOW": 0.0,
    "disk_loading": 17.02545196047509,
    "efficiency_small": 0.6475595052547165,
    "RPM_main": 336.40625,
    "RPM_small": 12187.5
}