{
    "thrust": 59.915768425896495,
    "torque": 1.0288184540075507,
    "p_induced": 382.04975676594086,
    "p_profile": 145.7889413790869,
    "p_total": 527.8386981450278,
    "p_ideal": 386.892980096854,
    "power_loading": 0.1135115114455556,
    "figure_of_merit": 0.7329757773662743,
    "STALL_HIGH": 0.0,
    "STALL_LOW": 0.0,
    "main_RPM": 4951.171875,
    "disk_loading": 102.15638516615354
}