{
    "thrust_main": 36.3012849775548,
    "torque_main": 2.7013514429287997,
    "thrust_small": 3.716841950570406,
    "torque_small": 0.3991147686573154,
    "moment_created": 2.3953711474709953,
    "power_required": 271.6688054499236,
    "p_induced": 120.71292287491255,
    "p_profile": 18.26528217272961,
    "p_total": 138.97820504764215,
    "p_ideal": 122.32811933500658,
    "power_loading": 0.13362330988806212,
    "figure_of_merit": 0.4502840108286013,
    "STALL_MAIN_HIGH": 0.0,
    "STALL_MAIN_LOW": 0.0,
    "STALL_SMALL_HIGH": 1.0,
    "STALL_SMALL_LOW": 0.0,
    "disk_loading": 27.821124885165077,
    "efficiency_small": 0.4593616594490531,
    "RPM_main": 498.75,
    "RPM_small": 6500.0
}