{
    "thrust": 70.87732924877034,
    "torque": 6.2413173260411785,
    "p_induced": 215.52061338478273,
    "p_profile": 41.3361291934594,
    "p_total": 256.8567425782421,
    "p_ideal": 215.08149080801763,
    "power_loading": 0.2759410889405799,
    "figure_of_merit": 0.8373597229689262,
    "STALL_HIGH": 0.0,
    "STALL_LOW": 0.0,
    "main_RPM": null,
    "disk_loading": 22.560954606187146
}