{
    "thrust_main": 58.96000328199304,
    "torque_main": 5.573184380616466,
    "thrust_small": 5.75201853757381,
    "torque_small": 0.3452153635535964,
    "moment_created": 5.4843344882237695,
    "power_required": 397.65955168379907,
    "p_induced": 166.54308872895976,
    "p_profile": 27.138332999016665,
    "p_total": 193.6814217279764,
    "p_ideal": 171.14909719326448,
    "power_loading": 0.1482675394878365,
    "figure_of_merit": 0.4303910127861194,
    "STALL_MAIN_HIGH": 0.0,
    "STALL_MAIN_LOW": 0.0,
    "STALL_SMALL_HIGH": 1.0,
    "STALL_SMALL_LOW": 0.0,
    "disk_loading": 20.644307127495843,
    "efficiency_small": 0.48571229707499447
}