{
    "thrust_main": 68.02256685374195,
    "torque_main": 5.969524049176325,
    "thrust_small": 2.6869682477557246,
    "torque_small": 0.16261796246737428,
    "moment_created": 2.6869682477557246,
    "power_required": 187.322445284128,
    "p_induced": 201.19866490602965,
    "p_profile": 38.8116873740891,
    "p_total": 240.01035228011875,
    "p_ideal": 202.21880782752345,
    "power_loading": 0.36313089310021707,
    "figure_of_merit": 1.0795225714718855,
    "STALL_MAIN_HIGH": 0.0,
    "STALL_MAIN_LOW": 0.0,
    "STALL_SMALL_HIGH": 0.0,
    "STALL_SMALL_LOW": 0.0,
    "disk_loading": 21.652255513143892,
    "efficiency_small": 0.5858223558426935,
    "RPM_main": null,
    "RPM_small": null
}