{
    "thrust": 60.0041631059687,
    "torque": 1.7025107622321851,
    "p_induced": 273.6536883470752,
    "p_profile": 218.33016143263575,
    "p_total": 491.98384977971097,
    "p_ideal": 609.2301698317134,
    "power_loading": 0.12196368464703865,
    "figure_of_merit": 1.2383133513518791,
    "STALL_HIGH": 0.0,
    "STALL_LOW": 0.0,
    "main_RPM": 3392.578125,
    "disk_loading": 63.14022588037853
}