{
    "thrust": 66.57763178846145,
    "torque": 6.08830292154896,
    "p_induced": 196.19383665911505,
    "p_profile": 34.81089085885915,
    "p_total": 231.0047275179742,
    "p_ideal": 195.8098505252003,
    "power_loading": 0.2882089579023058,
    "figure_of_merit": 0.8476443431659404,
    "STALL_HIGH": 0.0,
    "STALL_LOW": 0.0,
    "main_RPM": null,
    "disk_loading": 21.192318396971487
}