{
    "thrust": 60.047739162598226,
    "torque": 1.7118237086350532,
    "p_induced": 299.560483763958,
    "p_profile": 181.01196013892164,
    "p_total": 480.5724439028796,
    "p_ideal": 609.8939404677707,
    "power_loading": 0.12495044175844061,
    "figure_of_merit": 1.2690988595072796,
    "STALL_HIGH": 0.0,
    "STALL_LOW": 0.0,
    "main_RPM": 3141.6015625,
    "disk_loading": 63.186079399803596
}