{
    "thrust_main": 70.70343639601609,
    "torque_main": 5.893178633231295,
    "thrust_small": 3.5645158345076218,
    "torque_small": 0.19336086397133476,
    "moment_created": 3.5645158345076218,
    "power_required": 232.8600767353357,
    "p_induced": 198.57007537128425,
    "p_profile": 38.676285622822625,
    "p_total": 237.24636099410688,
    "p_ideal": 214.29044412113362,
    "power_loading": 0.3036305638444681,
    "figure_of_merit": 0.9202541162291724,
    "STALL_MAIN_HIGH": 0.0,
    "STALL_MAIN_LOW": 0.0,
    "STALL_SMALL_HIGH": 0.0,
    "STALL_SMALL_LOW": 0.0,
    "disk_loading": 22.505602792018763,
    "efficiency_small": 0.6251708747667121,
    "RPM_main": null,
    "RPM_small": null
}