{
    "thrust_main": 52.41068540998435,
    "torque_main": 4.531013266285278,
    "thrust_small": 4.246384633188864,
    "torque_small": 0.1969172329969746,
    "moment_created": 4.476082420671814,
    "power_required": 176.568377831626,
    "p_induced": 116.8970420395454,
    "p_profile": 26.62465970598312,
    "p_total": 143.5217017455285,
    "p_ideal": 129.74571842263765,
    "power_loading": 0.29682939863650276,
    "figure_of_merit": 0.7348185446114365,
    "STALL_MAIN_HIGH": 0.0,
    "STALL_MAIN_LOW": 0.0,
    "STALL_SMALL_HIGH": 0.0,
    "STALL_SMALL_LOW": 0.0,
    "disk_loading": 15.014555376899926,
    "efficiency_small": 0.8204650371794271,
    "RPM_main": 310.15625,
    "RPM_small": 8593.75
}