{
    "thrust_main": 68.0172811360276,
    "torque_main": 5.9648427009646605,
    "thrust_small": 2.469412669152853,
    "torque_small": 0.1547925390602362,
    "moment_created": 2.469412669152853,
    "power_required": 178.30820463218987,
    "p_induced": 200.92111388268825,
    "p_profile": 38.81922917641986,
    "p_total": 239.7403430591081,
    "p_ideal": 202.19523805899775,
    "power_loading": 0.3814590656460936,
    "figure_of_merit": 1.1339648586338553,
    "STALL_MAIN_HIGH": 0.0,
    "STALL_MAIN_LOW": 0.0,
    "STALL_SMALL_HIGH": 0.0,
    "STALL_SMALL_LOW": 0.0,
    "disk_loading": 21.65057301693984,
    "efficiency_small": 0.5656080341859409,
    "RPM_main": null,
    "RPM_small": null
}