{
    "thrust_main": 68.0339699619855,
    "torque_main": 5.964206929907196,
    "thrust_small": 2.596558414518303,
    "torque_small": 0.1590083841673583,
    "moment_created": 2.596558414518303,
    "power_required": 183.16450957183437,
    "p_induced": 200.90797682323017,
    "p_profile": 38.820163833881935,
    "p_total": 239.7281406571121,
    "p_ideal": 202.26965903098605,
    "power_loading": 0.37143642139529004,
    "figure_of_merit": 1.1043059569990492,
    "STALL_MAIN_HIGH": 0.0,
    "STALL_MAIN_LOW": 0.0,
    "STALL_SMALL_HIGH": 0.0,
    "STALL_SMALL_LOW": 0.0,
    "disk_loading": 21.65588523523104,
    "efficiency_small": 0.5789619133292225,
    "RPM_main": null,
    "RPM_small": null
}