{
    "thrust": 60.04907823219083,
    "torque": 0.9841168449099795,
    "p_induced": 432.77712476586356,
    "p_profile": 154.20005265285175,
    "p_total": 586.9771774187153,
    "p_ideal": 850.4705628460817,
    "power_loading": 0.10230223685401539,
    "figure_of_merit": 1.4488988593834298,
    "STALL_HIGH": 0.0,
    "STALL_LOW": 0.0,
    "main_RPM": 5759.765625,
    "disk_loading": 122.86041406306245
}