{
    "thrust_main": 68.80673063296958,
    "torque_main": 5.953208311404794,
    "thrust_small": 3.2443422936325064,
    "torque_small": 0.1826244112341621,
    "moment_created": 3.2443422936325064,
    "power_required": 219.9304116681897,
    "p_induced": 200.70608171743172,
    "p_profile": 38.76317054412074,
    "p_total": 239.46925226155247,
    "p_ideal": 205.72563219145067,
    "power_loading": 0.3128568264437148,
    "figure_of_merit": 0.935412390814919,
    "STALL_MAIN_HIGH": 0.0,
    "STALL_MAIN_LOW": 0.0,
    "STALL_SMALL_HIGH": 0.0,
    "STALL_SMALL_LOW": 0.0,
    "disk_loading": 21.90186259645929,
    "efficiency_small": 0.6024688622883185,
    "RPM_main": null,
    "RPM_small": null
}