{
    "thrust_main": 68.81743604589477,
    "torque_main": 5.954463013544885,
    "thrust_small": 3.2796090607172106,
    "torque_small": 0.1838378149297913,
    "moment_created": 3.2796090607172106,
    "power_required": 221.39168605366746,
    "p_induced": 200.7728739262132,
    "p_profile": 38.76111693336583,
    "p_total": 239.53399085957903,
    "p_ideal": 205.77364632069222,
    "power_loading": 0.31084020033712,
    "figure_of_merit": 0.92945516603912,
    "STALL_MAIN_HIGH": 0.0,
    "STALL_MAIN_LOW": 0.0,
    "STALL_SMALL_HIGH": 0.0,
    "STALL_SMALL_LOW": 0.0,
    "disk_loading": 21.905270235229057,
    "efficiency_small": 0.6049980778452856,
    "RPM_main": null,
    "RPM_small": null
}