{
    "thrust": 5.4959319309950905,
    "torque": -0.9980847928857292,
    "p_induced": 454.27405450959344,
    "p_profile": 36.7091775012527,
    "p_total": 490.9832320108461,
    "p_ideal": 10.748334341258717,
    "power_loading": 0.011193726328465901,
    "figure_of_merit": 0.021891448914127642,
    "STALL_HIGH": 0.30612244897959184,
    "STALL_LOW": 0.16326530612244897,
    "main_RPM": 4000,
    "disk_loading": 9.37056394234663
}