{
    "thrust": 2.981731804777439,
    "torque": 0.16334797311866173,
    "p_induced": -4.030113807405142,
    "p_profile": 77.3138900992916,
    "p_total": 73.28377629188645,
    "p_ideal": 9.410281926339001,
    "power_loading": 0.04068747484984011,
    "figure_of_merit": 0.12840880209090497,
    "STALL_HIGH": 0.0,
    "STALL_LOW": 0.02040816326530612,
    "main_RPM": 5998.046875,
    "disk_loading": 6.100623272574641
}