{
    "thrust_main": 59.95857112209548,
    "torque_main": 6.142589972734407,
    "thrust_small": 3.815323035369055,
    "torque_small": 0.34305423783178235,
    "moment_created": 4.021703600357791,
    "power_required": 251.47189044963702,
    "p_induced": 149.0758174034313,
    "p_profile": 24.529118771590273,
    "p_total": 173.60493617502158,
    "p_ideal": 158.7596702083122,
    "power_loading": 0.2384305101253595,
    "figure_of_merit": 0.6313217351030629,
    "STALL_MAIN_HIGH": 0.0,
    "STALL_MAIN_LOW": 0.0,
    "STALL_SMALL_HIGH": 1.0,
    "STALL_SMALL_LOW": 0.0,
    "disk_loading": 17.176865354655245,
    "efficiency_small": 0.458134916244004
}