{
    "thrust": 59.995041616912076,
    "torque": 1.6812140819691141,
    "p_induced": 330.5919240996001,
    "p_profile": 360.0382160171623,
    "p_total": 690.6301401167624,
    "p_ideal": 744.4448703900233,
    "power_loading": 0.08687000194745183,
    "figure_of_merit": 1.077921201446787,
    "STALL_HIGH": 0.0,
    "STALL_LOW": 0.0,
    "main_RPM": 4884.765625,
    "disk_loading": 94.3062462650423
}