{
    "thrust_main": 67.96261776045762,
    "torque_main": 5.956960983015516,
    "thrust_small": 1.7611885529896891,
    "torque_small": 0.1275123023855673,
    "moment_created": 1.7611885529896891,
    "power_required": 146.8836278862232,
    "p_induced": 200.52011908163232,
    "p_profile": 38.83005730995249,
    "p_total": 239.3501763915848,
    "p_ideal": 201.9515399925286,
    "power_loading": 0.46269702579175,
    "figure_of_merit": 1.374908442137345,
    "STALL_MAIN_HIGH": 0.0,
    "STALL_MAIN_LOW": 0.0,
    "STALL_SMALL_HIGH": 0.0,
    "STALL_SMALL_LOW": 0.0,
    "disk_loading": 21.633173124083736,
    "efficiency_small": 0.4896950210904973,
    "RPM_main": null,
    "RPM_small": null
}