{
    "thrust": 70.93392392962599,
    "torque": 6.238706344041429,
    "p_induced": 215.40714273251012,
    "p_profile": 41.33604227612416,
    "p_total": 256.74318500863427,
    "p_ideal": 215.33915213698816,
    "power_loading": 0.27628357078783017,
    "figure_of_merit": 0.8387336634845685,
    "STALL_HIGH": 0.0,
    "STALL_LOW": 0.0,
    "main_RPM": null,
    "disk_loading": 22.578969252608914
}