{
    "thrust": 59.977295391850404,
    "torque": 1.0282888640936372,
    "p_induced": 381.75604237825996,
    "p_profile": 145.7930968830377,
    "p_total": 527.5491392612977,
    "p_ideal": 387.48907846744225,
    "power_loading": 0.11369044308523335,
    "figure_of_merit": 0.7345080289772153,
    "STALL_HIGH": 0.0,
    "STALL_LOW": 0.0,
    "main_RPM": 4951.171875,
    "disk_loading": 102.26128864310495
}