{
    "thrust": 70.88189219861525,
    "torque": 6.242504140556931,
    "p_induced": 215.58417212895876,
    "p_profile": 41.33445236647631,
    "p_total": 256.9186244954351,
    "p_ideal": 215.10226095823273,
    "power_loading": 0.2758923855279891,
    "figure_of_merit": 0.8372388781882749,
    "STALL_HIGH": 0.0,
    "STALL_LOW": 0.0,
    "main_RPM": null,
    "disk_loading": 22.56240703823294
}