{
    "thrust_main": 68.02118578891302,
    "torque_main": 5.963035675517624,
    "thrust_small": 2.40731124576867,
    "torque_small": 0.1524441358505511,
    "moment_created": 2.40731124576867,
    "power_required": 175.60303833274392,
    "p_induced": 200.82916404272555,
    "p_profile": 38.821450248889136,
    "p_total": 239.6506142916147,
    "p_ideal": 202.21264937426432,
    "power_loading": 0.38735768147713995,
    "figure_of_merit": 1.151532748488661,
    "STALL_MAIN_HIGH": 0.0,
    "STALL_MAIN_LOW": 0.0,
    "STALL_SMALL_HIGH": 0.0,
    "STALL_SMALL_LOW": 0.0,
    "disk_loading": 21.65181590655538,
    "efficiency_small": 0.5598780530988565,
    "RPM_main": null,
    "RPM_small": null
}