{
    "thrust_main": 59.99928035114196,
    "torque_main": 5.452211181837201,
    "thrust_small": 5.476837798502467,
    "torque_small": 0.32914836224045413,
    "moment_created": 5.2219599482382915,
    "power_required": 379.15169481057734,
    "p_induced": 163.01039331065653,
    "p_profile": 27.00054562069423,
    "p_total": 190.01093893135075,
    "p_ideal": 175.69420050400583,
    "power_loading": 0.1582461088064432,
    "figure_of_merit": 0.4633876174331278,
    "STALL_MAIN_HIGH": 0.0,
    "STALL_MAIN_LOW": 0.0,
    "STALL_SMALL_HIGH": 1.0,
    "STALL_SMALL_LOW": 0.0,
    "disk_loading": 21.008200509649484,
    "efficiency_small": 0.4863183078296884
}