{
    "thrust_main": 59.49771588274568,
    "torque_main": 4.885610915755112,
    "thrust_small": 4.428235911837762,
    "torque_small": 0.20535425671996604,
    "moment_created": 4.428235911837762,
    "power_required": 206.98223196133995,
    "p_induced": 151.00458053645502,
    "p_profile": 32.57087131601811,
    "p_total": 183.57545185247312,
    "p_ideal": 165.42169315968016,
    "power_loading": 0.28745325296259555,
    "figure_of_merit": 0.799207214996974,
    "STALL_MAIN_HIGH": 0.0,
    "STALL_MAIN_LOW": 0.0,
    "STALL_SMALL_HIGH": 0.0,
    "STALL_SMALL_LOW": 0.0,
    "disk_loading": 18.938711170832292,
    "efficiency_small": 0.8198477678277032,
    "RPM_main": 367.03125,
    "RPM_small": 9687.5
}