{
    "thrust_main": 60.09521917675277,
    "torque_main": 5.936798306436295,
    "thrust_small": 5.818000130992921,
    "torque_small": 0.3683119847146142,
    "moment_created": 5.818000130992921,
    "power_required": 366.41063804616834,
    "p_induced": 153.44895362021333,
    "p_profile": 23.89764515849202,
    "p_total": 177.34659877870536,
    "p_ideal": 167.9197993589842,
    "power_loading": 0.1640105743031966,
    "figure_of_merit": 0.458283089853483,
    "STALL_MAIN_HIGH": 0.0,
    "STALL_MAIN_LOW": 0.0,
    "STALL_SMALL_HIGH": 1.0,
    "STALL_SMALL_LOW": 0.0,
    "disk_loading": 19.12890237634213,
    "efficiency_small": 0.4799972438312979
}