{
    "thrust_main": 59.5223061797626,
    "torque_main": 5.476591212185662,
    "thrust_small": 5.403161040248154,
    "torque_small": 0.2655896849799668,
    "moment_created": 5.695431817289625,
    "power_required": 309.4139153543018,
    "p_induced": 157.47780282157203,
    "p_profile": 32.193960718507796,
    "p_total": 189.67176354007984,
    "p_ideal": 157.03009754427052,
    "power_loading": 0.1923711353175734,
    "figure_of_merit": 0.5075081945311329,
    "STALL_MAIN_HIGH": 0.0,
    "STALL_MAIN_LOW": 0.0,
    "STALL_SMALL_HIGH": 0.0,
    "STALL_SMALL_LOW": 0.0,
    "disk_loading": 17.05188465492928,
    "efficiency_small": 0.6463461663832887,
    "RPM_main": 336.40625,
    "RPM_small": 11062.5
}