{
    "thrust_main": 59.931324126633015,
    "torque_main": 5.460791259757192,
    "thrust_small": 5.487015984074147,
    "torque_small": 0.21727907049936218,
    "moment_created": 5.7838226891414966,
    "power_required": 224.68993417137625,
    "p_induced": 143.67623912504962,
    "p_profile": 27.065185239424345,
    "p_total": 170.74142436447397,
    "p_ideal": 158.65146468088227,
    "power_loading": 0.26672901190545545,
    "figure_of_merit": 0.7060906634111838,
    "STALL_MAIN_HIGH": 0.0,
    "STALL_MAIN_LOW": 0.0,
    "STALL_SMALL_HIGH": 0.0,
    "STALL_SMALL_LOW": 0.0,
    "disk_loading": 17.16905966543319,
    "efficiency_small": 0.8154274939535593,
    "RPM_main": 302.5,
    "RPM_small": 9812.5
}