{
    "thrust": 74.89857304721716,
    "torque": 1.8675687598721389,
    "p_induced": 403.1632173202216,
    "p_profile": 289.90701210707795,
    "p_total": 693.0702294272995,
    "p_ideal": 849.6100542079449,
    "power_loading": 0.10806779726941616,
    "figure_of_merit": 1.225864303694011,
    "STALL_HIGH": 0.0,
    "STALL_LOW": 0.0,
    "main_RPM": 4002.9296875,
    "disk_loading": 78.81307855202651
}