{
    "thrust_main": 70.61456424120276,
    "torque_main": 4.798853156899643,
    "thrust_small": 3.514688658985795,
    "torque_small": 0.19147968675648838,
    "moment_created": 3.514688658985795,
    "power_required": 230.59461793666776,
    "p_induced": 156.45598084328083,
    "p_profile": 39.473100725646276,
    "p_total": 195.9290815689271,
    "p_ideal": 213.88653586729356,
    "power_loading": 0.30622815429541755,
    "figure_of_merit": 0.9275434864053808,
    "STALL_MAIN_HIGH": 0.0,
    "STALL_MAIN_LOW": 0.0,
    "STALL_SMALL_HIGH": 0.0,
    "STALL_SMALL_LOW": 0.0,
    "disk_loading": 22.477313906535226,
    "efficiency_small": 0.622487906282815,
    "RPM_main": null,
    "RPM_small": null
}