{
    "thrust_main": 59.93380590808386,
    "torque_main": 5.598104313962352,
    "thrust_small": 5.863467329035397,
    "torque_small": 0.35893892500850305,
    "moment_created": 5.590596741499026,
    "power_required": 387.62621215125637,
    "p_induced": 158.614427035252,
    "p_profile": 24.790860196321766,
    "p_total": 183.40528723157377,
    "p_ideal": 175.40668852925828,
    "power_loading": 0.15461752592906947,
    "figure_of_merit": 0.4525150338925287,
    "STALL_MAIN_HIGH": 0.0,
    "STALL_MAIN_LOW": 0.0,
    "STALL_SMALL_HIGH": 1.0,
    "STALL_SMALL_LOW": 0.0,
    "disk_loading": 20.985275230879935,
    "efficiency_small": 0.47846980589958876
}