{
    "thrust_main": 68.80143614710859,
    "torque_main": 5.952413270062838,
    "thrust_small": 3.220068422015684,
    "torque_small": 0.18178618354620435,
    "moment_created": 3.220068422015684,
    "power_required": 218.92095318868863,
    "p_induced": 200.6642311436263,
    "p_profile": 38.76440223178445,
    "p_total": 239.42863337541075,
    "p_ideal": 205.70188762850648,
    "power_loading": 0.31427524476292784,
    "figure_of_merit": 0.9396171752057529,
    "STALL_MAIN_HIGH": 0.0,
    "STALL_MAIN_LOW": 0.0,
    "STALL_SMALL_HIGH": 0.0,
    "STALL_SMALL_LOW": 0.0,
    "disk_loading": 21.900177309267477,
    "efficiency_small": 0.6007184829370557,
    "RPM_main": null,
    "RPM_small": null
}