{
    "thrust": 59.9987049884084,
    "torque": 4.743579235758322,
    "p_induced": 176.149270441957,
    "p_profile": 80.90348952986825,
    "p_total": 257.05275997182525,
    "p_ideal": 186.12826412966123,
    "power_loading": 0.2334100789074767,
    "figure_of_merit": 0.7240858419495755,
    "STALL_HIGH": 0.0,
    "STALL_LOW": 0.0,
    "main_RPM": 591.015625,
    "disk_loading": 23.578001180290258
}