{
    "thrust_main": 59.642985916859466,
    "torque_main": 6.0325539717251315,
    "thrust_small": 6.80842785884162,
    "torque_small": 0.07732004382581222,
    "moment_created": 6.604175023076372,
    "power_required": 166.61976226256732,
    "p_induced": 160.13167531000383,
    "p_profile": 22.261484868417377,
    "p_total": 182.3931601784212,
    "p_ideal": 171.1627885974785,
    "power_loading": 0.3270023166357517,
    "figure_of_merit": 0.938427671465548,
    "STALL_MAIN_HIGH": 0.0,
    "STALL_MAIN_LOW": 0.0,
    "STALL_SMALL_HIGH": 0.037037037037037035,
    "STALL_SMALL_LOW": 0.037037037037037035,
    "disk_loading": 20.17743868514929
}