{
    "thrust": 60.09341236129768,
    "torque": 1.1123899864454037,
    "p_induced": 388.74724989118283,
    "p_profile": 119.97291143190353,
    "p_total": 508.72016132308636,
    "p_ideal": 388.61490018382096,
    "power_loading": 0.11812665769920719,
    "figure_of_merit": 0.7639070155448646,
    "STALL_HIGH": 0.0,
    "STALL_LOW": 0.0,
    "main_RPM": 4408.203125,
    "disk_loading": 102.45926807601256
}