{
    "thrust_main": 68.88114774488504,
    "torque_main": 5.953773953905444,
    "thrust_small": 3.2234631940305847,
    "torque_small": 0.18160710389894996,
    "moment_created": 3.2234631940305847,
    "power_required": 218.70529165540344,
    "p_induced": 200.75697816840187,
    "p_profile": 38.75905112892785,
    "p_total": 239.51602929732974,
    "p_ideal": 206.05947263036802,
    "power_loading": 0.31494961655255965,
    "figure_of_merit": 0.9421787240294102,
    "STALL_MAIN_HIGH": 0.0,
    "STALL_MAIN_LOW": 0.0,
    "STALL_SMALL_HIGH": 0.0,
    "STALL_SMALL_LOW": 0.0,
    "disk_loading": 21.925550298883227,
    "efficiency_small": 0.6019447758528191,
    "RPM_main": null,
    "RPM_small": null
}