{
    "thrust_main": 69.12555870523038,
    "torque_main": 5.979992967554059,
    "thrust_small": 3.5056351318989694,
    "torque_small": 0.19144542765055342,
    "moment_created": 3.5056351318989694,
    "power_required": 230.55336047705026,
    "p_induced": 202.16671824587354,
    "p_profile": 38.71709075382493,
    "p_total": 240.88380899969846,
    "p_ideal": 207.1571861148042,
    "power_loading": 0.29982455498457705,
    "figure_of_merit": 0.898521651066652,
    "STALL_MAIN_HIGH": 0.0,
    "STALL_MAIN_LOW": 0.0,
    "STALL_SMALL_HIGH": 0.0,
    "STALL_SMALL_LOW": 0.0,
    "disk_loading": 22.003348723852824,
    "efficiency_small": 0.6209955395958232,
    "RPM_main": null,
    "RPM_small": null
}