{
    "thrust_main": 67.9599672148056,
    "torque_main": 5.9568591649546345,
    "thrust_small": 1.7499292642128048,
    "torque_small": 0.1271299244444155,
    "moment_created": 1.7499292642128048,
    "power_required": 146.44316011825669,
    "p_induced": 200.5132481699334,
    "p_profile": 38.83033394195321,
    "p_total": 239.3435821118866,
    "p_ideal": 201.93972592676323,
    "power_loading": 0.4640706138813595,
    "figure_of_merit": 1.3789631810983294,
    "STALL_MAIN_HIGH": 0.0,
    "STALL_MAIN_LOW": 0.0,
    "STALL_SMALL_HIGH": 0.0,
    "STALL_SMALL_LOW": 0.0,
    "disk_loading": 21.63232942919892,
    "efficiency_small": 0.48802787314955803,
    "RPM_main": null,
    "RPM_small": null
}