{
    "thrust_main": 53.16337343370259,
    "torque_main": 5.3497033559716485,
    "thrust_small": 12.586213474131899,
    "torque_small": 0.46765794414593853,
    "moment_created": 13.267033898452516,
    "power_required": 708.9610628832072,
    "p_induced": 141.13260738003635,
    "p_profile": 24.634380698531952,
    "p_total": 165.7669880785683,
    "p_ideal": 132.5507143353153,
    "power_loading": 0.07498771966050921,
    "figure_of_merit": 0.18696473089263496,
    "STALL_MAIN_HIGH": 0.0,
    "STALL_MAIN_LOW": 0.0,
    "STALL_SMALL_HIGH": 0.06896551724137931,
    "STALL_SMALL_LOW": 0.0,
    "disk_loading": 15.230184612145415,
    "efficiency_small": 0.571362506977574,
    "RPM_main": 292.65625,
    "RPM_small": 14449.21875
}