{
    "thrust": 70.88317508567742,
    "torque": 6.242489320906156,
    "p_induced": 215.58433102769428,
    "p_profile": 41.33435559145623,
    "p_total": 256.9186866191505,
    "p_ideal": 215.1081006687922,
    "power_loading": 0.275897312174699,
    "figure_of_merit": 0.8372614055421465,
    "STALL_HIGH": 0.0,
    "STALL_LOW": 0.0,
    "main_RPM": null,
    "disk_loading": 22.562815393867687
}