{
    "thrust_main": 667.7751908152916,
    "torque_main": 386.6899850500844,
    "thrust_small": 1.8572805541684103,
    "torque_small": -0.061135231110782874,
    "moment_created": 1.9129989707934627,
    "power_required": -165.50342047286256,
    "p_induced": 86445.72802547227,
    "p_profile": 7.354429903819343,
    "p_total": 86453.08245537609,
    "p_ideal": 6038.794028593095,
    "power_loading": 0.007724133967808177,
    "figure_of_merit": 0.06985053461465761,
    "STALL_MAIN_HIGH": 0.07142857142857142,
    "STALL_MAIN_LOW": 0.07142857142857142,
    "STALL_SMALL_HIGH": 0.2222222222222222,
    "STALL_SMALL_LOW": 0.1111111111111111,
    "disk_loading": 200.35766329038984
}