{
    "thrust_main": 67.97229885399292,
    "torque_main": 5.951514296717435,
    "thrust_small": 1.5579675622028875,
    "torque_small": 0.12010140657369195,
    "moment_created": 1.5579675622028875,
    "power_required": 138.34688874521405,
    "p_induced": 200.2433379189559,
    "p_profile": 38.83656579571636,
    "p_total": 239.07990371467224,
    "p_ideal": 201.99469271610272,
    "power_loading": 0.4913178711172451,
    "figure_of_merit": 1.4600595253580684,
    "STALL_MAIN_HIGH": 0.0,
    "STALL_MAIN_LOW": 0.0,
    "STALL_SMALL_HIGH": 0.0,
    "STALL_SMALL_LOW": 0.0,
    "disk_loading": 21.636254711865092,
    "efficiency_small": 0.45991994037919515,
    "RPM_main": null,
    "RPM_small": null
}