{
    "thrust": 3.8715114961264345,
    "torque": 0.136571791837998,
    "p_induced": -62.89843969601294,
    "p_profile": 63.16186921306877,
    "p_total": 0.26342951705582607,
    "p_ideal": 11.36776189512231,
    "power_loading": 14.696574398327513,
    "figure_of_merit": 43.152954240557825,
    "STALL_HIGH": 0.10204081632653061,
    "STALL_LOW": 0.10204081632653061,
    "main_RPM": 4000,
    "disk_loading": 5.280741680716456
}