{
    "thrust_main": 21.442483657813526,
    "torque_main": 1.322335800578061,
    "thrust_small": 1.8945711577699633,
    "torque_small": 0.23862640807250532,
    "moment_created": 1.1834642200641916,
    "power_required": 137.43894460145498,
    "p_induced": 54.25932594157781,
    "p_profile": 13.291495359803246,
    "p_total": 67.55082130138106,
    "p_ideal": 57.29417130716764,
    "power_loading": 0.1560146123065218,
    "figure_of_merit": 0.4168699888762177,
    "STALL_MAIN_HIGH": 0.0,
    "STALL_MAIN_LOW": 0.0,
    "STALL_SMALL_HIGH": 1.0,
    "STALL_SMALL_LOW": 0.0,
    "disk_loading": 17.491892246793267,
    "efficiency_small": 0.4486080101205648,
    "RPM_main": 498.75,
    "RPM_small": 5500.0
}