{
    "thrust": 59.894107691355515,
    "torque": 1.4271216509069666,
    "p_induced": 351.1004327364109,
    "p_profile": 269.88390089955834,
    "p_total": 620.9843336359693,
    "p_ideal": 742.5670119286193,
    "power_loading": 0.09645027168506054,
    "figure_of_merit": 1.1957902505861342,
    "STALL_HIGH": 0.0,
    "STALL_LOW": 0.0,
    "main_RPM": 5110.3515625,
    "disk_loading": 94.14758815958061
}