{
    "thrust_main": 68.0232046586393,
    "torque_main": 5.969065130725591,
    "thrust_small": 2.6586998333328316,
    "torque_small": 0.16163932409260934,
    "moment_created": 2.6586998333328316,
    "power_required": 186.1951348036106,
    "p_induced": 201.1588761800823,
    "p_profile": 38.81261264166904,
    "p_total": 239.97148882175134,
    "p_ideal": 202.22165195236906,
    "power_loading": 0.3653328790270852,
    "figure_of_merit": 1.0860737696807299,
    "STALL_MAIN_HIGH": 0.0,
    "STALL_MAIN_LOW": 0.0,
    "STALL_SMALL_HIGH": 0.0,
    "STALL_SMALL_LOW": 0.0,
    "disk_loading": 21.652458532748177,
    "efficiency_small": 0.5831686974692157,
    "RPM_main": null,
    "RPM_small": null
}