{
    "thrust": 60.00242766429276,
    "torque": 4.846482777067081,
    "p_induced": 172.32298058644636,
    "p_profile": 37.02068445302858,
    "p_total": 209.34366503947496,
    "p_ideal": 175.7080249678,
    "power_loading": 0.2866216546508746,
    "figure_of_merit": 0.8393281207466562,
    "STALL_HIGH": 0.0,
    "STALL_LOW": 0.0,
    "main_RPM": 420.361328125,
    "disk_loading": 21.00930251262938
}