{
    "thrust_main": 67.93494382109157,
    "torque_main": 5.953862991169377,
    "thrust_small": 1.5371026980085312,
    "torque_small": 0.11966707210960842,
    "moment_created": 1.5371026980085312,
    "power_required": 137.84657135930644,
    "p_induced": 200.34879148258545,
    "p_profile": 38.835644841240196,
    "p_total": 239.18443632382565,
    "p_ideal": 201.82820250448265,
    "power_loading": 0.4928301310013328,
    "figure_of_merit": 1.4641510522478194,
    "STALL_MAIN_HIGH": 0.0,
    "STALL_MAIN_LOW": 0.0,
    "STALL_SMALL_HIGH": 0.0,
    "STALL_SMALL_LOW": 0.0,
    "disk_loading": 21.62436423559387,
    "efficiency_small": 0.4554074610008998,
    "RPM_main": null,
    "RPM_small": null
}