{
    "thrust_main": 68.7998586380704,
    "torque_main": 5.949075391089525,
    "thrust_small": 3.113645997836114,
    "torque_small": 0.17805039805721723,
    "moment_created": 3.113645997836114,
    "power_required": 214.42203196044431,
    "p_induced": 200.49507229736136,
    "p_profile": 38.76854816790517,
    "p_total": 239.26362046526654,
    "p_ideal": 205.6948130364989,
    "power_loading": 0.32086189095886525,
    "figure_of_merit": 0.9592988703439049,
    "STALL_MAIN_HIGH": 0.0,
    "STALL_MAIN_LOW": 0.0,
    "STALL_SMALL_HIGH": 0.0,
    "STALL_SMALL_LOW": 0.0,
    "disk_loading": 21.899675172545077,
    "efficiency_small": 0.5930523787236719,
    "RPM_main": null,
    "RPM_small": null
}