{
    "thrust_main": 60.041882452572864,
    "torque_main": 6.172241414414633,
    "thrust_small": 5.456957915893422,
    "torque_small": 0.4860020189066795,
    "moment_created": 5.752138703302921,
    "power_required": 330.8110806493173,
    "p_induced": 150.07543439565325,
    "p_profile": 24.508833566758792,
    "p_total": 174.58426796241204,
    "p_ideal": 159.0906755807101,
    "power_loading": 0.18149900642603148,
    "figure_of_merit": 0.4809109636486368,
    "STALL_MAIN_HIGH": 0.0,
    "STALL_MAIN_LOW": 0.0,
    "STALL_SMALL_HIGH": 1.0,
    "STALL_SMALL_LOW": 0.0,
    "disk_loading": 17.200732292765114,
    "efficiency_small": 0.49810635290981525
}