{
    "thrust": 329.17087190378186,
    "torque": -271.577842740875,
    "p_induced": -84302.40786604548,
    "p_profile": 134.89287710287596,
    "p_total": -84167.51498894261,
    "p_ideal": 7827.830703645431,
    "power_loading": -0.003910901634045227,
    "figure_of_merit": -0.09300299176794992,
    "STALL_HIGH": 0.4111111111111111,
    "STALL_LOW": 0.49444444444444446,
    "main_RPM": 3125.0,
    "disk_loading": 346.37468684532865
}