{
    "thrust": 70.87596710502002,
    "torque": 6.241374845447773,
    "p_induced": 215.52321514621497,
    "p_profile": 41.33611255175222,
    "p_total": 256.85932769796716,
    "p_ideal": 215.07529057790163,
    "power_loading": 0.2759330087025722,
    "figure_of_merit": 0.8373271568739833,
    "STALL_HIGH": 0.0,
    "STALL_LOW": 0.0,
    "main_RPM": null,
    "disk_loading": 22.560521022365016
}