{
    "thrust_main": 68.02938544796044,
    "torque_main": 5.963058476462354,
    "thrust_small": 2.539075315627575,
    "torque_small": 0.15693451444631407,
    "moment_created": 2.539075315627575,
    "power_required": 180.77558314911735,
    "p_induced": 200.8398475378828,
    "p_profile": 38.821368282998066,
    "p_total": 239.66121582088087,
    "p_ideal": 202.249214263456,
    "power_loading": 0.37631954638389775,
    "figure_of_merit": 1.1187861255390092,
    "STALL_MAIN_HIGH": 0.0,
    "STALL_MAIN_LOW": 0.0,
    "STALL_SMALL_HIGH": 0.0,
    "STALL_SMALL_LOW": 0.0,
    "disk_loading": 21.654425939093514,
    "efficiency_small": 0.5736262765908517,
    "RPM_main": null,
    "RPM_small": null
}