{
    "thrust_main": 60.00573391370639,
    "torque_main": 6.123492644505754,
    "thrust_small": 5.420703116917734,
    "torque_small": 0.49899882861023737,
    "moment_created": 5.420703116917734,
    "power_required": 339.65772839102783,
    "p_induced": 158.60441059749178,
    "p_profile": 23.935324328030937,
    "p_total": 182.5397349255227,
    "p_ideal": 167.54487555162603,
    "power_loading": 0.17666529832239042,
    "figure_of_merit": 0.4932756170315711,
    "STALL_MAIN_HIGH": 0.0,
    "STALL_MAIN_LOW": 0.0,
    "STALL_SMALL_HIGH": 1.0,
    "STALL_SMALL_LOW": 0.0,
    "disk_loading": 19.10041833244671,
    "efficiency_small": 0.48126923542468486
}