{
    "thrust": 70.87650293455235,
    "torque": 6.24135220930128,
    "p_induced": 215.52219123279218,
    "p_profile": 41.33611910601685,
    "p_total": 256.858310338809,
    "p_ideal": 215.0777295691751,
    "power_loading": 0.2759361877023277,
    "figure_of_merit": 0.8373399688157909,
    "STALL_HIGH": 0.0,
    "STALL_LOW": 0.0,
    "main_RPM": null,
    "disk_loading": 22.560691582202466
}