{
    "thrust_main": 59.60809908465015,
    "torque_main": 12.577771618417405,
    "thrust_small": 7.681700270423093,
    "torque_small": 0.08809551113531668,
    "moment_created": 7.912151278535786,
    "power_required": 189.11947724124826,
    "p_induced": 469.35416097734276,
    "p_profile": 20.458286972408175,
    "p_total": 489.81244794975095,
    "p_ideal": 161.050732788799,
    "power_loading": 0.12169576198840346,
    "figure_of_merit": 0.3288008164409103,
    "STALL_MAIN_HIGH": 0.0,
    "STALL_MAIN_LOW": 0.07142857142857142,
    "STALL_SMALL_HIGH": 0.14814814814814814,
    "STALL_SMALL_LOW": 0.0,
    "disk_loading": 17.88467078449157
}