{
    "thrust": 170.85879175765047,
    "torque": -110.83290207491751,
    "p_induced": -71807.64332503517,
    "p_profile": 518.9646496235871,
    "p_total": -71288.67867541159,
    "p_ideal": 3577.7953863005228,
    "power_loading": -0.002396717051463347,
    "figure_of_merit": -0.05018742741173223,
    "STALL_HIGH": 0.46111111111111114,
    "STALL_LOW": 0.4444444444444444,
    "main_RPM": 7000,
    "disk_loading": 268.5730496685319
}