{
    "thrust_main": 59.731347830387534,
    "torque_main": 5.672710771239114,
    "thrust_small": 5.437223173352842,
    "torque_small": 0.3132587743976852,
    "moment_created": 5.184188885171136,
    "power_required": 360.84820358425236,
    "p_induced": 161.69853465020333,
    "p_profile": 25.021602868926525,
    "p_total": 186.72013751912985,
    "p_ideal": 174.51864647249118,
    "power_loading": 0.1655304009749385,
    "figure_of_merit": 0.48363451650589645,
    "STALL_MAIN_HIGH": 0.0,
    "STALL_MAIN_LOW": 0.0,
    "STALL_SMALL_HIGH": 1.0,
    "STALL_SMALL_LOW": 0.0,
    "disk_loading": 20.914386382444576,
    "efficiency_small": 0.4784640905674976
}