{
    "thrust_main": 47.911576402906284,
    "torque_main": 4.803641538117609,
    "thrust_small": 4.576716416076241,
    "torque_small": 0.2770016819526625,
    "moment_created": 4.824282693161262,
    "power_required": 233.87335818348694,
    "p_induced": 114.21399805260114,
    "p_profile": 21.93128107092926,
    "p_total": 136.1452791235304,
    "p_ideal": 113.40284936237846,
    "power_loading": 0.20486119827858687,
    "figure_of_merit": 0.48488998594447635,
    "STALL_MAIN_HIGH": 0.0,
    "STALL_MAIN_LOW": 0.0,
    "STALL_SMALL_HIGH": 0.0,
    "STALL_SMALL_LOW": 0.0,
    "disk_loading": 13.725655588525587,
    "efficiency_small": 0.592011618381618,
    "RPM_main": 275.15625,
    "RPM_small": 8031.25
}