{
    "thrust_main": 73.87113474026758,
    "torque_main": 5.8553988894008615,
    "thrust_small": 2.7767670157869393,
    "torque_small": 0.1657473028203191,
    "moment_created": 2.7767670157869393,
    "power_required": 190.92718659404036,
    "p_induced": 198.35569836062035,
    "p_profile": 38.48642546329922,
    "p_total": 236.84212382391956,
    "p_ideal": 228.8517179381713,
    "power_loading": 0.38690736535774944,
    "figure_of_merit": 1.198633479184754,
    "STALL_MAIN_HIGH": 0.0,
    "STALL_MAIN_LOW": 0.0,
    "STALL_SMALL_HIGH": 0.0,
    "STALL_SMALL_LOW": 0.0,
    "disk_loading": 23.51391249144204,
    "efficiency_small": 0.5939705244231116,
    "RPM_main": null,
    "RPM_small": null
}