{
    "thrust_main": 68.02714826684024,
    "torque_main": 5.961942001494631,
    "thrust_small": 2.4069560404576364,
    "torque_small": 0.15230119171091977,
    "moment_created": 2.4069560404576364,
    "power_required": 175.43837850446602,
    "p_induced": 200.7761944359363,
    "p_profile": 38.82253837573389,
    "p_total": 239.5987328116702,
    "p_ideal": 202.2392377422627,
    "power_loading": 0.38775522691637576,
    "figure_of_merit": 1.1527650874698117,
    "STALL_MAIN_HIGH": 0.0,
    "STALL_MAIN_LOW": 0.0,
    "STALL_SMALL_HIGH": 0.0,
    "STALL_SMALL_LOW": 0.0,
    "disk_loading": 21.65371382222577,
    "efficiency_small": 0.5603208444059701,
    "RPM_main": null,
    "RPM_small": null
}