{
    "thrust_main": 68.85013840339431,
    "torque_main": 5.957400157941095,
    "thrust_small": 3.345714425137611,
    "torque_small": 0.18609201463329797,
    "moment_created": 3.345714425137611,
    "power_required": 224.1063673245018,
    "p_induced": 200.93152703660502,
    "p_profile": 38.755997836039114,
    "p_total": 239.68752487264413,
    "p_ideal": 205.92034059867993,
    "power_loading": 0.3072208042340029,
    "figure_of_merit": 0.9188509146663877,
    "STALL_MAIN_HIGH": 0.0,
    "STALL_MAIN_LOW": 0.0,
    "STALL_SMALL_HIGH": 0.0,
    "STALL_SMALL_LOW": 0.0,
    "disk_loading": 21.91567971892268,
    "efficiency_small": 0.609716429741066,
    "RPM_main": null,
    "RPM_small": null
}