{
    "thrust_main": 67.99381371573097,
    "torque_main": 5.9579524379234625,
    "thrust_small": 1.7987578005573923,
    "torque_small": 0.12875754377683438,
    "moment_created": 1.7987578005573923,
    "power_required": 148.31804299536563,
    "p_induced": 200.5847401042937,
    "p_profile": 38.82725180278415,
    "p_total": 239.41199190707783,
    "p_ideal": 202.09060454713895,
    "power_loading": 0.4584325166551416,
    "figure_of_merit": 1.3625490228013155,
    "STALL_MAIN_HIGH": 0.0,
    "STALL_MAIN_LOW": 0.0,
    "STALL_SMALL_HIGH": 0.0,
    "STALL_SMALL_LOW": 0.0,
    "disk_loading": 21.64310310505619,
    "efficiency_small": 0.4953041067024044,
    "RPM_main": null,
    "RPM_small": null
}