{
    "thrust": 59.99862057559358,
    "torque": 0.9844636204966756,
    "p_induced": 433.01076956008967,
    "p_profile": 154.19658804172613,
    "p_total": 587.2073576018158,
    "p_ideal": 849.398846085566,
    "power_loading": 0.10217620709084937,
    "figure_of_merit": 1.4465057957627665,
    "STALL_HIGH": 0.0,
    "STALL_LOW": 0.0,
    "main_RPM": 5761.71875,
    "disk_loading": 122.75717769766447
}