{
    "thrust_main": 67.96403290188864,
    "torque_main": 5.951032940820982,
    "thrust_small": 1.491145475392849,
    "torque_small": 0.11777045884965896,
    "moment_created": 1.491145475392849,
    "power_required": 135.66182972178092,
    "p_induced": 200.2169734381552,
    "p_profile": 38.83750820223428,
    "p_total": 239.0544816403895,
    "p_ideal": 201.95784768391295,
    "power_loading": 0.5009812490460374,
    "figure_of_merit": 1.4886858602607216,
    "STALL_MAIN_HIGH": 0.0,
    "STALL_MAIN_LOW": 0.0,
    "STALL_SMALL_HIGH": 0.0,
    "STALL_SMALL_LOW": 0.0,
    "disk_loading": 21.633623577591578,
    "efficiency_small": 0.4489061650353609,
    "RPM_main": null,
    "RPM_small": null
}