{
    "thrust": 1.3934351651035524,
    "torque": 0.09733651060457074,
    "p_induced": -14.431731078174714,
    "p_profile": 36.87430772169199,
    "p_total": 22.442576643517278,
    "p_ideal": 1.3721743567245788,
    "power_loading": 0.0620889119479094,
    "figure_of_merit": 0.061141569371489374,
    "STALL_HIGH": 0.14285714285714285,
    "STALL_LOW": 0.12244897959183673,
    "main_RPM": 4000,
    "disk_loading": 2.375806956501557
}