{
    "thrust": 71.65489478356425,
    "torque": 1.2799579020422676,
    "p_induced": -171.39511132313723,
    "p_profile": 742.1502901443844,
    "p_total": 570.7551788212471,
    "p_ideal": 971.6912619587426,
    "power_loading": 0.12554401158750694,
    "figure_of_merit": 1.702465957410197,
    "STALL_HIGH": 0.12222222222222222,
    "STALL_LOW": 0.08888888888888889,
    "main_RPM": 7000,
    "disk_loading": 112.6343772991004
}