{
    "thrust": 74.06679211652096,
    "torque": -46.32486975480077,
    "p_induced": -36329.54699050871,
    "p_profile": 548.8416525123573,
    "p_total": -35780.705337996355,
    "p_ideal": 1021.162379301993,
    "power_loading": -0.002070020459822175,
    "figure_of_merit": -0.028539470355761747,
    "STALL_HIGH": 0.6055555555555555,
    "STALL_LOW": 0.25555555555555554,
    "main_RPM": 7000,
    "disk_loading": 116.42564033880626
}