{
    "thrust": 59.9950905297444,
    "torque": 1.0780224068396782,
    "p_induced": 395.04144122417017,
    "p_profile": 140.71974907551686,
    "p_total": 535.7611902996871,
    "p_ideal": 387.6615420549805,
    "power_loading": 0.11198103113102525,
    "figure_of_merit": 0.7235715260340814,
    "STALL_HIGH": 0.0,
    "STALL_LOW": 0.0,
    "main_RPM": 4800.78125,
    "disk_loading": 102.29162935321422
}