{
    "thrust": 4.751715178716417,
    "torque": 0.1485461834033184,
    "p_induced": -70.89869085546779,
    "p_profile": 69.79795299167294,
    "p_total": -1.1007378637948477,
    "p_ideal": 7.728580666716565,
    "power_loading": -4.3168453952648145,
    "figure_of_merit": -7.021272658025866,
    "STALL_HIGH": 0.16326530612244897,
    "STALL_LOW": 0.14285714285714285,
    "main_RPM": 4000,
    "disk_loading": 6.481339503769192
}