{
    "thrust_main": 60.1017670830127,
    "torque_main": 5.037900906533646,
    "thrust_small": 4.542353706531159,
    "torque_small": 0.21983295582193013,
    "moment_created": 4.788061216915506,
    "power_required": 204.3100730455971,
    "p_induced": 141.96916433434257,
    "p_profile": 31.45168595886807,
    "p_total": 173.42085029321063,
    "p_ideal": 159.32874593418353,
    "power_loading": 0.2941693778827999,
    "figure_of_merit": 0.7798379373033907,
    "STALL_MAIN_HIGH": 0.0,
    "STALL_MAIN_LOW": 0.0,
    "STALL_SMALL_HIGH": 0.0,
    "STALL_SMALL_LOW": 0.0,
    "disk_loading": 17.217887975674632,
    "efficiency_small": 0.8229023014157816,
    "RPM_main": 334.21875,
    "RPM_small": 8937.5
}