{
    "thrust_main": 60.02013198857572,
    "torque_main": 5.78073457773238,
    "thrust_small": 5.093326489675759,
    "torque_small": 0.46610653702560345,
    "moment_created": 4.856296262719412,
    "power_required": 341.673936919088,
    "p_induced": 165.7911360368386,
    "p_profile": 25.290345217059205,
    "p_total": 191.0814812538978,
    "p_ideal": 175.78579735378415,
    "power_loading": 0.1756649410539883,
    "figure_of_merit": 0.514484069048006,
    "STALL_MAIN_HIGH": 0.0,
    "STALL_MAIN_LOW": 0.0,
    "STALL_SMALL_HIGH": 1.0,
    "STALL_SMALL_LOW": 0.0,
    "disk_loading": 21.015501520221598,
    "efficiency_small": 0.4757090891853737
}