{
    "thrust_main": 59.689872067509846,
    "torque_main": 4.8309790034494995,
    "thrust_small": 5.05356023977701,
    "torque_small": 0.21378668047514243,
    "moment_created": 5.05356023977701,
    "power_required": 317.9751428739736,
    "p_induced": 153.40805314517416,
    "p_profile": 34.737061753217375,
    "p_total": 188.14511489839154,
    "p_ideal": 166.22371855200734,
    "power_loading": 0.1877186736296785,
    "figure_of_merit": 0.5227569584515873,
    "STALL_MAIN_HIGH": 0.0,
    "STALL_MAIN_LOW": 0.0,
    "STALL_SMALL_HIGH": 0.0,
    "STALL_SMALL_LOW": 0.0,
    "disk_loading": 18.999876384134087,
    "efficiency_small": 0.6308755790515939,
    "RPM_main": 380.15625,
    "RPM_small": 14148.4375
}