{
    "thrust_main": 59.70450017067352,
    "torque_main": 5.32351679001345,
    "thrust_small": 5.40183769349599,
    "torque_small": 0.5569505531721445,
    "moment_created": 4.776303086439333,
    "power_required": 379.10421602279473,
    "p_induced": 177.6441826574894,
    "p_profile": 27.16000634094717,
    "p_total": 204.8041889984366,
    "p_ideal": 188.06253032670375,
    "power_loading": 0.15748835715159554,
    "figure_of_merit": 0.4960707963094664,
    "STALL_MAIN_HIGH": 0.0,
    "STALL_MAIN_LOW": 0.0,
    "STALL_SMALL_HIGH": 1.0,
    "STALL_SMALL_LOW": 0.0,
    "disk_loading": 24.308407088985806,
    "efficiency_small": 0.4914599798617029,
    "RPM_main": 373.75,
    "RPM_small": 6500.0
}