{
    "thrust_main": 62.41666020970122,
    "torque_main": 5.920821462972214,
    "thrust_small": 6.095501984184673,
    "torque_small": 0.06572063533331855,
    "moment_created": 5.912636924659132,
    "power_required": 144.52722560668516,
    "p_induced": 167.75840688563989,
    "p_profile": 26.37558037424816,
    "p_total": 194.13398725988804,
    "p_ideal": 183.2403350881611,
    "power_loading": 0.32151330681805734,
    "figure_of_merit": 0.9438859092862314,
    "STALL_MAIN_HIGH": 0.0,
    "STALL_MAIN_LOW": 0.0,
    "STALL_SMALL_HIGH": 0.037037037037037035,
    "STALL_SMALL_LOW": 0.037037037037037035,
    "disk_loading": 21.115782768968362
}