{
    "thrust_main": 68.81180462496641,
    "torque_main": 5.948399083003938,
    "thrust_small": 3.0992677473369814,
    "torque_small": 0.17750915406393353,
    "moment_created": 3.0992677473369814,
    "power_required": 213.77022416842252,
    "p_induced": 200.46450403501396,
    "p_profile": 38.768770164430286,
    "p_total": 239.23327419944425,
    "p_ideal": 205.7483887469254,
    "power_loading": 0.32189611482444747,
    "figure_of_merit": 0.9624744959093229,
    "STALL_MAIN_HIGH": 0.0,
    "STALL_MAIN_LOW": 0.0,
    "STALL_SMALL_HIGH": 0.0,
    "STALL_SMALL_LOW": 0.0,
    "disk_loading": 21.9034776982743,
    "efficiency_small": 0.5921136992650812,
    "RPM_main": null,
    "RPM_small": null
}