{
    "thrust_main": 59.997326897501004,
    "torque_main": 5.483421906950574,
    "thrust_small": 5.158057021573631,
    "torque_small": 0.4904703619248727,
    "moment_created": 4.918014403266002,
    "power_required": 359.5335533597031,
    "p_induced": 163.9880443527537,
    "p_profile": 26.948575381572223,
    "p_total": 190.93661973432592,
    "p_ideal": 175.6856202090401,
    "power_loading": 0.1668754594302785,
    "figure_of_merit": 0.48864874659771085,
    "STALL_MAIN_HIGH": 0.0,
    "STALL_MAIN_LOW": 0.0,
    "STALL_SMALL_HIGH": 1.0,
    "STALL_SMALL_LOW": 0.0,
    "disk_loading": 21.007516525682753,
    "efficiency_small": 0.4830036955584586
}