{
    "thrust_main": 69.34555527939509,
    "torque_main": 6.046498688055273,
    "thrust_small": 4.317220219548572,
    "torque_small": 0.01683982958236765,
    "moment_created": 4.317220219548572,
    "power_required": 77.59236452538309,
    "p_induced": 204.4669619976386,
    "p_profile": 38.7625176440277,
    "p_total": 243.2294796416663,
    "p_ideal": 208.14690930879055,
    "power_loading": 0.8937162271515751,
    "figure_of_merit": 0.8557634938636528,
    "STALL_MAIN_HIGH": 0.0,
    "STALL_MAIN_LOW": 0.0,
    "STALL_SMALL_HIGH": 0.0,
    "STALL_SMALL_LOW": 0.0,
    "disk_loading": 22.073375808336014
}