{
    "thrust_main": 60.2626609106836,
    "torque_main": 5.180145686008702,
    "thrust_small": 5.201568712469286,
    "torque_small": 0.2707583192710812,
    "moment_created": 5.482934845757474,
    "power_required": 232.14628629251757,
    "p_induced": 144.58680292438942,
    "p_profile": 31.262511232276783,
    "p_total": 175.8493141566662,
    "p_ideal": 159.9689640617858,
    "power_loading": 0.25958916626712353,
    "figure_of_merit": 0.6890868969586521,
    "STALL_MAIN_HIGH": 0.0,
    "STALL_MAIN_LOW": 0.0,
    "STALL_SMALL_HIGH": 0.0,
    "STALL_SMALL_LOW": 0.0,
    "disk_loading": 17.26398066205087,
    "efficiency_small": 0.8185136839852527,
    "RPM_main": 329.84375,
    "RPM_small": 8156.25
}