{
    "thrust_main": 60.02277127847869,
    "torque_main": 6.458499303414794,
    "thrust_small": 6.119791387922993,
    "torque_small": 0.5385770140054938,
    "moment_created": 6.450826530306572,
    "power_required": 353.81969824111644,
    "p_induced": 150.49856677278686,
    "p_profile": 22.736724510654675,
    "p_total": 173.23529128344154,
    "p_ideal": 159.01472440657568,
    "power_loading": 0.16964225445010458,
    "figure_of_merit": 0.4494230400315711,
    "STALL_MAIN_HIGH": 0.0,
    "STALL_MAIN_LOW": 0.0,
    "STALL_SMALL_HIGH": 1.0,
    "STALL_SMALL_LOW": 0.0,
    "disk_loading": 17.195257344679433,
    "efficiency_small": 0.49409207822650536
}