{
    "thrust_main": 59.997235539993476,
    "torque_main": 6.32853498259032,
    "thrust_small": 5.851951443203012,
    "torque_small": 0.3739427492831005,
    "moment_created": 6.168498439076996,
    "power_required": 367.11743562856554,
    "p_induced": 156.09681607947547,
    "p_profile": 25.306499782690633,
    "p_total": 181.4033158621661,
    "p_ideal": 158.91325975177338,
    "power_loading": 0.16342791084620734,
    "figure_of_merit": 0.43286764487142293,
    "STALL_MAIN_HIGH": 0.0,
    "STALL_MAIN_LOW": 0.0,
    "STALL_SMALL_HIGH": 1.0,
    "STALL_SMALL_LOW": 0.0,
    "disk_loading": 17.18794189446967,
    "efficiency_small": 0.4875207001634828
}