{
    "thrust_main": 59.579400336534036,
    "torque_main": 5.499463945701068,
    "thrust_small": 5.486197805547828,
    "torque_small": 0.24821875131987894,
    "moment_created": 5.486197805547828,
    "power_required": 329.79134946438086,
    "p_induced": 165.7939964962873,
    "p_profile": 30.192761238112638,
    "p_total": 195.98675773439993,
    "p_ideal": 165.7624713856605,
    "power_loading": 0.18065786271622297,
    "figure_of_merit": 0.5026283183439403,
    "STALL_MAIN_HIGH": 0.0,
    "STALL_MAIN_LOW": 0.0,
    "STALL_SMALL_HIGH": 0.0,
    "STALL_SMALL_LOW": 0.0,
    "disk_loading": 18.964712140020648,
    "efficiency_small": 0.5993743602269073,
    "RPM_main": 345.15625,
    "RPM_small": 12718.75
}