{
    "thrust_main": 68.79516587805477,
    "torque_main": 5.950204792320918,
    "thrust_small": 3.1481360110412915,
    "torque_small": 0.17927546941666211,
    "moment_created": 3.1481360110412915,
    "power_required": 215.8973574472444,
    "p_induced": 200.55065728690437,
    "p_profile": 38.767409583789586,
    "p_total": 239.31806687069394,
    "p_ideal": 205.67376808191196,
    "power_loading": 0.3186475586893889,
    "figure_of_merit": 0.9526460653052198,
    "STALL_MAIN_HIGH": 0.0,
    "STALL_MAIN_LOW": 0.0,
    "STALL_SMALL_HIGH": 0.0,
    "STALL_SMALL_LOW": 0.0,
    "disk_loading": 21.898181420638615,
    "efficiency_small": 0.5955241604739019,
    "RPM_main": null,
    "RPM_small": null
}