{
    "thrust_main": 59.95696609329335,
    "torque_main": 6.1438367591041345,
    "thrust_small": 5.2158192830454695,
    "torque_small": 0.43394820175302873,
    "moment_created": 5.2158192830454695,
    "power_required": 318.10064595547937,
    "p_induced": 159.3836140978667,
    "p_profile": 24.003364084409142,
    "p_total": 183.38697818227587,
    "p_ideal": 167.3406666160092,
    "power_loading": 0.18848426388195638,
    "figure_of_merit": 0.5260620144714507,
    "STALL_MAIN_HIGH": 0.0,
    "STALL_MAIN_LOW": 0.0,
    "STALL_SMALL_HIGH": 1.0,
    "STALL_SMALL_LOW": 0.0,
    "disk_loading": 19.084895053081603,
    "efficiency_small": 0.49506456549295813
}