{
    "thrust": 59.99163967393483,
    "torque": 5.288569759964233,
    "p_induced": 165.74000576338062,
    "p_profile": 33.40914512137114,
    "p_total": 199.14915088475175,
    "p_ideal": 167.48584921799775,
    "power_loading": 0.3012397462274503,
    "figure_of_merit": 0.8410070968111852,
    "STALL_HIGH": 0.0,
    "STALL_LOW": 0.0,
    "main_RPM": null,
    "disk_loading": 19.095931996589176
}