{
    "thrust_main": 69.66305807224846,
    "torque_main": 5.6934125151264094,
    "thrust_small": 3.578811446395567,
    "torque_small": 0.19389631783234856,
    "moment_created": 3.578811446395567,
    "power_required": 233.50491160317318,
    "p_induced": 189.19036057490916,
    "p_profile": 38.90639878671025,
    "p_total": 228.0967593616194,
    "p_ideal": 209.57806405013525,
    "power_loading": 0.2983365857016165,
    "figure_of_merit": 0.8975317161906209,
    "STALL_MAIN_HIGH": 0.0,
    "STALL_MAIN_LOW": 0.0,
    "STALL_SMALL_HIGH": 0.0,
    "STALL_SMALL_LOW": 0.0,
    "disk_loading": 22.17444008619221,
    "efficiency_small": 0.625944780896001,
    "RPM_main": null,
    "RPM_small": null
}