{
    "thrust_main": 78.90655352687946,
    "torque_main": 7.529288543050653,
    "thrust_small": 9.177561851680412,
    "torque_small": 0.5575569886801419,
    "moment_created": 9.177561851680412,
    "power_required": 452.20910657232963,
    "p_induced": 280.67871600923513,
    "p_profile": 35.627001126256346,
    "p_total": 316.3057171354915,
    "p_ideal": 252.64553860130005,
    "power_loading": 0.174491297012964,
    "figure_of_merit": 0.558691841737358,
    "STALL_MAIN_HIGH": 0.0,
    "STALL_MAIN_LOW": 0.0,
    "STALL_SMALL_HIGH": 0.0,
    "STALL_SMALL_LOW": 0.0,
    "disk_loading": 25.116736072296188,
    "efficiency_small": 0.8501129373432073,
    "RPM_main": null,
    "RPM_small": null
}