{
    "thrust_main": 59.58698258567236,
    "torque_main": 5.055417769355893,
    "thrust_small": 4.980787329946059,
    "torque_small": 0.3012399940241745,
    "moment_created": 4.980787329946059,
    "power_required": 301.6565060118832,
    "p_induced": 162.8920198057267,
    "p_profile": 34.529297465919804,
    "p_total": 197.4213172716465,
    "p_ideal": 165.79411551942724,
    "power_loading": 0.1975325623619238,
    "figure_of_merit": 0.5496122649941987,
    "STALL_MAIN_HIGH": 0.0,
    "STALL_MAIN_LOW": 0.0,
    "STALL_SMALL_HIGH": 0.0,
    "STALL_SMALL_LOW": 0.0,
    "disk_loading": 18.967125644880888,
    "efficiency_small": 0.655427625843274,
    "RPM_main": 380.15625,
    "RPM_small": 9593.75
}