{
    "thrust_main": 59.987526899420736,
    "torque_main": 5.791516758455125,
    "thrust_small": 5.730624530594588,
    "torque_small": 0.3481092541053147,
    "moment_created": 5.730624530594588,
    "power_required": 378.20937688990347,
    "p_induced": 157.90034477791605,
    "p_profile": 26.0113409031558,
    "p_total": 183.91168568107184,
    "p_ideal": 167.4686263250273,
    "power_loading": 0.15860930628613967,
    "figure_of_merit": 0.4427934275510501,
    "STALL_MAIN_HIGH": 0.0,
    "STALL_MAIN_LOW": 0.0,
    "STALL_SMALL_HIGH": 1.0,
    "STALL_SMALL_LOW": 0.0,
    "disk_loading": 19.094622859801696,
    "efficiency_small": 0.48704640222859746
}