{
    "thrust_main": 1521.836902692458,
    "torque_main": -1827.2946366295046,
    "thrust_small": 688.9318985967137,
    "torque_small": 1.2465183478187856,
    "moment_created": 757.8250884563852,
    "power_required": 6787.824999058797,
    "p_induced": 588646.4321201284,
    "p_profile": -14.764797020028432,
    "p_total": 588631.6673231084,
    "p_ideal": 19453.668132999497,
    "power_loading": 0.0025853806160535697,
    "figure_of_merit": 0.03304896629409695,
    "STALL_MAIN_HIGH": 0.07142857142857142,
    "STALL_MAIN_LOW": 0.07142857142857142,
    "STALL_SMALL_HIGH": 0.6296296296296297,
    "STALL_SMALL_LOW": 0.07407407407407407,
    "disk_loading": 400.34357957547826
}