{
    "thrust_main": 60.07762633217547,
    "torque_main": 6.147840758591974,
    "thrust_small": 5.787117067634294,
    "torque_small": 0.5638091315334431,
    "moment_created": 6.100157006586355,
    "power_required": 359.7869083357629,
    "p_induced": 149.22305664873613,
    "p_profile": 24.43217509219347,
    "p_total": 173.6552317409296,
    "p_ideal": 159.23276050433444,
    "power_loading": 0.1669811350559465,
    "figure_of_merit": 0.4425751933022924,
    "STALL_MAIN_HIGH": 0.0,
    "STALL_MAIN_LOW": 0.0,
    "STALL_SMALL_HIGH": 1.0,
    "STALL_SMALL_LOW": 0.0,
    "disk_loading": 17.21097215998838,
    "efficiency_small": 0.4850761670321269
}