{
    "thrust_main": 68.83902001805696,
    "torque_main": 5.949035939335887,
    "thrust_small": 3.1298129196946234,
    "torque_small": 0.17848134461987472,
    "moment_created": 3.1298129196946234,
    "power_required": 214.94101107332278,
    "p_induced": 200.50452847456233,
    "p_profile": 38.76669020951726,
    "p_total": 239.2712186840796,
    "p_ideal": 205.87046250151562,
    "power_loading": 0.32026935983181876,
    "figure_of_merit": 0.9577998236515556,
    "STALL_MAIN_HIGH": 0.0,
    "STALL_MAIN_LOW": 0.0,
    "STALL_SMALL_HIGH": 0.0,
    "STALL_SMALL_LOW": 0.0,
    "disk_loading": 21.9121406269514,
    "efficiency_small": 0.5946923015987137,
    "RPM_main": null,
    "RPM_small": null
}