{
    "thrust_main": 68.89446394010845,
    "torque_main": 5.9608786496770785,
    "thrust_small": 3.3987099059652457,
    "torque_small": 0.18789030765929926,
    "moment_created": 3.3987099059652457,
    "power_required": 226.27201058563946,
    "p_induced": 201.12123474000902,
    "p_profile": 38.74975795942533,
    "p_total": 239.87099269943434,
    "p_ideal": 206.11922905572618,
    "power_loading": 0.304476297186714,
    "figure_of_merit": 0.9109355970375936,
    "STALL_MAIN_HIGH": 0.0,
    "STALL_MAIN_LOW": 0.0,
    "STALL_SMALL_HIGH": 0.0,
    "STALL_SMALL_LOW": 0.0,
    "disk_loading": 21.929788975469194,
    "efficiency_small": 0.6134462083057359,
    "RPM_main": null,
    "RPM_small": null
}