{
    "thrust_main": 68.01667582489318,
    "torque_main": 5.966283733881441,
    "thrust_small": 2.5346335349712907,
    "torque_small": 0.15719123340847452,
    "moment_created": 2.5346335349712907,
    "power_required": 181.07130216448962,
    "p_induced": 200.99728370310442,
    "p_profile": 38.81720370970759,
    "p_total": 239.814487412812,
    "p_ideal": 202.19253894883238,
    "power_loading": 0.3756347638296938,
    "figure_of_merit": 1.116645965052793,
    "STALL_MAIN_HIGH": 0.0,
    "STALL_MAIN_LOW": 0.0,
    "STALL_SMALL_HIGH": 0.0,
    "STALL_SMALL_LOW": 0.0,
    "disk_loading": 21.65038034042154,
    "efficiency_small": 0.5716876057759239,
    "RPM_main": null,
    "RPM_small": null
}