{
    "thrust_main": 68.00961571946333,
    "torque_main": 5.960325343457086,
    "thrust_small": 1.803647415249237,
    "torque_small": 0.12890889435400293,
    "moment_created": 1.803647415249237,
    "power_required": 148.49238634452712,
    "p_induced": 200.70476009866007,
    "p_profile": 38.8242543750066,
    "p_total": 239.52901447366668,
    "p_ideal": 202.16105850126607,
    "power_loading": 0.4580006921140702,
    "figure_of_merit": 1.3614237300505,
    "STALL_MAIN_HIGH": 0.0,
    "STALL_MAIN_LOW": 0.0,
    "STALL_SMALL_HIGH": 0.0,
    "STALL_SMALL_LOW": 0.0,
    "disk_loading": 21.648133039065712,
    "efficiency_small": 0.49606739386281995,
    "RPM_main": null,
    "RPM_small": null
}