{
    "thrust": 70.90213896970698,
    "torque": 6.240280335576145,
    "p_induced": 215.47373184401425,
    "p_profile": 41.3364229417046,
    "p_total": 256.81015478571885,
    "p_ideal": 215.1944305608555,
    "power_loading": 0.27608775450825684,
    "figure_of_merit": 0.8379514071023114,
    "STALL_HIGH": 0.0,
    "STALL_LOW": 0.0,
    "main_RPM": null,
    "disk_loading": 22.568851785634738
}