{
    "thrust_main": 68.02399323580875,
    "torque_main": 5.969444601982183,
    "thrust_small": 2.671471559333665,
    "torque_small": 0.16208432960318642,
    "moment_created": 2.671471559333665,
    "power_required": 186.70774435265065,
    "p_induced": 201.1835665032047,
    "p_profile": 38.811992508017134,
    "p_total": 239.99555901122184,
    "p_ideal": 202.2251684253329,
    "power_loading": 0.36433407447377275,
    "figure_of_merit": 1.0831107682570102,
    "STALL_MAIN_HIGH": 0.0,
    "STALL_MAIN_LOW": 0.0,
    "STALL_SMALL_HIGH": 0.0,
    "STALL_SMALL_LOW": 0.0,
    "disk_loading": 21.652709544657228,
    "efficiency_small": 0.5843613016927892,
    "RPM_main": null,
    "RPM_small": null
}