{
    "thrust_main": 38.184913293282854,
    "torque_main": 3.264676156148244,
    "thrust_small": 3.623345043482556,
    "torque_small": 0.1541054691438682,
    "moment_created": 3.623345043482556,
    "power_required": 175.4995210309569,
    "p_induced": 81.39353545473487,
    "p_profile": 19.356709071127398,
    "p_total": 100.75024452586227,
    "p_ideal": 85.05106078511012,
    "power_loading": 0.21757844733118842,
    "figure_of_merit": 0.48462275159205537,
    "STALL_MAIN_HIGH": 0.02040816326530612,
    "STALL_MAIN_LOW": 0.0,
    "STALL_SMALL_HIGH": 0.0,
    "STALL_SMALL_LOW": 0.0,
    "disk_loading": 12.15463540432278,
    "efficiency_small": 0.6114500379260873,
    "RPM_main": 283.90625,
    "RPM_small": 10812.5
}