{
    "thrust_main": 89.29839997449312,
    "torque_main": 5.592589520560218,
    "thrust_small": 3.854962209231242,
    "torque_small": 0.20354226199868256,
    "moment_created": 3.854962209231242,
    "power_required": 245.12130207963634,
    "p_induced": 185.23303245768034,
    "p_profile": 37.434613400090505,
    "p_total": 222.66764585777085,
    "p_ideal": 304.16380856676096,
    "power_loading": 0.364302895002905,
    "figure_of_merit": 1.240870564843616,
    "STALL_MAIN_HIGH": 0.0,
    "STALL_MAIN_LOW": 0.0,
    "STALL_SMALL_HIGH": 0.0,
    "STALL_SMALL_LOW": 0.0,
    "disk_loading": 28.424563532275524,
    "efficiency_small": 0.6422916780278188,
    "RPM_main": null,
    "RPM_small": null
}