{
    "thrust_main": 68.86106283254237,
    "torque_main": 5.951055929366108,
    "thrust_small": 3.1779238977345483,
    "torque_small": 0.18008047036255953,
    "moment_created": 3.1779238977345483,
    "power_required": 216.86680171938772,
    "p_induced": 200.6131024748731,
    "p_profile": 38.76324245209048,
    "p_total": 239.37634492696358,
    "p_ideal": 205.96935251329216,
    "power_loading": 0.3175269902382032,
    "figure_of_merit": 0.9497504960662619,
    "STALL_MAIN_HIGH": 0.0,
    "STALL_MAIN_LOW": 0.0,
    "STALL_SMALL_HIGH": 0.0,
    "STALL_SMALL_LOW": 0.0,
    "disk_loading": 21.919157072721422,
    "efficiency_small": 0.5984717337615486,
    "RPM_main": null,
    "RPM_small": null
}