{
    "thrust_main": 59.72450679209511,
    "torque_main": 5.504569478072671,
    "thrust_small": 5.451517328452004,
    "torque_small": 0.3118159669009958,
    "moment_created": 5.451517328452004,
    "power_required": 320.4104247697942,
    "p_induced": 165.58899026606485,
    "p_profile": 30.19790786181249,
    "p_total": 195.78689812787735,
    "p_ideal": 166.36841515374456,
    "power_loading": 0.18640001128242153,
    "figure_of_merit": 0.5192353378429417,
    "STALL_MAIN_HIGH": 0.0,
    "STALL_MAIN_LOW": 0.0,
    "STALL_SMALL_HIGH": 0.0,
    "STALL_SMALL_LOW": 0.0,
    "disk_loading": 19.01090095937483,
    "efficiency_small": 0.6130229275898449,
    "RPM_main": 345.15625,
    "RPM_small": 9843.75
}