{
    "thrust": 60.064213694870546,
    "torque": 1.5683429978428194,
    "p_induced": 272.0030793250121,
    "p_profile": 246.44701396497385,
    "p_total": 518.450093289986,
    "p_ideal": 610.1449509141147,
    "power_loading": 0.11585341476884388,
    "figure_of_merit": 1.1768634219780936,
    "STALL_HIGH": 0.0,
    "STALL_LOW": 0.0,
    "main_RPM": 3618.1640625,
    "disk_loading": 63.2034149584566
}