{
    "thrust_main": 69.0078583949559,
    "torque_main": 5.969437988598999,
    "thrust_small": 3.4697033907930095,
    "torque_small": 0.19026622068113055,
    "moment_created": 3.4697033907930095,
    "power_required": 229.1332684287061,
    "p_induced": 201.59113093273282,
    "p_profile": 38.73445540016107,
    "p_total": 240.3255863328939,
    "p_ideal": 206.62832059316858,
    "power_loading": 0.30116909197944525,
    "figure_of_merit": 0.901782277231646,
    "STALL_MAIN_HIGH": 0.0,
    "STALL_MAIN_LOW": 0.0,
    "STALL_SMALL_HIGH": 0.0,
    "STALL_SMALL_LOW": 0.0,
    "disk_loading": 21.965883551485557,
    "efficiency_small": 0.6184397920313672,
    "RPM_main": null,
    "RPM_small": null
}