{
    "thrust": 3.46934400666652,
    "torque": 0.12536089737003375,
    "p_induced": -37.446062419933355,
    "p_profile": 72.82731751742577,
    "p_total": 35.381255097492414,
    "p_ideal": 5.9052844233151855,
    "power_loading": 0.09805599030070598,
    "figure_of_merit": 0.1669043228410999,
    "STALL_HIGH": 0.10204081632653061,
    "STALL_LOW": 0.02040816326530612,
    "main_RPM": 5875.0,
    "disk_loading": 7.098277837639701
}