{
    "thrust_main": 72.10542334106276,
    "torque_main": 5.806825319211091,
    "thrust_small": 1.8620289343083072,
    "torque_small": 0.13094203080563252,
    "moment_created": 1.8620289343083072,
    "power_required": 150.83439140926257,
    "p_induced": 194.44521306667698,
    "p_profile": 38.64517604637179,
    "p_total": 233.0903891130488,
    "p_ideal": 220.69572360192464,
    "power_loading": 0.47804365216296985,
    "figure_of_merit": 1.4631658041640228,
    "STALL_MAIN_HIGH": 0.0,
    "STALL_MAIN_LOW": 0.0,
    "STALL_SMALL_HIGH": 0.0,
    "STALL_SMALL_LOW": 0.0,
    "disk_loading": 22.95186909692773,
    "efficiency_small": 0.5041726409994941,
    "RPM_main": null,
    "RPM_small": null
}