{
    "thrust_main": 67.93406593743333,
    "torque_main": 5.953359702574518,
    "thrust_small": 1.509006104470057,
    "torque_small": 0.11865797704447098,
    "moment_created": 1.509006104470057,
    "power_required": 136.68417729005583,
    "p_induced": 200.32309736441806,
    "p_profile": 38.836325483978314,
    "p_total": 239.1594228483964,
    "p_ideal": 201.8242903548941,
    "power_loading": 0.49701485047000926,
    "figure_of_merit": 1.4765739118918295,
    "STALL_MAIN_HIGH": 0.0,
    "STALL_MAIN_LOW": 0.0,
    "STALL_SMALL_HIGH": 0.0,
    "STALL_SMALL_LOW": 0.0,
    "disk_loading": 21.624084796546537,
    "efficiency_small": 0.45088519840574426,
    "RPM_main": null,
    "RPM_small": null
}