{
    "thrust_main": 59.97382167468605,
    "torque_main": 6.386949806400512,
    "thrust_small": 6.045615031584678,
    "torque_small": 0.5274472170355664,
    "moment_created": 6.372637785452792,
    "power_required": 352.11766421664004,
    "p_induced": 149.46201811239558,
    "p_profile": 22.92703177499544,
    "p_total": 172.38904988739102,
    "p_ideal": 158.82024520047332,
    "power_loading": 0.17032324069316562,
    "figure_of_merit": 0.451043106723437,
    "STALL_MAIN_HIGH": 0.0,
    "STALL_MAIN_LOW": 0.0,
    "STALL_SMALL_HIGH": 1.0,
    "STALL_SMALL_LOW": 0.0,
    "disk_loading": 17.181234316148654,
    "efficiency_small": 0.49379411370048665
}