{
    "thrust_main": 68.81944558081867,
    "torque_main": 5.954655055136401,
    "thrust_small": 3.2847303899607376,
    "torque_small": 0.184013370389642,
    "moment_created": 3.2847303899607376,
    "power_required": 221.60310348847057,
    "p_induced": 200.78319168272054,
    "p_profile": 38.76078917842911,
    "p_total": 239.54398086114963,
    "p_ideal": 205.782659567287,
    "power_loading": 0.31055271563197745,
    "figure_of_merit": 0.9286091048720052,
    "STALL_MAIN_HIGH": 0.0,
    "STALL_MAIN_LOW": 0.0,
    "STALL_SMALL_HIGH": 0.0,
    "STALL_SMALL_LOW": 0.0,
    "disk_loading": 21.905909890061967,
    "efficiency_small": 0.6053647313411405,
    "RPM_main": null,
    "RPM_small": null
}