{
    "thrust": 1.4215962903983514,
    "torque": 0.07664533630923397,
    "p_induced": -7.868951782336357,
    "p_profile": 26.296636845387233,
    "p_total": 18.427685063050877,
    "p_ideal": 1.548938571984558,
    "power_loading": 0.07714459442595839,
    "figure_of_merit": 0.08405497308450945,
    "STALL_HIGH": 0.08163265306122448,
    "STALL_LOW": 0.08163265306122448,
    "main_RPM": 4000,
    "disk_loading": 2.908586010155027
}