{
    "thrust": 60.08310203520196,
    "torque": 1.0324415441567063,
    "p_induced": 384.2636145486325,
    "p_profile": 146.28187009727557,
    "p_total": 530.5454846459081,
    "p_ideal": 388.5148915225589,
    "power_loading": 0.11324778699285713,
    "figure_of_merit": 0.7322932769503411,
    "STALL_HIGH": 0.0,
    "STALL_LOW": 0.0,
    "main_RPM": 4955.078125,
    "disk_loading": 102.44168897001936
}