{
    "thrust_main": 59.565969947217205,
    "torque_main": 4.901920723500432,
    "thrust_small": 5.157322287019321,
    "torque_small": 0.20355941262554167,
    "moment_created": 5.157322287019321,
    "power_required": 242.4773697079449,
    "p_induced": 151.8586760980539,
    "p_profile": 32.55669133008607,
    "p_total": 184.41536742813997,
    "p_ideal": 165.70642527625964,
    "power_loading": 0.24565579055464942,
    "figure_of_merit": 0.6833892394817997,
    "STALL_MAIN_HIGH": 0.0,
    "STALL_MAIN_LOW": 0.0,
    "STALL_SMALL_HIGH": 0.0,
    "STALL_SMALL_LOW": 0.0,
    "disk_loading": 18.960437114325806,
    "efficiency_small": 0.8150581496064613,
    "RPM_main": 367.03125,
    "RPM_small": 11312.5
}