{
    "thrust_main": 68.0194821172496,
    "torque_main": 5.963598809033297,
    "thrust_small": 2.42269156542024,
    "torque_small": 0.1530392266887033,
    "moment_created": 2.42269156542024,
    "power_required": 176.2885337680419,
    "p_induced": 200.8574002710361,
    "p_profile": 38.82080118045274,
    "p_total": 239.67820145148886,
    "p_ideal": 202.2050524366428,
    "power_loading": 0.38584178257871676,
    "figure_of_merit": 1.1470119361404498,
    "STALL_MAIN_HIGH": 0.0,
    "STALL_MAIN_LOW": 0.0,
    "STALL_SMALL_HIGH": 0.0,
    "STALL_SMALL_LOW": 0.0,
    "disk_loading": 21.651273611022106,
    "efficiency_small": 0.5612641287273092,
    "RPM_main": null,
    "RPM_small": null
}