{
    "thrust_main": 67.9341429520762,
    "torque_main": 5.953432017649057,
    "thrust_small": 1.5129038835144857,
    "torque_small": 0.11879846380739717,
    "moment_created": 1.5129038835144857,
    "power_required": 136.8460064235789,
    "p_induced": 200.32676687045674,
    "p_profile": 38.836230753211524,
    "p_total": 239.16299762366828,
    "p_ideal": 201.82463355745017,
    "power_loading": 0.49642766148249823,
    "figure_of_merit": 1.4748302769811432,
    "STALL_MAIN_HIGH": 0.0,
    "STALL_MAIN_LOW": 0.0,
    "STALL_SMALL_HIGH": 0.0,
    "STALL_SMALL_LOW": 0.0,
    "disk_loading": 21.624109311068743,
    "efficiency_small": 0.4515152619598356,
    "RPM_main": null,
    "RPM_small": null
}