{
    "thrust_main": 67.9608925799824,
    "torque_main": 5.950970616599429,
    "thrust_small": 1.47445058685823,
    "torque_small": 0.1171908341804232,
    "moment_created": 1.47445058685823,
    "power_required": 134.99415003412014,
    "p_induced": 200.21287345187108,
    "p_profile": 38.8377427888247,
    "p_total": 239.05061624069577,
    "p_ideal": 201.94385045699673,
    "power_loading": 0.5034358345365714,
    "figure_of_merit": 1.4959451976693425,
    "STALL_MAIN_HIGH": 0.0,
    "STALL_MAIN_LOW": 0.0,
    "STALL_SMALL_HIGH": 0.0,
    "STALL_SMALL_LOW": 0.0,
    "disk_loading": 21.63262398208302,
    "efficiency_small": 0.4460756314078648,
    "RPM_main": null,
    "RPM_small": null
}