{
    "thrust_main": 60.13079846086683,
    "torque_main": 5.048307970225828,
    "thrust_small": 4.971012150784184,
    "torque_small": 0.21375085746226424,
    "moment_created": 5.23990689095013,
    "power_required": 226.63736668200139,
    "p_induced": 142.44619085948983,
    "p_profile": 31.438623715130355,
    "p_total": 173.88481457462018,
    "p_ideal": 159.4442023953255,
    "power_loading": 0.26531723052199657,
    "figure_of_merit": 0.7035212451044945,
    "STALL_MAIN_HIGH": 0.0,
    "STALL_MAIN_LOW": 0.0,
    "STALL_SMALL_HIGH": 0.0,
    "STALL_SMALL_LOW": 0.0,
    "disk_loading": 17.226204852797085,
    "efficiency_small": 0.8118399450773097,
    "RPM_main": 334.21875,
    "RPM_small": 10062.5
}