{
    "thrust_main": 67.9700878651187,
    "torque_main": 5.944351549698077,
    "thrust_small": 2.7157503571273525,
    "torque_small": 0.16353982133991288,
    "moment_created": 2.7157503571273525,
    "power_required": 188.3843504733868,
    "p_induced": 200.10427273993432,
    "p_profile": 38.83729535309829,
    "p_total": 238.9415680930326,
    "p_ideal": 201.98483713388842,
    "power_loading": 0.3608053837503922,
    "figure_of_merit": 1.0721954165848981,
    "STALL_MAIN_HIGH": 0.0,
    "STALL_MAIN_LOW": 0.0,
    "STALL_SMALL_HIGH": 0.0,
    "STALL_SMALL_LOW": 0.0,
    "disk_loading": 21.635550932248186,
    "efficiency_small": 0.5887599343761222,
    "RPM_main": null,
    "RPM_small": null
}