{
    "thrust": 59.99189434476318,
    "torque": 1.9238846049350145,
    "p_induced": 265.75446599333736,
    "p_profile": 340.8758493225059,
    "p_total": 606.6303153158433,
    "p_ideal": 609.0433298608448,
    "power_loading": 0.09889366362036867,
    "figure_of_merit": 1.0039777348478622,
    "STALL_HIGH": 0.0,
    "STALL_LOW": 0.0,
    "main_RPM": 3488.28125,
    "disk_loading": 63.12731590357541
}