{
    "thrust_main": 21.58770366405554,
    "torque_main": 0.12246401077698081,
    "p_induced": 34.65150548424792,
    "p_profile": 44.260306600189914,
    "p_total": 78.91181208443783,
    "p_ideal": 36.15361203038003,
    "power_loading": 0.2735674557942745,
    "figure_of_merit": 0.45815209504623544
}