{
    "thrust": 60.00307923877289,
    "torque": 4.107607332388629,
    "p_induced": 178.8635559328945,
    "p_profile": 44.397443607988706,
    "p_total": 223.26099954088323,
    "p_ideal": 186.14861923065806,
    "power_loading": 0.2687575499624385,
    "figure_of_merit": 0.8337713242055551,
    "STALL_HIGH": 0.0,
    "STALL_LOW": 0.0,
    "main_RPM": 564.74609375,
    "disk_loading": 23.57972015206268
}