{
    "thrust": 59.95840603980512,
    "torque": 0.9399955792665426,
    "p_induced": 419.11919051324236,
    "p_profile": 159.83915000674358,
    "p_total": 578.958340519986,
    "p_ideal": 848.5450150566577,
    "power_loading": 0.10356255682568463,
    "figure_of_merit": 1.465640885827027,
    "STALL_HIGH": 0.0,
    "STALL_LOW": 0.0,
    "main_RPM": 5943.359375,
    "disk_loading": 122.67489875744128
}