{
    "thrust_main": 60.043395820033325,
    "torque_main": 5.495708153431511,
    "thrust_small": 4.210698865566108,
    "torque_small": 0.4004639020928233,
    "moment_created": 4.01474384289614,
    "power_required": 293.5553723300798,
    "p_induced": 164.54694653479703,
    "p_profile": 27.102034859770995,
    "p_total": 191.648981394568,
    "p_ideal": 175.88800924343215,
    "power_loading": 0.20453856914094992,
    "figure_of_merit": 0.5991646749549518,
    "STALL_MAIN_HIGH": 0.0,
    "STALL_MAIN_LOW": 0.0,
    "STALL_SMALL_HIGH": 1.0,
    "STALL_SMALL_LOW": 0.0,
    "disk_loading": 21.02364713851941,
    "efficiency_small": 0.48391888193445626
}