{
    "thrust": 59.962896349692805,
    "torque": 2.1135029964093244,
    "p_induced": 270.505356798182,
    "p_profile": 350.28667533365353,
    "p_total": 620.7920321318355,
    "p_ideal": 608.6017976843242,
    "power_loading": 0.09659095678753603,
    "figure_of_merit": 0.9803634167055119,
    "STALL_HIGH": 0.0,
    "STALL_LOW": 0.0,
    "main_RPM": 3643.5546875,
    "disk_loading": 63.096802354780664
}