{
    "thrust": 59.95086528263514,
    "torque": 1.1579928116825822,
    "p_induced": 396.64058446946217,
    "p_profile": 116.95370915148162,
    "p_total": 513.5942936209437,
    "p_ideal": 387.23297529747435,
    "power_loading": 0.11672805953502599,
    "figure_of_merit": 0.7539666622216604,
    "STALL_HIGH": 0.0,
    "STALL_LOW": 0.0,
    "main_RPM": 4279.296875,
    "disk_loading": 102.21622530689294
}