{
    "thrust_main": 41.17800577205654,
    "torque_main": 2.8148753377914817,
    "thrust_small": 10.201579037781656,
    "torque_small": 1.4140843221220956,
    "moment_created": 7.640540665858735,
    "power_required": 740.5574315350032,
    "p_induced": 119.3168564661317,
    "p_profile": 24.41067485964568,
    "p_total": 143.72753132577736,
    "p_ideal": 127.16959664708806,
    "power_loading": 0.055604067987953504,
    "figure_of_merit": 0.1717214509393216,
    "STALL_MAIN_HIGH": 0.0,
    "STALL_MAIN_LOW": 0.0,
    "STALL_SMALL_HIGH": 1.0,
    "STALL_SMALL_LOW": 0.0,
    "disk_loading": 23.366951205717815,
    "efficiency_small": 0.5375106209677227,
    "RPM_main": 498.75,
    "RPM_small": 5000.48828125
}