{
    "thrust_main": 60.04753641407857,
    "torque_main": 5.904460273205434,
    "thrust_small": 10.223429630326626,
    "torque_small": 0.11323188634621907,
    "moment_created": 10.530132519236425,
    "power_required": 237.1986270084591,
    "p_induced": 134.6644537782368,
    "p_profile": 20.306504777046133,
    "p_total": 154.97095855528295,
    "p_ideal": 162.83493609364578,
    "power_loading": 0.38747605986225964,
    "figure_of_merit": 1.050744846722733,
    "STALL_MAIN_HIGH": 0.0,
    "STALL_MAIN_LOW": 0.0,
    "STALL_SMALL_HIGH": 0.14814814814814814,
    "STALL_SMALL_LOW": 0.037037037037037035,
    "disk_loading": 18.016518504649238
}