{
    "thrust": 60.12988400397503,
    "torque": 1.7373856622924766,
    "p_induced": 335.88489463808037,
    "p_profile": 431.476326413552,
    "p_total": 767.3612210516324,
    "p_ideal": 746.9560555703862,
    "power_loading": 0.07835929462472688,
    "figure_of_merit": 0.9734086569382776,
    "STALL_HIGH": 0.0,
    "STALL_LOW": 0.0,
    "main_RPM": 5456.0546875,
    "disk_loading": 94.51820510394975
}