{
    "thrust_main": 68.00990421233142,
    "torque_main": 5.960628528000308,
    "thrust_small": 1.8042943861264744,
    "torque_small": 0.12892734980891038,
    "moment_created": 1.8042943861264744,
    "power_required": 148.51364550243096,
    "p_induced": 200.71937171545136,
    "p_profile": 38.824004431129126,
    "p_total": 239.5433761465805,
    "p_ideal": 202.16234483595898,
    "power_loading": 0.45793707360862135,
    "figure_of_merit": 1.3612375088634523,
    "STALL_MAIN_HIGH": 0.0,
    "STALL_MAIN_LOW": 0.0,
    "STALL_SMALL_HIGH": 0.0,
    "STALL_SMALL_LOW": 0.0,
    "disk_loading": 21.648224869197723,
    "efficiency_small": 0.4961742983247263,
    "RPM_main": null,
    "RPM_small": null
}