{
    "thrust_main": 68.02664512330497,
    "torque_main": 5.97075691187521,
    "thrust_small": 2.712312303141461,
    "torque_small": 0.1634448596753869,
    "moment_created": 2.712312303141461,
    "power_required": 188.2749624885827,
    "p_induced": 201.30729931415732,
    "p_profile": 38.8096904424138,
    "p_total": 240.11698975657112,
    "p_ideal": 202.23699403854684,
    "power_loading": 0.3613154092511383,
    "figure_of_merit": 1.0741576647548705,
    "STALL_MAIN_HIGH": 0.0,
    "STALL_MAIN_LOW": 0.0,
    "STALL_SMALL_HIGH": 0.0,
    "STALL_SMALL_LOW": 0.0,
    "disk_loading": 21.653553666664326,
    "efficiency_small": 0.5883562201322224,
    "RPM_main": null,
    "RPM_small": null
}