{
    "thrust": 5.80898471169375,
    "torque": 0.27637565693103067,
    "p_induced": 2.539821480050814,
    "p_profile": 119.68607255573227,
    "p_total": 122.22589403578309,
    "p_ideal": 23.359282308972915,
    "power_loading": 0.0475266289317802,
    "figure_of_merit": 0.19111565919194018,
    "STALL_HIGH": 0.0,
    "STALL_LOW": 0.0,
    "main_RPM": 5998.046875,
    "disk_loading": 9.904318933437844
}