{
    "thrust_main": 68.02690807777913,
    "torque_main": 5.961966249913036,
    "thrust_small": 2.405431070787983,
    "torque_small": 0.1522519691491774,
    "moment_created": 2.405431070787983,
    "power_required": 175.38167818373375,
    "p_induced": 200.77729409047166,
    "p_profile": 38.8225189175547,
    "p_total": 239.59981300802636,
    "p_ideal": 202.23816664908162,
    "power_loading": 0.3878792173861663,
    "figure_of_merit": 1.1531316654252357,
    "STALL_MAIN_HIGH": 0.0,
    "STALL_MAIN_LOW": 0.0,
    "STALL_SMALL_HIGH": 0.0,
    "STALL_SMALL_LOW": 0.0,
    "disk_loading": 21.653637367673063,
    "efficiency_small": 0.5601468783202908,
    "RPM_main": null,
    "RPM_small": null
}