{
    "thrust": 2.7206270442014944,
    "torque": 0.03653500013229781,
    "p_induced": -62.53631650714504,
    "p_profile": 36.79604910095536,
    "p_total": -25.74026740618968,
    "p_ideal": 3.7435416183869243,
    "power_loading": -0.10569536832190306,
    "figure_of_merit": -0.14543522642219042,
    "STALL_HIGH": 0.24489795918367346,
    "STALL_LOW": 0.10204081632653061,
    "main_RPM": 4000,
    "disk_loading": 4.638669110363549
}