{
    "thrust_main": 67.97825778340008,
    "torque_main": 5.956408539119688,
    "thrust_small": 1.7881932044043394,
    "torque_small": 0.12841522521037646,
    "moment_created": 1.7881932044043394,
    "power_required": 147.92372031438924,
    "p_induced": 200.50316584854107,
    "p_profile": 38.8295761966869,
    "p_total": 239.33274204522797,
    "p_ideal": 202.0212557097416,
    "power_loading": 0.45954940586217474,
    "figure_of_merit": 1.3657123771655846,
    "STALL_MAIN_HIGH": 0.0,
    "STALL_MAIN_LOW": 0.0,
    "STALL_SMALL_HIGH": 0.0,
    "STALL_SMALL_LOW": 0.0,
    "disk_loading": 21.63815149800646,
    "efficiency_small": 0.49370763586014477,
    "RPM_main": null,
    "RPM_small": null
}