{
    "thrust": 71.67726618650913,
    "torque": 6.190668876696299,
    "p_induced": 213.47831566923955,
    "p_profile": 41.30490076919376,
    "p_total": 254.7832164384333,
    "p_ideal": 218.7329300197278,
    "power_loading": 0.2813264829154454,
    "figure_of_merit": 0.8585060392805866,
    "STALL_HIGH": 0.0,
    "STALL_LOW": 0.0,
    "main_RPM": null,
    "disk_loading": 22.81558244179299
}