{
    "thrust": 60.04560407331149,
    "torque": 1.0160740614622514,
    "p_induced": 426.2351887576172,
    "p_profile": 131.4654233973707,
    "p_total": 557.7006121549879,
    "p_ideal": 850.3967575386168,
    "power_loading": 0.10766637648341779,
    "figure_of_merit": 1.5248266525163634,
    "STALL_HIGH": 0.0,
    "STALL_LOW": 0.0,
    "main_RPM": 5291.015625,
    "disk_loading": 122.85330593399532
}