{
    "thrust_main": 68.02071025379766,
    "torque_main": 5.968523296303582,
    "thrust_small": 2.6387267818499414,
    "torque_small": 0.1609362013004515,
    "moment_created": 2.6387267818499414,
    "power_required": 185.38519549085828,
    "p_induced": 201.12507435542352,
    "p_profile": 38.81356977644059,
    "p_total": 239.93864413186412,
    "p_ideal": 202.21052887945737,
    "power_loading": 0.36691554616156985,
    "figure_of_merit": 1.0907587757698203,
    "STALL_MAIN_HIGH": 0.0,
    "STALL_MAIN_LOW": 0.0,
    "STALL_SMALL_HIGH": 0.0,
    "STALL_SMALL_LOW": 0.0,
    "disk_loading": 21.651664539026935,
    "efficiency_small": 0.5813164339238246,
    "RPM_main": null,
    "RPM_small": null
}