{
    "thrust_main": 75.90417160240786,
    "torque_main": -41.95052475435588,
    "thrust_small": 22.02119932424736,
    "torque_small": 0.9062203154058165,
    "moment_created": 20.996389725990174,
    "power_required": 1233.6892036793272,
    "p_induced": -413.32744647948243,
    "p_profile": 20.419463865274142,
    "p_total": -392.90798261420827,
    "p_ideal": 249.99817098396292,
    "power_loading": 0.061526169942991274,
    "figure_of_merit": 0.20264274846401667,
    "STALL_MAIN_HIGH": 0.14285714285714285,
    "STALL_MAIN_LOW": 0.21428571428571427,
    "STALL_SMALL_HIGH": 1.0,
    "STALL_SMALL_LOW": 0.0,
    "disk_loading": 26.5771530460011,
    "efficiency_small": 0.5658628841875168
}