{
    "thrust_main": 192.72327983637823,
    "torque_main": -337.41453584140515,
    "thrust_small": 14.448971947899938,
    "torque_small": 0.6714285582506052,
    "moment_created": 14.448971947899938,
    "power_required": 914.053844604896,
    "p_induced": 45374.942352361264,
    "p_profile": 18.390956919334315,
    "p_total": 45393.3333092806,
    "p_ideal": 964.3691047107011,
    "power_loading": 0.2108445590748363,
    "figure_of_merit": 1.0550462758871215,
    "STALL_MAIN_HIGH": 0.10204081632653061,
    "STALL_MAIN_LOW": 0.0,
    "STALL_SMALL_HIGH": 0.6091954022988506,
    "STALL_SMALL_LOW": 0.0,
    "disk_loading": 61.345725269684394,
    "efficiency_small": 0.5242851549523354,
    "RPM_main": 316.171875,
    "RPM_small": 13000.0
}