{
    "thrust_main": 68.02276265977471,
    "torque_main": 5.969567546360807,
    "thrust_small": 2.6849322653731935,
    "torque_small": 0.16254850099765522,
    "moment_created": 2.6849322653731935,
    "power_required": 187.24243141503644,
    "p_induced": 201.19883290064703,
    "p_profile": 38.81168217274009,
    "p_total": 240.01051507338713,
    "p_ideal": 202.2196809721173,
    "power_loading": 0.3632871147085103,
    "figure_of_merit": 1.079988544497602,
    "STALL_MAIN_HIGH": 0.0,
    "STALL_MAIN_LOW": 0.0,
    "STALL_SMALL_HIGH": 0.0,
    "STALL_SMALL_LOW": 0.0,
    "disk_loading": 21.652317840139897,
    "efficiency_small": 0.5856286121421872,
    "RPM_main": null,
    "RPM_small": null
}