{
    "thrust": 60.0076267685508,
    "torque": 5.274620299302198,
    "p_induced": 165.78619386159167,
    "p_profile": 33.78991923283935,
    "p_total": 199.57611309443104,
    "p_ideal": 167.55280330976618,
    "power_loading": 0.30067539565798496,
    "figure_of_merit": 0.8395433737628071,
    "STALL_HIGH": 0.0,
    "STALL_LOW": 0.0,
    "main_RPM": 367.87109375,
    "disk_loading": 19.101020846856795
}