{
    "thrust": 59.988924607848766,
    "torque": 1.1992203783388127,
    "p_induced": 350.4809340604088,
    "p_profile": 125.39493901257464,
    "p_total": 475.87587307298344,
    "p_ideal": 693.3631451833148,
    "power_loading": 0.1260600253180906,
    "figure_of_merit": 1.4570252127007417,
    "STALL_HIGH": 0.0,
    "STALL_LOW": 0.0,
    "main_RPM": 3834.9609375,
    "disk_loading": 81.82489316510572
}