{
    "thrust": 59.996889743217764,
    "torque": 5.614201541940331,
    "p_induced": 157.80598068787037,
    "p_profile": 51.06398150684371,
    "p_total": 208.86996219471408,
    "p_ideal": 167.5078355702969,
    "power_loading": 0.2872451793105946,
    "figure_of_merit": 0.8019718767131373,
    "STALL_HIGH": 0.0,
    "STALL_LOW": 0.0,
    "main_RPM": 410.009765625,
    "disk_loading": 19.097603145545087
}