{
    "thrust_main": 68.02072363679027,
    "torque_main": 5.963170930791614,
    "thrust_small": 2.4105367638858066,
    "torque_small": 0.15257086816328796,
    "moment_created": 2.4105367638858066,
    "power_required": 175.74902347705503,
    "p_induced": 200.83590733274113,
    "p_profile": 38.82129841161829,
    "p_total": 239.65720574435943,
    "p_ideal": 202.21058855647638,
    "power_loading": 0.3870332949284963,
    "figure_of_merit": 1.1505645070220036,
    "STALL_MAIN_HIGH": 0.0,
    "STALL_MAIN_LOW": 0.0,
    "STALL_SMALL_HIGH": 0.0,
    "STALL_SMALL_LOW": 0.0,
    "disk_loading": 21.65166879896579,
    "efficiency_small": 0.5601625414726922,
    "RPM_main": null,
    "RPM_small": null
}