{
    "thrust_main": 68.03053336229634,
    "torque_main": 5.970205664375983,
    "thrust_small": 2.7064441913520962,
    "torque_small": 0.1632639746350909,
    "moment_created": 2.7064441913520962,
    "power_required": 188.06659788021193,
    "p_induced": 201.26284565954327,
    "p_profile": 38.81012445548198,
    "p_total": 240.07297011502527,
    "p_ideal": 202.254333354647,
    "power_loading": 0.3617363961974154,
    "figure_of_merit": 1.0754399539011807,
    "STALL_MAIN_HIGH": 0.0,
    "STALL_MAIN_LOW": 0.0,
    "STALL_SMALL_HIGH": 0.0,
    "STALL_SMALL_LOW": 0.0,
    "disk_loading": 21.654791331575122,
    "efficiency_small": 0.5877337533705955,
    "RPM_main": null,
    "RPM_small": null
}