{
    "thrust_main": 60.364700654348546,
    "torque_main": 5.20139495100031,
    "thrust_small": 4.973134922940802,
    "torque_small": 0.2372991520196819,
    "moment_created": 5.242144489272963,
    "power_required": 220.5429431703203,
    "p_induced": 145.5537697844527,
    "p_profile": 31.24054299666632,
    "p_total": 176.794312781119,
    "p_ideal": 160.3754371506549,
    "power_loading": 0.2737095088448614,
    "figure_of_merit": 0.7271846237528471,
    "STALL_MAIN_HIGH": 0.0,
    "STALL_MAIN_LOW": 0.0,
    "STALL_SMALL_HIGH": 0.0,
    "STALL_SMALL_LOW": 0.0,
    "disk_loading": 17.293212895323858,
    "efficiency_small": 0.8237405037877619,
    "RPM_main": 329.84375,
    "RPM_small": 8812.5
}