{
    "thrust": 59.97740457485029,
    "torque": 1.5092642256540039,
    "p_induced": 272.0274019129828,
    "p_profile": 191.42497136599357,
    "p_total": 463.4523732789763,
    "p_ideal": 608.8226909330812,
    "power_loading": 0.1294143865323282,
    "figure_of_merit": 1.3136682991298414,
    "STALL_HIGH": 0.0,
    "STALL_LOW": 0.0,
    "main_RPM": 3260.7421875,
    "disk_loading": 63.112068839073586
}