{
    "thrust_main": 55.075866740394936,
    "torque_main": 8.443937025983846,
    "thrust_small": 6.304024139291268,
    "torque_small": 0.26331842041550807,
    "moment_created": 6.645024901614324,
    "power_required": 355.0234964943846,
    "p_induced": 188.11053656369194,
    "p_profile": 28.470368124890378,
    "p_total": 216.5809046885823,
    "p_ideal": 139.76720707419744,
    "power_loading": 0.15513301875574895,
    "figure_of_merit": 0.3936843855527972,
    "STALL_MAIN_HIGH": 0.0,
    "STALL_MAIN_LOW": 0.04081632653061224,
    "STALL_SMALL_HIGH": 0.0,
    "STALL_SMALL_LOW": 0.0,
    "disk_loading": 15.778073586247867,
    "efficiency_small": 0.6057793252347202,
    "RPM_main": 310.15625,
    "RPM_small": 12937.5
}