{
    "thrust_main": 68.87563142393519,
    "torque_main": 5.952967446468492,
    "thrust_small": 3.2113914366814433,
    "torque_small": 0.18120158501449563,
    "moment_created": 3.2113914366814433,
    "power_required": 218.21693451522407,
    "p_induced": 200.7143510305579,
    "p_profile": 38.76027662717933,
    "p_total": 239.47462765773724,
    "p_ideal": 206.03471983229096,
    "power_loading": 0.3156291768874154,
    "figure_of_merit": 0.9441738345834786,
    "STALL_MAIN_HIGH": 0.0,
    "STALL_MAIN_LOW": 0.0,
    "STALL_SMALL_HIGH": 0.0,
    "STALL_SMALL_LOW": 0.0,
    "disk_loading": 21.92379439938953,
    "efficiency_small": 0.601032587044867,
    "RPM_main": null,
    "RPM_small": null
}