{
    "thrust_main": 67.94750598971261,
    "torque_main": 5.95603735958392,
    "thrust_small": 1.6843692646031694,
    "torque_small": 0.12486823044989075,
    "moment_created": 1.6843692646031694,
    "power_required": 143.8378756643711,
    "p_induced": 200.4648204694647,
    "p_profile": 38.83210347858295,
    "p_total": 239.29692394804766,
    "p_ideal": 201.88418658957093,
    "power_loading": 0.4723895265824155,
    "figure_of_merit": 1.4035537278139738,
    "STALL_MAIN_HIGH": 0.0,
    "STALL_MAIN_LOW": 0.0,
    "STALL_SMALL_HIGH": 0.0,
    "STALL_SMALL_LOW": 0.0,
    "disk_loading": 21.62836289805786,
    "efficiency_small": 0.4782525261946227,
    "RPM_main": null,
    "RPM_small": null
}