{
    "thrust_main": 68.02237670006443,
    "torque_main": 5.962721795182074,
    "thrust_small": 2.401315182627414,
    "torque_small": 0.1522005725970949,
    "moment_created": 2.401315182627414,
    "power_required": 175.32247360590492,
    "p_induced": 200.81361655303147,
    "p_profile": 38.82179241716497,
    "p_total": 239.63540897019644,
    "p_ideal": 202.21795988929767,
    "power_loading": 0.3879843542075909,
    "figure_of_merit": 1.153405811190237,
    "STALL_MAIN_HIGH": 0.0,
    "STALL_MAIN_LOW": 0.0,
    "STALL_SMALL_HIGH": 0.0,
    "STALL_SMALL_LOW": 0.0,
    "disk_loading": 21.652194985348444,
    "efficiency_small": 0.559377253583203,
    "RPM_main": null,
    "RPM_small": null
}