{
    "thrust": 60.00955272811405,
    "torque": 5.348699792251481,
    "p_induced": 155.46917348137777,
    "p_profile": 33.445498155687936,
    "p_total": 188.9146716370657,
    "p_ideal": 158.9621986308876,
    "power_loading": 0.31765427326577195,
    "figure_of_merit": 0.8414497257062096,
    "STALL_HIGH": 0.0,
    "STALL_LOW": 0.0,
    "main_RPM": 343.75,
    "disk_loading": 17.19147050894356
}