{
    "thrust_main": 73.57853603805562,
    "torque_main": 5.967127133882676,
    "thrust_small": 2.762395751112555,
    "torque_small": 0.16519541177254793,
    "moment_created": 2.762395751112555,
    "power_required": 190.29145374491148,
    "p_induced": 203.64534334580864,
    "p_profile": 38.44310079648412,
    "p_total": 242.08844414229276,
    "p_ideal": 227.49336536255507,
    "power_loading": 0.3866623255539828,
    "figure_of_merit": 1.1954996448107087,
    "STALL_MAIN_HIGH": 0.0,
    "STALL_MAIN_LOW": 0.0,
    "STALL_SMALL_HIGH": 0.0,
    "STALL_SMALL_LOW": 0.0,
    "disk_loading": 23.420775431843424,
    "efficiency_small": 0.5928704960408548,
    "RPM_main": null,
    "RPM_small": null
}