{
    "thrust_main": 59.65610576752893,
    "torque_main": 5.084816062872617,
    "thrust_small": 4.920356924128331,
    "torque_small": 0.23178880311437539,
    "moment_created": 4.920356924128331,
    "power_required": 312.5131587834315,
    "p_induced": 164.50643069180836,
    "p_profile": 34.48239660073281,
    "p_total": 198.98882729254117,
    "p_ideal": 166.08269045385057,
    "power_loading": 0.190891500376373,
    "figure_of_merit": 0.5314422314259869,
    "STALL_MAIN_HIGH": 0.0,
    "STALL_MAIN_LOW": 0.0,
    "STALL_SMALL_HIGH": 0.0,
    "STALL_SMALL_LOW": 0.0,
    "disk_loading": 18.98912823703031,
    "efficiency_small": 0.6249823312511746,
    "RPM_main": 380.15625,
    "RPM_small": 12937.5
}