{
    "thrust_main": 68.02822763565433,
    "torque_main": 5.961859558217396,
    "thrust_small": 2.4167000642884595,
    "torque_small": 0.15262432232275416,
    "moment_created": 2.4167000642884595,
    "power_required": 175.81059824843877,
    "p_induced": 200.77267656559826,
    "p_profile": 38.82259452588015,
    "p_total": 239.59527109147842,
    "p_ideal": 202.24405107629892,
    "power_loading": 0.3869404251700647,
    "figure_of_merit": 1.1503518735002933,
    "STALL_MAIN_HIGH": 0.0,
    "STALL_MAIN_LOW": 0.0,
    "STALL_SMALL_HIGH": 0.0,
    "STALL_SMALL_LOW": 0.0,
    "disk_loading": 21.654057395990133,
    "efficiency_small": 0.5613980850190112,
    "RPM_main": null,
    "RPM_small": null
}