{
    "thrust": 2.357273839102307,
    "torque": 0.06856377737743452,
    "p_induced": -71.74429823466289,
    "p_profile": 40.897463600642524,
    "p_total": -30.846834634020368,
    "p_ideal": 6.0384322757831805,
    "power_loading": -0.0764186623058729,
    "figure_of_merit": -0.19575532943414273,
    "STALL_HIGH": 0.10204081632653061,
    "STALL_LOW": 0.02040816326530612,
    "main_RPM": 4000,
    "disk_loading": 4.019151895669434
}