{
    "thrust": 60.05971419966635,
    "torque": 1.237909204065773,
    "p_induced": 345.18151902105507,
    "p_profile": 106.85191864552317,
    "p_total": 452.03343766657827,
    "p_ideal": 347.29540303829305,
    "power_loading": 0.13286564487286148,
    "figure_of_merit": 0.7682958252625098,
    "STALL_HIGH": 0.0,
    "STALL_LOW": 0.0,
    "main_RPM": 3520.5078125,
    "disk_loading": 81.9214501683449
}