{
    "thrust_main": 60.05320758273084,
    "torque_main": 5.963849170656893,
    "thrust_small": 6.128575245793716,
    "torque_small": 0.06937169445021024,
    "moment_created": 5.944717988419904,
    "power_required": 159.8209108113613,
    "p_induced": 168.93708737311997,
    "p_profile": 26.39132639130263,
    "p_total": 195.3284137644226,
    "p_ideal": 172.93169600066864,
    "power_loading": 0.3074473724808849,
    "figure_of_merit": 0.8853381475223276,
    "STALL_MAIN_HIGH": 0.0,
    "STALL_MAIN_LOW": 0.0,
    "STALL_SMALL_HIGH": 0.037037037037037035,
    "STALL_SMALL_LOW": 0.1111111111111111,
    "disk_loading": 20.31621816413074
}