{
    "thrust_main": 67.9340761536024,
    "torque_main": 5.952658052429014,
    "thrust_small": 1.4735743509071666,
    "torque_small": 0.11737304886227687,
    "moment_created": 1.4735743509071666,
    "power_required": 135.20404627961238,
    "p_induced": 200.2878775803747,
    "p_profile": 38.83718975538807,
    "p_total": 239.12506733576276,
    "p_ideal": 201.8243358814894,
    "power_loading": 0.5024559399140281,
    "figure_of_merit": 1.4927388745755517,
    "STALL_MAIN_HIGH": 0.0,
    "STALL_MAIN_LOW": 0.0,
    "STALL_SMALL_HIGH": 0.0,
    "STALL_SMALL_LOW": 0.0,
    "disk_loading": 21.62408804845415,
    "efficiency_small": 0.4451184433846803,
    "RPM_main": null,
    "RPM_small": null
}