{
    "thrust_main": 48.714890935980044,
    "torque_main": 2.5331549418984536,
    "thrust_small": 9.970751325980759,
    "torque_small": 0.11631874585215085,
    "moment_created": 10.269873865760182,
    "power_required": 255.79828221072677,
    "p_induced": 68.25129817922067,
    "p_profile": 24.874402936059315,
    "p_total": 93.12570111527998,
    "p_ideal": 118.98642020085448,
    "power_loading": 0.5231089844432533,
    "figure_of_merit": 1.277696906180192,
    "STALL_MAIN_HIGH": 0.07142857142857142,
    "STALL_MAIN_LOW": 0.07142857142857142,
    "STALL_SMALL_HIGH": 0.0,
    "STALL_SMALL_LOW": 0.037037037037037035,
    "disk_loading": 14.616298792805717
}