{
    "thrust_main": 59.654168068996455,
    "torque_main": 5.321505965395691,
    "thrust_small": 4.552990432251322,
    "torque_small": 0.2152249689999199,
    "moment_created": 4.552990432251322,
    "power_required": 218.3398398527549,
    "p_induced": 167.9935089314625,
    "p_profile": 33.30367411744512,
    "p_total": 201.2971830489076,
    "p_ideal": 166.07459868600506,
    "power_loading": 0.27321705516146905,
    "figure_of_merit": 0.7606243496285574,
    "STALL_MAIN_HIGH": 0.0,
    "STALL_MAIN_LOW": 0.0,
    "STALL_SMALL_HIGH": 0.0,
    "STALL_SMALL_LOW": 0.0,
    "disk_loading": 18.988511448430984,
    "efficiency_small": 0.7996083969991321,
    "RPM_main": null,
    "RPM_small": null
}