{
    "thrust": 59.91576842589647,
    "torque": 1.028818454007551,
    "p_induced": 382.04975676594097,
    "p_profile": 145.78894137908688,
    "p_total": 527.8386981450278,
    "p_ideal": 773.7859601937074,
    "power_loading": 0.11351151144555555,
    "figure_of_merit": 1.4659515547325477,
    "STALL_HIGH": 0.0,
    "STALL_LOW": 0.0,
    "main_RPM": 4951.171875,
    "disk_loading": 102.15638516615348
}