{
    "thrust_main": 60.27834160096067,
    "torque_main": 5.194036013451353,
    "thrust_small": 4.446309919504557,
    "torque_small": 0.19505312972594124,
    "moment_created": 4.686822176211441,
    "power_required": 201.70592030478747,
    "p_induced": 145.2316591517716,
    "p_profile": 31.252241458169486,
    "p_total": 176.4839006099411,
    "p_ideal": 160.03140538725114,
    "power_loading": 0.29884269886514564,
    "figure_of_merit": 0.7933897286972831,
    "STALL_MAIN_HIGH": 0.0,
    "STALL_MAIN_LOW": 0.0,
    "STALL_SMALL_HIGH": 0.0,
    "STALL_SMALL_LOW": 0.0,
    "disk_loading": 17.26847284891451,
    "efficiency_small": 0.805256854820843,
    "RPM_main": 329.84375,
    "RPM_small": 9937.5
}