{
    "thrust_main": 69.23770194540623,
    "torque_main": 5.988050236390034,
    "thrust_small": 3.525046952598187,
    "torque_small": 0.19206628921574292,
    "moment_created": 3.525046952598187,
    "power_required": 231.30104989435384,
    "p_induced": 202.61982117123205,
    "p_profile": 38.70254139032724,
    "p_total": 241.3223625615593,
    "p_ideal": 207.66150097451603,
    "power_loading": 0.29934019744843515,
    "figure_of_merit": 0.8977974854388464,
    "STALL_MAIN_HIGH": 0.0,
    "STALL_MAIN_LOW": 0.0,
    "STALL_SMALL_HIGH": 0.0,
    "STALL_SMALL_LOW": 0.0,
    "disk_loading": 22.03904502586948,
    "efficiency_small": 0.6224156829108716,
    "RPM_main": null,
    "RPM_small": null
}