{
    "thrust_main": 59.91932336998084,
    "torque_main": 5.4535944967889325,
    "thrust_small": 5.4710637546901415,
    "torque_small": 0.3324426945956931,
    "moment_created": 5.216454613474574,
    "power_required": 382.94649326333615,
    "p_induced": 163.0461646731342,
    "p_profile": 27.003253269714122,
    "p_total": 190.04941794284832,
    "p_ideal": 175.34311387696087,
    "power_loading": 0.15646917891679674,
    "figure_of_merit": 0.45787888637586976,
    "STALL_MAIN_HIGH": 0.0,
    "STALL_MAIN_LOW": 0.0,
    "STALL_SMALL_HIGH": 1.0,
    "STALL_SMALL_LOW": 0.0,
    "disk_loading": 20.980204302319187,
    "efficiency_small": 0.480991520855841
}