{
    "thrust_main": 68.92735953319051,
    "torque_main": 5.963303481096043,
    "thrust_small": 3.425565806809226,
    "torque_small": 0.18879510902144325,
    "moment_created": 3.425565806809226,
    "power_required": 227.3616422220099,
    "p_induced": 201.2543641110706,
    "p_profile": 38.745346067557634,
    "p_total": 239.99971017862822,
    "p_ideal": 206.26687278225884,
    "power_loading": 0.3031617772442266,
    "figure_of_merit": 0.9072193126615754,
    "STALL_MAIN_HIGH": 0.0,
    "STALL_MAIN_LOW": 0.0,
    "STALL_SMALL_HIGH": 0.0,
    "STALL_SMALL_LOW": 0.0,
    "disk_loading": 21.94025996795909,
    "efficiency_small": 0.6153303586417074,
    "RPM_main": null,
    "RPM_small": null
}