{
    "thrust_main": 21.127230631874625,
    "torque_main": 1.3620831411428664,
    "thrust_small": 11.058911656832018,
    "torque_small": 1.1903120229744373,
    "moment_created": 6.693080116030273,
    "power_required": 623.3676455279111,
    "p_induced": 57.68895999911149,
    "p_profile": 12.321265378173525,
    "p_total": 70.01022537728501,
    "p_ideal": 57.83520063900376,
    "power_loading": 0.03389208725130836,
    "figure_of_merit": 0.09277863721981414,
    "STALL_MAIN_HIGH": 0.0,
    "STALL_MAIN_LOW": 0.0,
    "STALL_SMALL_HIGH": 1.0,
    "STALL_SMALL_LOW": 0.0,
    "disk_loading": 18.35969367974877,
    "efficiency_small": 0.5593755364082833,
    "RPM_main": 498.75,
    "RPM_small": 5000.48828125
}