{
    "thrust_main": 68.02136725676218,
    "torque_main": 5.968672256753656,
    "thrust_small": 2.6446695579490647,
    "torque_small": 0.16114649467846603,
    "moment_created": 2.6446695579490647,
    "power_required": 185.62743607239702,
    "p_induced": 201.13428782623498,
    "p_profile": 38.813303399782384,
    "p_total": 239.94759122601738,
    "p_ideal": 202.21345857330877,
    "power_loading": 0.3664402671070293,
    "figure_of_merit": 1.0893511371586417,
    "STALL_MAIN_HIGH": 0.0,
    "STALL_MAIN_LOW": 0.0,
    "STALL_SMALL_HIGH": 0.0,
    "STALL_SMALL_LOW": 0.0,
    "disk_loading": 21.651873669565795,
    "efficiency_small": 0.581865322243884,
    "RPM_main": null,
    "RPM_small": null
}