{
    "thrust_main": 68.12362323663116,
    "torque_main": 5.838000174921283,
    "thrust_small": 1.8102562265509765,
    "torque_small": 0.1291352574995116,
    "moment_created": 1.8102562265509765,
    "power_required": 148.75313796935083,
    "p_induced": 195.29519104033946,
    "p_profile": 38.92904259100417,
    "p_total": 234.22423363134362,
    "p_ideal": 202.66960872136423,
    "power_loading": 0.457964276697594,
    "figure_of_merit": 1.3624560226966262,
    "STALL_MAIN_HIGH": 0.0,
    "STALL_MAIN_LOW": 0.0,
    "STALL_SMALL_HIGH": 0.0,
    "STALL_SMALL_LOW": 0.0,
    "disk_loading": 21.684422758879503,
    "efficiency_small": 0.49701230253766276,
    "RPM_main": null,
    "RPM_small": null
}