{
    "thrust_main": 68.84385978756897,
    "torque_main": 5.9568780039769145,
    "thrust_small": 3.3356524182483835,
    "torque_small": 0.18574964002155017,
    "moment_created": 3.3356524182483835,
    "power_required": 223.69405339123531,
    "p_induced": 200.9031747876714,
    "p_profile": 38.75692523179574,
    "p_total": 239.66010001946714,
    "p_ideal": 205.89217365675646,
    "power_loading": 0.3077590071970433,
    "figure_of_merit": 0.9204186277435645,
    "STALL_MAIN_HIGH": 0.0,
    "STALL_MAIN_LOW": 0.0,
    "STALL_SMALL_HIGH": 0.0,
    "STALL_SMALL_LOW": 0.0,
    "disk_loading": 21.913681173433925,
    "efficiency_small": 0.6090032017036451,
    "RPM_main": null,
    "RPM_small": null
}