{
    "thrust_main": 67.97115902192897,
    "torque_main": 5.956318380292663,
    "thrust_small": 1.7803605951712136,
    "torque_small": 0.12815531884867404,
    "moment_created": 1.7803605951712136,
    "power_required": 147.6243296783224,
    "p_induced": 200.494931451998,
    "p_profile": 38.830096601297996,
    "p_total": 239.32502805329602,
    "p_ideal": 201.98961184346436,
    "power_loading": 0.46043331183985764,
    "figure_of_merit": 1.3682677664556069,
    "STALL_MAIN_HIGH": 0.0,
    "STALL_MAIN_LOW": 0.0,
    "STALL_SMALL_HIGH": 0.0,
    "STALL_SMALL_LOW": 0.0,
    "disk_loading": 21.635891892050548,
    "efficiency_small": 0.4925419890025306,
    "RPM_main": null,
    "RPM_small": null
}