{
    "thrust_main": 60.52622077358085,
    "torque_main": 6.233925458033612,
    "thrust_small": 6.05780116596973,
    "torque_small": 0.059976091514180235,
    "moment_created": 6.239535200948822,
    "power_required": 158.5872108140813,
    "p_induced": 156.0869244682901,
    "p_profile": 26.01527068563644,
    "p_total": 182.10219515392654,
    "p_ideal": 164.78593222150513,
    "power_loading": 0.3323750200947304,
    "figure_of_merit": 0.9049090928432554,
    "STALL_MAIN_HIGH": 0.0,
    "STALL_MAIN_LOW": 0.0,
    "STALL_SMALL_HIGH": 0.0,
    "STALL_SMALL_LOW": 0.037037037037037035,
    "disk_loading": 18.160141809382136
}