{
    "thrust": 59.9626002457787,
    "torque": 0.9847128120473482,
    "p_induced": 433.18065230965703,
    "p_profile": 154.19433906211802,
    "p_total": 587.3749913717751,
    "p_ideal": 848.6340526506649,
    "power_loading": 0.1020857222840558,
    "figure_of_merit": 1.4447909174150175,
    "STALL_HIGH": 0.0,
    "STALL_LOW": 0.0,
    "main_RPM": 5763.671875,
    "disk_loading": 122.68348010286324
}