{
    "thrust": 174.88546259077322,
    "torque": -329.74663361934313,
    "p_induced": -144586.70907997264,
    "p_profile": 182.99754513050033,
    "p_total": -144403.71153484215,
    "p_ideal": 3031.3765927135655,
    "power_loading": -0.0012110870332344356,
    "figure_of_merit": -0.02099237312180959,
    "STALL_HIGH": 0.4777777777777778,
    "STALL_LOW": 0.4888888888888889,
    "main_RPM": 4000,
    "disk_loading": 184.02569154535072
}