{
    "thrust": 59.997969491775265,
    "torque": 5.5803463227742345,
    "p_induced": 156.19465830733412,
    "p_profile": 31.068116349384237,
    "p_total": 187.26277465671836,
    "p_ideal": 158.91617576179772,
    "power_loading": 0.3203945343742814,
    "figure_of_merit": 0.8486266213512837,
    "STALL_HIGH": 0.0,
    "STALL_LOW": 0.0,
    "main_RPM": 326.26953125,
    "disk_loading": 17.188152156166982
}