{
    "thrust": 59.94491265807987,
    "torque": 1.1460937942451022,
    "p_induced": 339.74257998338896,
    "p_profile": 130.10261599230142,
    "p_total": 469.8451959756904,
    "p_ideal": 346.3001188537642,
    "power_loading": 0.12758438986185017,
    "figure_of_merit": 0.7370515263748311,
    "STALL_HIGH": 0.0,
    "STALL_LOW": 0.0,
    "main_RPM": 3956.0546875,
    "disk_loading": 81.76486086562095
}