{
    "thrust": 59.99612181363001,
    "torque": 5.078484715181711,
    "p_induced": 164.08243855006606,
    "p_profile": 35.273062246946964,
    "p_total": 199.355500797013,
    "p_ideal": 167.504619558299,
    "power_loading": 0.30095042059922406,
    "figure_of_merit": 0.840230737996314,
    "STALL_HIGH": 0.0,
    "STALL_LOW": 0.0,
    "main_RPM": 382.03125,
    "disk_loading": 19.097358705965412
}