{
    "thrust_main": 68.0242266380509,
    "torque_main": 5.962343410198697,
    "thrust_small": 2.398173503068867,
    "torque_small": 0.15204714324825996,
    "moment_created": 2.398173503068867,
    "power_required": 175.14573568368502,
    "p_induced": 200.79513832803877,
    "p_profile": 38.82217921464127,
    "p_total": 239.61731754268004,
    "p_ideal": 202.22620923121565,
    "power_loading": 0.38838642786543975,
    "figure_of_merit": 1.1546168020695533,
    "STALL_MAIN_HIGH": 0.0,
    "STALL_MAIN_LOW": 0.0,
    "STALL_SMALL_HIGH": 0.0,
    "STALL_SMALL_LOW": 0.0,
    "disk_loading": 21.652783838898365,
    "efficiency_small": 0.5592091351141842,
    "RPM_main": null,
    "RPM_small": null
}