{
    "thrust_main": 67.97450195661446,
    "torque_main": 5.952023509418027,
    "thrust_small": 1.5984825705831223,
    "torque_small": 0.12151820846456417,
    "moment_created": 1.5984825705831223,
    "power_required": 139.97892736293196,
    "p_induced": 200.26939210539732,
    "p_profile": 38.83589171621109,
    "p_total": 239.1052838216084,
    "p_ideal": 202.00451330442638,
    "power_loading": 0.48560524956997847,
    "figure_of_merit": 1.4431065954711662,
    "STALL_MAIN_HIGH": 0.0,
    "STALL_MAIN_LOW": 0.0,
    "STALL_SMALL_HIGH": 0.0,
    "STALL_SMALL_LOW": 0.0,
    "disk_loading": 21.636955981209805,
    "efficiency_small": 0.4663784437997613,
    "RPM_main": null,
    "RPM_small": null
}