{
    "thrust": 70.88666168112422,
    "torque": 6.24092655168077,
    "p_induced": 215.50294426881214,
    "p_profile": 41.33624042710197,
    "p_total": 256.8391846959141,
    "p_ideal": 215.1239719417576,
    "power_loading": 0.2759962883586116,
    "figure_of_merit": 0.8375823657766807,
    "STALL_HIGH": 0.0,
    "STALL_LOW": 0.0,
    "main_RPM": null,
    "disk_loading": 22.563925211667527
}