{
    "thrust": 2.153373639703418,
    "torque": 0.1255859469484618,
    "p_induced": -4.389210369721822,
    "p_profile": 40.90502237698643,
    "p_total": 36.51581200726461,
    "p_ideal": 2.63607788722395,
    "power_loading": 0.05897099150568025,
    "figure_of_merit": 0.07219003884398129,
    "STALL_HIGH": 0.061224489795918366,
    "STALL_LOW": 0.02040816326530612,
    "main_RPM": 4000,
    "disk_loading": 3.671502055694328
}