{
    "thrust_main": 75.46905777650437,
    "torque_main": 5.946742875191935,
    "thrust_small": 3.599495964603672,
    "torque_small": 0.19452843608309017,
    "moment_created": 3.599495964603672,
    "power_required": 234.26615719005326,
    "p_induced": 203.12281097104807,
    "p_profile": 38.28483317413574,
    "p_total": 241.4076441451838,
    "p_ideal": 236.31724410630872,
    "power_loading": 0.3221509187743176,
    "figure_of_merit": 1.008755370134797,
    "STALL_MAIN_HIGH": 0.0,
    "STALL_MAIN_LOW": 0.0,
    "STALL_SMALL_HIGH": 0.0,
    "STALL_SMALL_LOW": 0.0,
    "disk_loading": 24.02254719123703,
    "efficiency_small": 0.6275168073385854,
    "RPM_main": null,
    "RPM_small": null
}