{
    "thrust_main": 46.49467472207256,
    "torque_main": 4.331212602394883,
    "thrust_small": 4.4296940337845925,
    "torque_small": 0.23407075926402007,
    "moment_created": 4.4296940337845925,
    "power_required": 225.20246192807085,
    "p_induced": 113.89933422186063,
    "p_profile": 22.55057087918622,
    "p_total": 136.44990510104685,
    "p_ideal": 114.27384542527953,
    "power_loading": 0.20645722219911988,
    "figure_of_merit": 0.5074271588637355,
    "STALL_MAIN_HIGH": 0.0,
    "STALL_MAIN_LOW": 0.0,
    "STALL_SMALL_HIGH": 0.0,
    "STALL_SMALL_LOW": 0.0,
    "disk_loading": 14.799714618935287,
    "efficiency_small": 0.6276013241861067,
    "RPM_main": 305.78125,
    "RPM_small": 9156.25
}