{
    "thrust_main": 69.12948568306084,
    "torque_main": 5.978273440245838,
    "thrust_small": 3.4096834804440825,
    "torque_small": 0.18792125063274465,
    "moment_created": 3.4096834804440825,
    "power_required": 226.30927450256107,
    "p_induced": 202.09872817345723,
    "p_profile": 38.717445446232,
    "p_total": 240.81617361968924,
    "p_ideal": 207.1748390621231,
    "power_loading": 0.3054646604078019,
    "figure_of_merit": 0.9154500606194934,
    "STALL_MAIN_HIGH": 0.0,
    "STALL_MAIN_LOW": 0.0,
    "STALL_SMALL_HIGH": 0.0,
    "STALL_SMALL_LOW": 0.0,
    "disk_loading": 22.00459871971908,
    "efficiency_small": 0.6153255351912813,
    "RPM_main": null,
    "RPM_small": null
}