{
    "thrust": 59.99926958499761,
    "torque": 5.259629112403973,
    "p_induced": 158.3916082713773,
    "p_profile": 72.90348111828591,
    "p_total": 231.2950893896632,
    "p_ideal": 167.51780223941174,
    "power_loading": 0.2594057216835968,
    "figure_of_merit": 0.7242600899199992,
    "STALL_HIGH": 0.0,
    "STALL_LOW": 0.0,
    "main_RPM": 479.150390625,
    "disk_loading": 19.098360672711163
}