{
    "thrust_main": 60.117104563682815,
    "torque_main": 5.046404628711768,
    "thrust_small": 4.837209997649127,
    "torque_small": 0.20215236500948225,
    "moment_created": 5.09886703770299,
    "power_required": 219.63196641685988,
    "p_induced": 142.37075814642503,
    "p_profile": 31.44205475532754,
    "p_total": 173.81281290175258,
    "p_ideal": 159.38973891931812,
    "power_loading": 0.27371746264649377,
    "figure_of_merit": 0.7257128437160079,
    "STALL_MAIN_HIGH": 0.0,
    "STALL_MAIN_LOW": 0.0,
    "STALL_SMALL_HIGH": 0.0,
    "STALL_SMALL_LOW": 0.0,
    "disk_loading": 17.222281840228433,
    "efficiency_small": 0.8151855988568408,
    "RPM_main": 334.21875,
    "RPM_small": 10312.5
}