{
    "thrust": 60.02807732070693,
    "torque": 1.1576778867817428,
    "p_induced": 396.4903130208629,
    "p_profile": 116.9571593824119,
    "p_total": 513.4474724032748,
    "p_ideal": 387.9813049154459,
    "power_loading": 0.11691181775564247,
    "figure_of_merit": 0.7556397212346494,
    "STALL_HIGH": 0.0,
    "STALL_LOW": 0.0,
    "main_RPM": 4275.390625,
    "disk_loading": 102.34787183180532
}