{
    "thrust": 59.94491265807986,
    "torque": 1.1460937942451022,
    "p_induced": 339.7425799833889,
    "p_profile": 130.10261599230142,
    "p_total": 469.84519597569033,
    "p_ideal": 692.6002377075282,
    "power_loading": 0.12758438986185014,
    "figure_of_merit": 1.4741030527496617,
    "STALL_HIGH": 0.0,
    "STALL_LOW": 0.0,
    "main_RPM": 3956.0546875,
    "disk_loading": 81.76486086562092
}