{
    "thrust_main": 60.0787048184679,
    "torque_main": 5.792525946615302,
    "thrust_small": 4.180319778917998,
    "torque_small": 0.3756442130222551,
    "moment_created": 3.9857785202817166,
    "power_required": 275.36158999876085,
    "p_induced": 166.305428354823,
    "p_profile": 25.442591467728633,
    "p_total": 191.7480198225516,
    "p_ideal": 176.04318057306548,
    "power_loading": 0.2181811370959118,
    "figure_of_merit": 0.6393164005693666,
    "STALL_MAIN_HIGH": 0.0,
    "STALL_MAIN_LOW": 0.0,
    "STALL_SMALL_HIGH": 1.0,
    "STALL_SMALL_LOW": 0.0,
    "disk_loading": 21.03601026211968,
    "efficiency_small": 0.48552579352606773
}