{
    "thrust_main": 67.9593894054555,
    "torque_main": 5.9568115110145,
    "thrust_small": 1.7469372095982356,
    "torque_small": 0.12702797524632897,
    "moment_created": 1.7469372095982356,
    "power_required": 146.32572307261572,
    "p_induced": 200.51048165723722,
    "p_profile": 38.83042427633128,
    "p_total": 239.3409059335685,
    "p_ideal": 201.9371505338099,
    "power_loading": 0.46443911554586964,
    "figure_of_merit": 1.3800522990314998,
    "STALL_MAIN_HIGH": 0.0,
    "STALL_MAIN_LOW": 0.0,
    "STALL_SMALL_HIGH": 0.0,
    "STALL_SMALL_LOW": 0.0,
    "disk_loading": 21.63214550677045,
    "efficiency_small": 0.48758444416540186,
    "RPM_main": null,
    "RPM_small": null
}