{
    "thrust": 60.083102035201975,
    "torque": 1.0324415441567063,
    "p_induced": 384.26361454863246,
    "p_profile": 146.28187009727557,
    "p_total": 530.545484645908,
    "p_ideal": 777.029783045118,
    "power_loading": 0.11324778699285719,
    "figure_of_merit": 1.4645865539006828,
    "STALL_HIGH": 0.0,
    "STALL_LOW": 0.0,
    "main_RPM": 4955.078125,
    "disk_loading": 102.44168897001938
}