{
    "thrust_main": 68.02285392100501,
    "torque_main": 5.96898483413565,
    "thrust_small": 2.6559698695298137,
    "torque_small": 0.16154387113115248,
    "moment_created": 2.6559698695298137,
    "power_required": 186.08518088536928,
    "p_induced": 201.1538015694224,
    "p_profile": 38.812751846791066,
    "p_total": 239.96655341621346,
    "p_ideal": 202.22008792757626,
    "power_loading": 0.3655468619121686,
    "figure_of_merit": 1.0867071035180726,
    "STALL_MAIN_HIGH": 0.0,
    "STALL_MAIN_LOW": 0.0,
    "STALL_SMALL_HIGH": 0.0,
    "STALL_SMALL_LOW": 0.0,
    "disk_loading": 21.652346889491724,
    "efficiency_small": 0.5829141260871319,
    "RPM_main": null,
    "RPM_small": null
}