{
    "thrust_main": 67.9420926507828,
    "torque_main": 5.951290635653869,
    "thrust_small": 1.427586823221414,
    "torque_small": 0.11563709360594443,
    "moment_created": 1.427586823221414,
    "power_required": 133.2043693768516,
    "p_induced": 200.2224950119589,
    "p_profile": 38.83837830708934,
    "p_total": 239.06087331904826,
    "p_ideal": 201.86006107363022,
    "power_loading": 0.5100590391188012,
    "figure_of_merit": 1.5154162135818774,
    "STALL_MAIN_HIGH": 0.0,
    "STALL_MAIN_LOW": 0.0,
    "STALL_SMALL_HIGH": 0.0,
    "STALL_SMALL_LOW": 0.0,
    "disk_loading": 21.626639778759234,
    "efficiency_small": 0.4377007440769164,
    "RPM_main": null,
    "RPM_small": null
}