{
    "thrust": 59.94691618170648,
    "torque": 1.2893060028651566,
    "p_induced": 352.4615603349303,
    "p_profile": 104.19944597535778,
    "p_total": 456.6610063102881,
    "p_ideal": 346.31748045051785,
    "power_loading": 0.13127224648774646,
    "figure_of_merit": 0.7583688461790955,
    "STALL_HIGH": 0.0,
    "STALL_LOW": 0.0,
    "main_RPM": 3416.9921875,
    "disk_loading": 81.76759367184764
}