{
    "thrust_main": 59.7774581024845,
    "torque_main": 6.382413418004691,
    "thrust_small": 5.183742013394431,
    "torque_small": 0.4423375008205025,
    "moment_created": 5.464143855011154,
    "power_required": 301.0895859801903,
    "p_induced": 149.27280034573914,
    "p_profile": 22.982072850164702,
    "p_total": 172.25487319590385,
    "p_ideal": 158.04088092529287,
    "power_loading": 0.19853711614727673,
    "figure_of_merit": 0.5248965367260856,
    "STALL_MAIN_HIGH": 0.0,
    "STALL_MAIN_LOW": 0.0,
    "STALL_SMALL_HIGH": 1.0,
    "STALL_SMALL_LOW": 0.0,
    "disk_loading": 17.124980296462347,
    "efficiency_small": 0.4954887291919194
}