{
    "thrust_main": 68.04651487720076,
    "torque_main": 5.965639731332528,
    "thrust_small": 2.643069522270874,
    "torque_small": 0.16071084649965067,
    "moment_created": 2.643069522270874,
    "power_required": 185.12560539575423,
    "p_induced": 201.00604338858489,
    "p_profile": 38.81846613157527,
    "p_total": 239.82450952016015,
    "p_ideal": 202.32560694992816,
    "power_loading": 0.36756943876960513,
    "figure_of_merit": 1.0929099003749614,
    "STALL_MAIN_HIGH": 0.0,
    "STALL_MAIN_LOW": 0.0,
    "STALL_SMALL_HIGH": 0.0,
    "STALL_SMALL_LOW": 0.0,
    "disk_loading": 21.659878405765394,
    "efficiency_small": 0.5830896330763863,
    "RPM_main": null,
    "RPM_small": null
}