{
    "thrust_main": 70.9170594861852,
    "torque_main": 5.793433515451399,
    "thrust_small": 1.8951615364820626,
    "torque_small": 0.131613671412489,
    "moment_created": 1.8951615364820626,
    "power_required": 151.6080658479256,
    "p_induced": 193.76139273241353,
    "p_profile": 38.79324076089762,
    "p_total": 232.55463349331114,
    "p_ideal": 215.26236181809173,
    "power_loading": 0.46776574247257,
    "figure_of_merit": 1.41986088018573,
    "STALL_MAIN_HIGH": 0.0,
    "STALL_MAIN_LOW": 0.0,
    "STALL_SMALL_HIGH": 0.0,
    "STALL_SMALL_LOW": 0.0,
    "disk_loading": 22.573601133536723,
    "efficiency_small": 0.5105251613893789,
    "RPM_main": null,
    "RPM_small": null
}