{
    "thrust_main": 67.97183274735674,
    "torque_main": 5.951458240899617,
    "thrust_small": 1.5523145545370394,
    "torque_small": 0.1199038784372508,
    "moment_created": 1.5523145545370394,
    "power_required": 138.11935266636297,
    "p_induced": 200.24041650117184,
    "p_profile": 38.83665022498708,
    "p_total": 239.07706672615893,
    "p_ideal": 201.99261501150255,
    "power_loading": 0.49212388731322465,
    "figure_of_merit": 1.4624497661774447,
    "STALL_MAIN_HIGH": 0.0,
    "STALL_MAIN_LOW": 0.0,
    "STALL_SMALL_HIGH": 0.0,
    "STALL_SMALL_LOW": 0.0,
    "disk_loading": 21.636106345514783,
    "efficiency_small": 0.459006060945629,
    "RPM_main": null,
    "RPM_small": null
}