{
    "thrust": 59.99477866058845,
    "torque": 5.193827266701688,
    "p_induced": 145.6752502377251,
    "p_profile": 32.04267157910857,
    "p_total": 177.71792181683367,
    "p_ideal": 152.27181328883827,
    "power_loading": 0.3375842911466325,
    "figure_of_merit": 0.8568174314224672,
    "STALL_HIGH": 0.0,
    "STALL_LOW": 0.0,
    "main_RPM": 349.8046875,
    "disk_loading": 15.782587741383157
}