{
    "thrust": 70.64250769712777,
    "torque": 6.238760981188354,
    "p_induced": 215.3962260545394,
    "p_profile": 41.340881443199095,
    "p_total": 256.7371074977385,
    "p_ideal": 214.01350656281613,
    "power_loading": 0.2751550346018837,
    "figure_of_merit": 0.8335900822778464,
    "STALL_HIGH": 0.0,
    "STALL_LOW": 0.0,
    "main_RPM": null,
    "disk_loading": 22.486208584810296
}