{
    "thrust_main": 69.26026171688781,
    "torque_main": 5.968358356859007,
    "thrust_small": 3.4411027829666847,
    "torque_small": 0.18900572448031452,
    "moment_created": 3.4411027829666847,
    "power_required": 227.61528161370026,
    "p_induced": 201.65850216646254,
    "p_profile": 38.71834598318943,
    "p_total": 240.37684814965198,
    "p_ideal": 207.7630029915049,
    "power_loading": 0.3042865190151583,
    "figure_of_merit": 0.9127814332963466,
    "STALL_MAIN_HIGH": 0.0,
    "STALL_MAIN_LOW": 0.0,
    "STALL_SMALL_HIGH": 0.0,
    "STALL_SMALL_LOW": 0.0,
    "disk_loading": 22.046226024162113,
    "efficiency_small": 0.6174324540316675,
    "RPM_main": null,
    "RPM_small": null
}