{
    "thrust": 3.7615687945725016,
    "torque": 0.18853408358819812,
    "p_induced": -23.334103612601318,
    "p_profile": 63.24161716121076,
    "p_total": 39.907513548609444,
    "p_ideal": 5.4434928448971185,
    "power_loading": 0.09425715761496174,
    "figure_of_merit": 0.13640270617879158,
    "STALL_HIGH": 0.08163265306122448,
    "STALL_LOW": 0.04081632653061224,
    "main_RPM": 4000,
    "disk_loading": 5.130779835796892
}