{
    "thrust_main": 68.85246840319775,
    "torque_main": 5.950127382920193,
    "thrust_small": 3.1582042449316723,
    "torque_small": 0.17942314098045972,
    "moment_created": 3.1582042449316723,
    "power_required": 216.07519494223325,
    "p_induced": 200.56360363916644,
    "p_profile": 38.76474952889936,
    "p_total": 239.3283531680658,
    "p_ideal": 205.93079370211896,
    "power_loading": 0.3186504976732991,
    "figure_of_merit": 0.9530515233697864,
    "STALL_MAIN_HIGH": 0.0,
    "STALL_MAIN_LOW": 0.0,
    "STALL_SMALL_HIGH": 0.0,
    "STALL_SMALL_LOW": 0.0,
    "disk_loading": 21.91642138089492,
    "efficiency_small": 0.596937035470026,
    "RPM_main": null,
    "RPM_small": null
}