{
    "thrust": 70.88665982641751,
    "torque": 6.240926545681572,
    "p_induced": 215.50294440913092,
    "p_profile": 41.336240374747874,
    "p_total": 256.8391847838788,
    "p_ideal": 215.12396349887436,
    "power_loading": 0.27599628104280954,
    "figure_of_merit": 0.8375823326175624,
    "STALL_HIGH": 0.0,
    "STALL_LOW": 0.0,
    "main_RPM": null,
    "disk_loading": 22.563924621296046
}