{
    "thrust": 6.9545883171043075,
    "torque": -0.036063507841060674,
    "p_induced": -282.41063610339455,
    "p_profile": 102.44488598924636,
    "p_total": -179.9657501141482,
    "p_ideal": 30.59963774647261,
    "power_loading": -0.038643954823032546,
    "figure_of_merit": -0.17003034036789752,
    "STALL_HIGH": 0.4489795918367347,
    "STALL_LOW": 0.061224489795918366,
    "main_RPM": 5500.0,
    "disk_loading": 11.857573080662846
}