{
    "thrust_main": 60.033429896520516,
    "torque_main": 6.458460688897772,
    "thrust_small": 6.1224131221847315,
    "torque_small": 0.5450241018633609,
    "moment_created": 6.453590080868837,
    "power_required": 358.5010277117057,
    "p_induced": 150.5014366245031,
    "p_profile": 22.736142719663796,
    "p_total": 173.2375793441669,
    "p_ideal": 159.05708214218072,
    "power_loading": 0.16745678605082648,
    "figure_of_merit": 0.4436725974188531,
    "STALL_MAIN_HIGH": 0.0,
    "STALL_MAIN_LOW": 0.0,
    "STALL_SMALL_HIGH": 1.0,
    "STALL_SMALL_LOW": 0.0,
    "disk_loading": 17.198310813825625,
    "efficiency_small": 0.48784909840394947
}