{
    "thrust_main": 60.251285073567956,
    "torque_main": 5.175875078078229,
    "thrust_small": 4.971978612605743,
    "torque_small": 0.2698329365237752,
    "moment_created": 5.240925631159371,
    "power_required": 224.28865984824438,
    "p_induced": 144.40352343316593,
    "p_profile": 31.265823638821143,
    "p_total": 175.66934707198706,
    "p_ideal": 159.92366997001898,
    "power_loading": 0.26863277489969617,
    "figure_of_merit": 0.7130261069740427,
    "STALL_MAIN_HIGH": 0.0,
    "STALL_MAIN_LOW": 0.0,
    "STALL_SMALL_HIGH": 0.0,
    "STALL_SMALL_LOW": 0.011494252873563218,
    "disk_loading": 17.260721724775095,
    "efficiency_small": 0.8097953541792127,
    "RPM_main": 329.84375,
    "RPM_small": 7906.25
}