{
    "thrust_main": 68.9008652336831,
    "torque_main": 5.956871064850618,
    "thrust_small": 3.2614077535564485,
    "torque_small": 0.18288620682986104,
    "moment_created": 3.2614077535564485,
    "power_required": 220.24568613092927,
    "p_induced": 200.9204479174742,
    "p_profile": 38.75444159068085,
    "p_total": 239.67488950815505,
    "p_ideal": 206.14795691575654,
    "power_loading": 0.3128363894161526,
    "figure_of_merit": 0.9359908951551856,
    "STALL_MAIN_HIGH": 0.0,
    "STALL_MAIN_LOW": 0.0,
    "STALL_SMALL_HIGH": 0.0,
    "STALL_SMALL_LOW": 0.0,
    "disk_loading": 21.93182657049837,
    "efficiency_small": 0.6047709385191214,
    "RPM_main": null,
    "RPM_small": null
}