{
    "thrust_main": 1295.7819951346687,
    "torque_main": 1238.3803841172264,
    "thrust_small": 65.457964680396,
    "torque_small": 0.39921562628056917,
    "moment_created": 63.494225739984124,
    "power_required": 2173.8996564502263,
    "p_induced": 545682.8552474462,
    "p_profile": 10.821868432650009,
    "p_total": 545693.6771158789,
    "p_ideal": 17332.778971660176,
    "power_loading": 0.002374559298511915,
    "figure_of_merit": 0.0317628363650245,
    "STALL_MAIN_HIGH": 0.7857142857142857,
    "STALL_MAIN_LOW": 0.21428571428571427,
    "STALL_SMALL_HIGH": 0.8148148148148148,
    "STALL_SMALL_LOW": 0.037037037037037035,
    "disk_loading": 438.3677536298455
}