{
    "thrust_main": 68.8641119247353,
    "torque_main": 5.958537371907753,
    "thrust_small": 3.365419144981764,
    "torque_small": 0.18676223678218054,
    "moment_created": 3.365419144981764,
    "power_required": 224.91350056652982,
    "p_induced": 200.99335892748192,
    "p_profile": 38.75397332683087,
    "p_total": 239.7473322543128,
    "p_ideal": 205.98303280962037,
    "power_loading": 0.3061804282591972,
    "figure_of_merit": 0.9158322301274673,
    "STALL_MAIN_HIGH": 0.0,
    "STALL_MAIN_LOW": 0.0,
    "STALL_SMALL_HIGH": 0.0,
    "STALL_SMALL_LOW": 0.0,
    "disk_loading": 21.920127628910315,
    "efficiency_small": 0.6111064407493109,
    "RPM_main": null,
    "RPM_small": null
}