{
    "thrust": 71.15539073441848,
    "torque": 6.235544353237946,
    "p_induced": 215.3031312451123,
    "p_profile": 41.32662265171709,
    "p_total": 256.62975389682936,
    "p_ideal": 216.3484226578921,
    "power_loading": 0.2772686707365369,
    "figure_of_merit": 0.8430371746561732,
    "STALL_HIGH": 0.0,
    "STALL_LOW": 0.0,
    "main_RPM": null,
    "disk_loading": 22.6494643260359
}