{
    "thrust_main": 60.00451646147872,
    "torque_main": 5.482946734827663,
    "thrust_small": 5.1345851239640234,
    "torque_small": 0.49725326160042965,
    "moment_created": 4.895634826996638,
    "power_required": 364.5056785108838,
    "p_induced": 163.97109159656654,
    "p_profile": 26.948481953304572,
    "p_total": 190.9195735498711,
    "p_ideal": 175.71720013711868,
    "power_loading": 0.1646188797568679,
    "figure_of_merit": 0.4820698565108141,
    "STALL_MAIN_HIGH": 0.0,
    "STALL_MAIN_LOW": 0.0,
    "STALL_SMALL_HIGH": 1.0,
    "STALL_SMALL_LOW": 0.0,
    "disk_loading": 21.010033885903358,
    "efficiency_small": 0.47424722849764644
}