{
    "thrust_main": 59.97813907334459,
    "torque_main": 6.38663346887103,
    "thrust_small": 6.034927171483585,
    "torque_small": 0.5333752392983531,
    "moment_created": 6.361371791708562,
    "power_required": 356.07514334474763,
    "p_induced": 149.4529779340792,
    "p_profile": 22.927023918715175,
    "p_total": 172.38000185279438,
    "p_ideal": 158.83739524947788,
    "power_loading": 0.16844236446820576,
    "figure_of_merit": 0.44607830178051333,
    "STALL_MAIN_HIGH": 0.0,
    "STALL_MAIN_LOW": 0.0,
    "STALL_SMALL_HIGH": 1.0,
    "STALL_SMALL_LOW": 0.0,
    "disk_loading": 17.182471159756705,
    "efficiency_small": 0.4874427413110561
}