{
    "thrust_main": 58.164524332250366,
    "torque_main": 5.526209876351494,
    "thrust_small": 5.370052498846009,
    "torque_small": 0.3687642851704595,
    "moment_created": 5.370052498846009,
    "power_required": 352.37926396446835,
    "p_induced": 146.87236572333802,
    "p_profile": 24.689109650720866,
    "p_total": 171.5614753740589,
    "p_ideal": 159.89294168288566,
    "power_loading": 0.16506227885791627,
    "figure_of_merit": 0.4537524140438872,
    "STALL_MAIN_HIGH": 0.0,
    "STALL_MAIN_LOW": 0.0,
    "STALL_SMALL_HIGH": 1.0,
    "STALL_SMALL_LOW": 0.0,
    "disk_loading": 18.51434312013294,
    "efficiency_small": 0.4794771159989908
}