{
    "thrust_main": 55.549426148253,
    "torque_main": 5.433424010616829,
    "thrust_small": 4.351695560347274,
    "torque_small": 0.374145788882931,
    "moment_created": 4.14917891657726,
    "power_required": 274.26318773621256,
    "p_induced": 148.83114657271332,
    "p_profile": 22.98912890365401,
    "p_total": 171.82027547636733,
    "p_ideal": 156.5156356350413,
    "power_loading": 0.20254058376102832,
    "figure_of_merit": 0.5706767901552237,
    "STALL_MAIN_HIGH": 0.0,
    "STALL_MAIN_LOW": 0.0,
    "STALL_SMALL_HIGH": 1.0,
    "STALL_SMALL_LOW": 0.0,
    "disk_loading": 19.45012466630783,
    "efficiency_small": 0.4843406108847076
}