{
    "thrust_main": 67.93388084137628,
    "torque_main": 5.9529332829028245,
    "thrust_small": 1.4868981693571057,
    "torque_small": 0.11785752175995412,
    "moment_created": 1.4868981693571057,
    "power_required": 135.7621189948882,
    "p_induced": 200.3016044246366,
    "p_profile": 38.83686356486913,
    "p_total": 239.13846798950573,
    "p_ideal": 201.8234655068359,
    "power_loading": 0.500389072771722,
    "figure_of_merit": 1.4865963127345934,
    "STALL_MAIN_HIGH": 0.0,
    "STALL_MAIN_LOW": 0.0,
    "STALL_SMALL_HIGH": 0.0,
    "STALL_SMALL_LOW": 0.0,
    "disk_loading": 21.62402587864168,
    "efficiency_small": 0.4472968542400203,
    "RPM_main": null,
    "RPM_small": null
}