{
    "thrust_main": 60.589785407889565,
    "torque_main": 4.677453388506933,
    "thrust_small": 4.368172541866567,
    "torque_small": 0.18228287555629907,
    "moment_created": 4.164889102039597,
    "power_required": 283.6449344425412,
    "p_induced": 163.79865239113943,
    "p_profile": 36.486740079418354,
    "p_total": 200.28539247055778,
    "p_ideal": 178.2943108397041,
    "power_loading": 0.21361137834867067,
    "figure_of_merit": 0.628582742681843,
    "STALL_MAIN_HIGH": 0.0,
    "STALL_MAIN_LOW": 0.0,
    "STALL_SMALL_HIGH": 0.0,
    "STALL_SMALL_LOW": 0.0,
    "disk_loading": 21.214960466794192,
    "efficiency_small": 0.6340396889062185,
    "RPM_main": 411.484375,
    "RPM_small": 14914.0625
}