{
    "thrust_main": 51.57349353007271,
    "torque_main": 5.006638632649931,
    "thrust_small": 5.175760146103509,
    "torque_small": 0.048383229195891754,
    "moment_created": 5.020487341720404,
    "power_required": 141.90662100900303,
    "p_induced": 129.22141027191896,
    "p_profile": 22.359842610193347,
    "p_total": 151.5812528821123,
    "p_ideal": 137.62905051154735,
    "power_loading": 0.34023662259990967,
    "figure_of_merit": 0.907955620465706,
    "STALL_MAIN_HIGH": 0.0,
    "STALL_MAIN_LOW": 0.0,
    "STALL_SMALL_HIGH": 0.07407407407407407,
    "STALL_SMALL_LOW": 0.037037037037037035,
    "disk_loading": 17.447500112294517
}