{
    "thrust": 71.29630473841559,
    "torque": 6.223856074765534,
    "p_induced": 214.73036434366355,
    "p_profile": 41.340968677201296,
    "p_total": 256.07133302086487,
    "p_ideal": 216.99141563813936,
    "power_loading": 0.2784236091456841,
    "figure_of_merit": 0.8473865976261339,
    "STALL_HIGH": 0.0,
    "STALL_LOW": 0.0,
    "main_RPM": null,
    "disk_loading": 22.694318646609922
}