{
    "thrust_main": 69.35182079703456,
    "torque_main": 5.995030987962163,
    "thrust_small": 3.5351377616316557,
    "torque_small": 0.1923803375257217,
    "moment_created": 3.5351377616316557,
    "power_required": 231.6792511086963,
    "p_induced": 203.02258872110275,
    "p_profile": 38.68893696175428,
    "p_total": 241.71152568285703,
    "p_ideal": 208.17511971645797,
    "power_loading": 0.29934411676985684,
    "figure_of_merit": 0.8985488286941546,
    "STALL_MAIN_HIGH": 0.0,
    "STALL_MAIN_LOW": 0.0,
    "STALL_SMALL_HIGH": 0.0,
    "STALL_SMALL_LOW": 0.0,
    "disk_loading": 22.07537018454272,
    "efficiency_small": 0.6231784503227987,
    "RPM_main": null,
    "RPM_small": null
}