{
    "thrust": 59.99977571214039,
    "torque": 4.263750151916881,
    "p_induced": 178.37591219383663,
    "p_profile": 38.91168563175744,
    "p_total": 217.28759782559408,
    "p_ideal": 186.13324655816774,
    "power_loading": 0.2761306964252015,
    "figure_of_merit": 0.8566215854968751,
    "STALL_HIGH": 0.0,
    "STALL_LOW": 0.0,
    "main_RPM": 521.240234375,
    "disk_loading": 23.578421948128856
}