{
    "thrust_main": 255.61455317701814,
    "torque_main": -559.7279973081318,
    "thrust_small": 17.54589068735252,
    "torque_small": 0.7412515119853631,
    "moment_created": 18.49499271612376,
    "power_required": 1009.1077986237896,
    "p_induced": 31677.755887745872,
    "p_profile": 16.803128922829785,
    "p_total": 31694.559016668703,
    "p_ideal": 1397.4672558839338,
    "power_loading": 0.25330747966235373,
    "figure_of_merit": 1.3848542819605445,
    "STALL_MAIN_HIGH": 0.12244897959183673,
    "STALL_MAIN_LOW": 0.0,
    "STALL_SMALL_HIGH": 0.47126436781609193,
    "STALL_SMALL_LOW": 0.0,
    "disk_loading": 73.22817539582746,
    "efficiency_small": 0.5763929091287349,
    "RPM_main": 299.21875,
    "RPM_small": 13000.0
}