{
    "thrust_main": 59.78475902980698,
    "torque_main": 6.382018130101574,
    "thrust_small": 5.177655244947301,
    "torque_small": 0.4450075874845776,
    "moment_created": 5.457727837716829,
    "power_required": 302.9070563206573,
    "p_induced": 149.26027041049596,
    "p_profile": 22.982216308654014,
    "p_total": 172.24248671914998,
    "p_ideal": 158.06983532347513,
    "power_loading": 0.19736997795957203,
    "figure_of_merit": 0.5218426973723004,
    "STALL_MAIN_HIGH": 0.0,
    "STALL_MAIN_LOW": 0.0,
    "STALL_SMALL_HIGH": 1.0,
    "STALL_SMALL_LOW": 0.0,
    "disk_loading": 17.127071858072895,
    "efficiency_small": 0.4919374372511428
}