{
    "thrust": 60.00708222004451,
    "torque": 5.637363403696961,
    "p_induced": 167.73438384452948,
    "p_profile": 30.707558855908985,
    "p_total": 198.44194270043846,
    "p_ideal": 167.55052258913068,
    "power_loading": 0.3023911245952135,
    "figure_of_merit": 0.8443301870011398,
    "STALL_HIGH": 0.0,
    "STALL_LOW": 0.0,
    "main_RPM": 342.138671875,
    "disk_loading": 19.10084751168374
}