{
    "thrust": 70.87620606068677,
    "torque": 6.241364219537676,
    "p_induced": 215.52273415183436,
    "p_profile": 41.33611581527023,
    "p_total": 256.85884996710456,
    "p_ideal": 215.0763782562405,
    "power_loading": 0.2759344522089223,
    "figure_of_merit": 0.8373329487529237,
    "STALL_HIGH": 0.0,
    "STALL_LOW": 0.0,
    "main_RPM": null,
    "disk_loading": 22.5605970843161
}