{
    "thrust_main": 60.060275690673336,
    "torque_main": 5.478141443621219,
    "thrust_small": 5.223996313111035,
    "torque_small": 0.3687089779787224,
    "moment_created": 4.980885050908276,
    "power_required": 366.8055819014833,
    "p_induced": 162.41805730245386,
    "p_profile": 26.713374665330225,
    "p_total": 189.1314319677841,
    "p_ideal": 175.9621849822702,
    "power_loading": 0.1637387178769933,
    "figure_of_merit": 0.47971512339070715,
    "STALL_MAIN_HIGH": 0.0,
    "STALL_MAIN_LOW": 0.0,
    "STALL_SMALL_HIGH": 1.0,
    "STALL_SMALL_LOW": 0.0,
    "disk_loading": 21.029557471191854,
    "efficiency_small": 0.4754808173123718
}