{
    "thrust_main": 68.01665284671054,
    "torque_main": 5.965886027387565,
    "thrust_small": 2.516030512568028,
    "torque_small": 0.15651138492659833,
    "moment_created": 2.516030512568028,
    "power_required": 180.28817293254332,
    "p_induced": 200.97597628919874,
    "p_profile": 38.817783251560506,
    "p_total": 239.79375954075925,
    "p_ideal": 202.19243648829664,
    "power_loading": 0.3772663050513007,
    "figure_of_merit": 1.1214958430132242,
    "STALL_MAIN_HIGH": 0.0,
    "STALL_MAIN_LOW": 0.0,
    "STALL_SMALL_HIGH": 0.0,
    "STALL_SMALL_LOW": 0.0,
    "disk_loading": 21.650373026238835,
    "efficiency_small": 0.5699567364681005,
    "RPM_main": null,
    "RPM_small": null
}