{
    "thrust_main": 68.02840770990971,
    "torque_main": 5.9618516542134845,
    "thrust_small": 2.419066077220981,
    "torque_small": 0.15270446059489767,
    "moment_created": 2.419066077220981,
    "power_required": 175.9029109110192,
    "p_induced": 200.7723989821914,
    "p_profile": 38.82259845350669,
    "p_total": 239.59499743569808,
    "p_ideal": 202.2448541026073,
    "power_loading": 0.3867383851556726,
    "figure_of_merit": 1.1497527417548719,
    "STALL_MAIN_HIGH": 0.0,
    "STALL_MAIN_LOW": 0.0,
    "STALL_SMALL_HIGH": 0.0,
    "STALL_SMALL_LOW": 0.0,
    "disk_loading": 21.65411471540587,
    "efficiency_small": 0.5616528021398616,
    "RPM_main": null,
    "RPM_small": null
}