{
    "thrust_main": 69.15348107668405,
    "torque_main": 5.97892140075574,
    "thrust_small": 3.415670340431558,
    "torque_small": 0.18812598062418243,
    "moment_created": 3.415670340431558,
    "power_required": 226.5558261601048,
    "p_induced": 202.14186851926075,
    "p_profile": 38.71527588482954,
    "p_total": 240.8571444040903,
    "p_ideal": 207.2827164705999,
    "power_loading": 0.3052381492401522,
    "figure_of_merit": 0.9149299754671293,
    "STALL_MAIN_HIGH": 0.0,
    "STALL_MAIN_LOW": 0.0,
    "STALL_SMALL_HIGH": 0.0,
    "STALL_SMALL_LOW": 0.0,
    "disk_loading": 22.01223669073222,
    "efficiency_small": 0.6157351386455536,
    "RPM_main": null,
    "RPM_small": null
}