{
    "thrust_main": 54.57283496191656,
    "torque_main": 10.48126158372144,
    "thrust_small": 6.67837762132595,
    "torque_small": 0.06190281046671634,
    "moment_created": 6.878728949965729,
    "power_required": 167.58138773630745,
    "p_induced": 112.53810548172777,
    "p_profile": 23.627833955926587,
    "p_total": 136.16593943765434,
    "p_ideal": 141.08133791687175,
    "power_loading": 0.4007818341891848,
    "figure_of_merit": 1.036098590436913,
    "STALL_MAIN_HIGH": 0.0,
    "STALL_MAIN_LOW": 0.07142857142857142,
    "STALL_SMALL_HIGH": 0.14814814814814814,
    "STALL_SMALL_LOW": 0.037037037037037035,
    "disk_loading": 16.37390223909365
}