{
    "thrust": 70.92367598709905,
    "torque": 6.23937544464113,
    "p_induced": 215.43281033929097,
    "p_profile": 41.33668239410829,
    "p_total": 256.76949273339926,
    "p_ideal": 215.29248821175355,
    "power_loading": 0.27621535265771724,
    "figure_of_merit": 0.8384659950054472,
    "STALL_HIGH": 0.0,
    "STALL_LOW": 0.0,
    "main_RPM": null,
    "disk_loading": 22.575707231189547
}