{
    "thrust": 59.99877418718844,
    "torque": 5.33718030770397,
    "p_induced": 144.99738182752438,
    "p_profile": 32.29817899530936,
    "p_total": 177.29556082283375,
    "p_ideal": 152.2870250178471,
    "power_loading": 0.3384110347079894,
    "figure_of_merit": 0.8589443768985454,
    "STALL_HIGH": 0.0,
    "STALL_LOW": 0.0,
    "main_RPM": 356.787109375,
    "disk_loading": 15.78363882867017
}