{
    "thrust": 59.93615694012518,
    "torque": 1.0590942205136589,
    "p_induced": 435.78773680446943,
    "p_profile": 128.33875494235753,
    "p_total": 564.126491746827,
    "p_ideal": 848.0727473878553,
    "power_loading": 0.1062459533756904,
    "figure_of_merit": 1.5033379211846336,
    "STALL_HIGH": 0.0,
    "STALL_LOW": 0.0,
    "main_RPM": 5138.671875,
    "disk_loading": 122.62937709949612
}