{
    "thrust": 60.03273579225184,
    "torque": 1.2415818726309618,
    "p_induced": 346.76718429840196,
    "p_profile": 107.11714515847666,
    "p_total": 453.8843294568786,
    "p_ideal": 694.1228505719828,
    "power_loading": 0.13226439402322496,
    "figure_of_merit": 1.5292945923085193,
    "STALL_HIGH": 0.0,
    "STALL_LOW": 0.0,
    "main_RPM": 3524.4140625,
    "disk_loading": 81.88465162063152
}