{
    "thrust": 59.97729539185043,
    "torque": 1.028288864093637,
    "p_induced": 381.75604237825996,
    "p_profile": 145.7930968830377,
    "p_total": 527.5491392612977,
    "p_ideal": 774.9781569348852,
    "power_loading": 0.1136904430852334,
    "figure_of_merit": 1.469016057954432,
    "STALL_HIGH": 0.0,
    "STALL_LOW": 0.0,
    "main_RPM": 4951.171875,
    "disk_loading": 102.261288643105
}