{
    "thrust_main": 59.91804778389763,
    "torque_main": 5.550276000524868,
    "thrust_small": 4.399230030349945,
    "torque_small": 0.416774174816273,
    "moment_created": 4.194501255424424,
    "power_required": 305.511426688826,
    "p_induced": 165.30716412343816,
    "p_profile": 26.921380450356825,
    "p_total": 192.22854457379498,
    "p_ideal": 175.33751474717528,
    "power_loading": 0.19612375364580467,
    "figure_of_merit": 0.5739147522156761,
    "STALL_MAIN_HIGH": 0.0,
    "STALL_MAIN_LOW": 0.0,
    "STALL_SMALL_HIGH": 1.0,
    "STALL_SMALL_LOW": 0.0,
    "disk_loading": 20.979757667492127,
    "efficiency_small": 0.48226193681355634
}