{
    "thrust_main": 68.81073653672243,
    "torque_main": 5.948422143779154,
    "thrust_small": 3.0993639848835293,
    "torque_small": 0.17751660056817303,
    "moment_created": 3.0993639848835293,
    "power_required": 213.77919182357778,
    "p_induced": 200.46534874439737,
    "p_profile": 38.768797246757366,
    "p_total": 239.23414599115475,
    "p_ideal": 205.74359836429397,
    "power_loading": 0.32187761563580425,
    "figure_of_merit": 0.9624117137372509,
    "STALL_MAIN_HIGH": 0.0,
    "STALL_MAIN_LOW": 0.0,
    "STALL_SMALL_HIGH": 0.0,
    "STALL_SMALL_LOW": 0.0,
    "disk_loading": 21.903137715226922,
    "efficiency_small": 0.5921072465216888,
    "RPM_main": null,
    "RPM_small": null
}