{
    "thrust_main": 69.26081548686572,
    "torque_main": 5.9309593734987684,
    "thrust_small": 3.458669701438768,
    "torque_small": 0.18962613752190763,
    "moment_created": 3.458669701438768,
    "power_required": 228.3624308842703,
    "p_induced": 199.82743643287398,
    "p_profile": 38.75082176550597,
    "p_total": 238.57825819837996,
    "p_ideal": 207.76549474812046,
    "power_loading": 0.3032933885782893,
    "figure_of_merit": 0.9098059341179987,
    "STALL_MAIN_HIGH": 0.0,
    "STALL_MAIN_LOW": 0.0,
    "STALL_SMALL_HIGH": 0.0,
    "STALL_SMALL_LOW": 0.0,
    "disk_loading": 22.046402294620755,
    "efficiency_small": 0.618554053226369,
    "RPM_main": null,
    "RPM_small": null
}