{
    "thrust_main": 68.93357625310104,
    "torque_main": 5.963756257963007,
    "thrust_small": 3.4298763302416124,
    "torque_small": 0.1889398617426472,
    "moment_created": 3.4298763302416124,
    "power_required": 227.5359646214599,
    "p_induced": 201.27927254756042,
    "p_profile": 38.74452150153419,
    "p_total": 240.02379404909462,
    "p_ideal": 206.29477894963512,
    "power_loading": 0.3029568374730665,
    "figure_of_merit": 0.9066469087330319,
    "STALL_MAIN_HIGH": 0.0,
    "STALL_MAIN_LOW": 0.0,
    "STALL_SMALL_HIGH": 0.0,
    "STALL_SMALL_LOW": 0.0,
    "disk_loading": 21.94223881136625,
    "efficiency_small": 0.6156326359070621,
    "RPM_main": null,
    "RPM_small": null
}