{
    "thrust_main": 68.00551064482829,
    "torque_main": 5.960397574865693,
    "thrust_small": 1.8047849445055157,
    "torque_small": 0.12894033955134893,
    "moment_created": 1.8047849445055157,
    "power_required": 148.5286086115505,
    "p_induced": 200.70653272561782,
    "p_profile": 38.824539170325,
    "p_total": 239.53107189594283,
    "p_ideal": 202.1427550517866,
    "power_loading": 0.45786135937410083,
    "figure_of_merit": 1.360968482378059,
    "STALL_MAIN_HIGH": 0.0,
    "STALL_MAIN_LOW": 0.0,
    "STALL_SMALL_HIGH": 0.0,
    "STALL_SMALL_LOW": 0.0,
    "disk_loading": 21.64682635322586,
    "efficiency_small": 0.4962592007535981,
    "RPM_main": null,
    "RPM_small": null
}