{
    "thrust": 60.00137266582712,
    "torque": 1.1508674289480982,
    "p_induced": 342.0282701371485,
    "p_profile": 130.50880839111514,
    "p_total": 472.5370785282637,
    "p_ideal": 693.5789718318033,
    "power_loading": 0.12697706781593496,
    "figure_of_merit": 1.4677768229151111,
    "STALL_HIGH": 0.0,
    "STALL_LOW": 0.0,
    "main_RPM": 3960.9375,
    "disk_loading": 81.84187231618819
}