{
    "thrust_main": 69.06598784140685,
    "torque_main": 5.974489692910284,
    "thrust_small": 3.4904634186382233,
    "torque_small": 0.19095034803471653,
    "moment_created": 3.4904634186382233,
    "power_required": 229.95714739149554,
    "p_induced": 201.86659012657313,
    "p_profile": 38.726029202650885,
    "p_total": 240.59261932922402,
    "p_ideal": 206.8894586560827,
    "power_loading": 0.3003428622456512,
    "figure_of_merit": 0.8996870112667524,
    "STALL_MAIN_HIGH": 0.0,
    "STALL_MAIN_LOW": 0.0,
    "STALL_SMALL_HIGH": 0.0,
    "STALL_SMALL_LOW": 0.0,
    "disk_loading": 21.984386728969287,
    "efficiency_small": 0.6199110862790171,
    "RPM_main": null,
    "RPM_small": null
}