{
    "thrust_main": 69.0552634704734,
    "torque_main": 5.973524714812764,
    "thrust_small": 3.487176148341915,
    "torque_small": 0.19084259166823808,
    "moment_created": 3.487176148341915,
    "power_required": 229.8273788579281,
    "p_induced": 201.8140488896316,
    "p_profile": 38.72761013109911,
    "p_total": 240.54165902073072,
    "p_ideal": 206.84127271319034,
    "power_loading": 0.30046578355297326,
    "figure_of_merit": 0.8999853443964697,
    "STALL_MAIN_HIGH": 0.0,
    "STALL_MAIN_LOW": 0.0,
    "STALL_SMALL_HIGH": 0.0,
    "STALL_SMALL_LOW": 0.0,
    "disk_loading": 21.980973055678067,
    "efficiency_small": 0.6196769562879269,
    "RPM_main": null,
    "RPM_small": null
}