{
    "thrust_main": 58.19918385555035,
    "torque_main": 5.472488834018454,
    "thrust_small": 5.435094170215507,
    "torque_small": 0.3056927911517562,
    "moment_created": 5.182158960327301,
    "power_required": 352.13281654396457,
    "p_induced": 153.01551354541382,
    "p_profile": 24.125631960873896,
    "p_total": 177.14114550628773,
    "p_ideal": 167.84704730628152,
    "power_loading": 0.16527622851727042,
    "figure_of_merit": 0.47665834997609613,
    "STALL_MAIN_HIGH": 0.0,
    "STALL_MAIN_LOW": 0.0,
    "STALL_SMALL_HIGH": 1.0,
    "STALL_SMALL_LOW": 0.0,
    "disk_loading": 20.377913147954718,
    "efficiency_small": 0.4825290908136828
}