{
    "thrust_main": 60.25843968271322,
    "torque_main": 4.883362530173569,
    "thrust_small": 5.3114521812508055,
    "torque_small": 0.29881561797695666,
    "moment_created": 5.064270949389542,
    "power_required": 348.12236903793706,
    "p_induced": 174.36237998260285,
    "p_profile": 36.660155340604476,
    "p_total": 211.0225353232073,
    "p_ideal": 176.83376228492165,
    "power_loading": 0.1730955693805085,
    "figure_of_merit": 0.507964376933362,
    "STALL_MAIN_HIGH": 0.0,
    "STALL_MAIN_LOW": 0.0,
    "STALL_SMALL_HIGH": 0.0,
    "STALL_SMALL_LOW": 0.0,
    "disk_loading": 21.09894278471899,
    "efficiency_small": 0.63863735806973,
    "RPM_main": 418.359375,
    "RPM_small": 11062.5
}