{
    "thrust": 59.996109591202746,
    "torque": 5.039420662260947,
    "p_induced": 159.9153585605497,
    "p_profile": 30.173528324591373,
    "p_total": 190.08888688514105,
    "p_ideal": 167.50456837216737,
    "power_loading": 0.3156213420695902,
    "figure_of_merit": 0.8811907477441331,
    "STALL_HIGH": 0.0,
    "STALL_LOW": 0.0,
    "main_RPM": 394.677734375,
    "disk_loading": 19.09735481544598
}