{
    "thrust_main": 67.93704318150074,
    "torque_main": 5.951792745244102,
    "thrust_small": 1.4384037686173763,
    "torque_small": 0.1160714053350897,
    "moment_created": 1.4384037686173763,
    "power_required": 133.70466057399037,
    "p_induced": 200.24570825406667,
    "p_profile": 38.838066417971206,
    "p_total": 239.08377467203786,
    "p_ideal": 201.8375580744008,
    "power_loading": 0.5081127530622263,
    "figure_of_merit": 1.5095775809752465,
    "STALL_MAIN_HIGH": 0.0,
    "STALL_MAIN_LOW": 0.0,
    "STALL_SMALL_HIGH": 0.0,
    "STALL_SMALL_LOW": 0.0,
    "disk_loading": 21.625032482766773,
    "efficiency_small": 0.4393670572800168,
    "RPM_main": null,
    "RPM_small": null
}