{
    "thrust": 70.98447616599239,
    "torque": 6.236829764614684,
    "p_induced": 215.31763800248558,
    "p_profile": 41.337402156205215,
    "p_total": 256.6550401586908,
    "p_ideal": 215.56939066851635,
    "power_loading": 0.27657542248966716,
    "figure_of_merit": 0.8399187895754121,
    "STALL_HIGH": 0.0,
    "STALL_LOW": 0.0,
    "main_RPM": null,
    "disk_loading": 22.59506052921304
}