{
    "thrust_main": 1534.0346645828201,
    "torque_main": -1823.9858027759692,
    "thrust_small": 688.5264188208035,
    "torque_small": 1.2552862206646345,
    "moment_created": 757.379060702884,
    "power_required": 6835.569812920354,
    "p_induced": 588871.9676973758,
    "p_profile": -14.874234576773555,
    "p_total": 588857.093462799,
    "p_ideal": 19688.02247774362,
    "power_loading": 0.002605105180209114,
    "figure_of_merit": 0.03343429619225163,
    "STALL_MAIN_HIGH": 0.14285714285714285,
    "STALL_MAIN_LOW": 0.07142857142857142,
    "STALL_SMALL_HIGH": 0.6296296296296297,
    "STALL_SMALL_LOW": 0.07407407407407407,
    "disk_loading": 403.55239626888175
}