{
    "thrust": 60.093412361297695,
    "torque": 1.1123899864454039,
    "p_induced": 388.74724989118295,
    "p_profile": 119.97291143190353,
    "p_total": 508.7201613230865,
    "p_ideal": 777.229800367642,
    "power_loading": 0.11812665769920719,
    "figure_of_merit": 1.527814031089729,
    "STALL_HIGH": 0.0,
    "STALL_LOW": 0.0,
    "main_RPM": 4408.203125,
    "disk_loading": 102.45926807601258
}