{
    "thrust": 60.047528857447276,
    "torque": 1.649399805931665,
    "p_induced": 273.31530174435943,
    "p_profile": 172.4574120331568,
    "p_total": 445.77271377751623,
    "p_ideal": 609.8907364239542,
    "power_loading": 0.13470436166583497,
    "figure_of_merit": 1.3681652500793235,
    "STALL_HIGH": 0.0,
    "STALL_LOW": 0.0,
    "main_RPM": 3043.9453125,
    "disk_loading": 63.185858103246034
}