{
    "thrust": 60.00436790271914,
    "torque": 5.002967208867368,
    "p_induced": 146.04768003995804,
    "p_profile": 36.513706564152265,
    "p_total": 182.5613866041103,
    "p_ideal": 152.30832220673486,
    "power_loading": 0.3286805003997935,
    "figure_of_merit": 0.8342855246658478,
    "STALL_HIGH": 0.0,
    "STALL_LOW": 0.0,
    "main_RPM": 378.857421875,
    "disk_loading": 15.785110345161016
}