{
    "thrust_main": 67.98020253806423,
    "torque_main": 5.956532834900484,
    "thrust_small": 1.7899667581257168,
    "torque_small": 0.1284735265082254,
    "moment_created": 1.7899667581257168,
    "power_required": 147.99087858836216,
    "p_induced": 200.51015547019375,
    "p_profile": 38.82934381950453,
    "p_total": 239.33949928969827,
    "p_ideal": 202.0299250534855,
    "power_loading": 0.4593540033447042,
    "figure_of_merit": 1.3651511970236583,
    "STALL_MAIN_HIGH": 0.0,
    "STALL_MAIN_LOW": 0.0,
    "STALL_SMALL_HIGH": 0.0,
    "STALL_SMALL_LOW": 0.0,
    "disk_loading": 21.638770532642265,
    "efficiency_small": 0.4939730348573466,
    "RPM_main": null,
    "RPM_small": null
}