{
    "thrust_main": 68.02919764516366,
    "torque_main": 5.961848854925149,
    "thrust_small": 2.4328859906642832,
    "torque_small": 0.1531769350181707,
    "moment_created": 2.4328859906642832,
    "power_required": 176.4471623759794,
    "p_induced": 200.77293572729565,
    "p_profile": 38.82257742433902,
    "p_total": 239.59551315163466,
    "p_ideal": 202.24837676635926,
    "power_loading": 0.38554996707855704,
    "figure_of_merit": 1.146226292579315,
    "STALL_MAIN_HIGH": 0.0,
    "STALL_MAIN_LOW": 0.0,
    "STALL_SMALL_HIGH": 0.0,
    "STALL_SMALL_LOW": 0.0,
    "disk_loading": 21.654366159606646,
    "efficiency_small": 0.5631191597579736,
    "RPM_main": null,
    "RPM_small": null
}