{
    "thrust": 59.998575809809424,
    "torque": 5.069386600594024,
    "p_induced": 175.52881686273628,
    "p_profile": 56.62148908722095,
    "p_total": 232.15030594995721,
    "p_ideal": 186.12766302230102,
    "power_loading": 0.25844711065228076,
    "figure_of_merit": 0.8017549762024568,
    "STALL_HIGH": 0.0,
    "STALL_LOW": 0.0,
    "main_RPM": 505.46875,
    "disk_loading": 23.577950416308607
}