{
    "thrust_main": 65.40335478829861,
    "torque_main": 5.913088924551072,
    "thrust_small": 2.6625284747141067,
    "torque_small": 0.16148911376755676,
    "moment_created": 2.6625284747141067,
    "power_required": 186.02210493059508,
    "p_induced": 198.4725120574035,
    "p_profile": 38.956548816084144,
    "p_total": 237.42906087348763,
    "p_ideal": 190.6523047628036,
    "power_loading": 0.35158915556138143,
    "figure_of_merit": 1.0248905893949327,
    "STALL_MAIN_HIGH": 0.0,
    "STALL_MAIN_LOW": 0.0,
    "STALL_SMALL_HIGH": 0.0,
    "STALL_SMALL_LOW": 0.0,
    "disk_loading": 20.818534418701415,
    "efficiency_small": 0.5845517052415546,
    "RPM_main": null,
    "RPM_small": null
}