{
    "thrust": 3.1886438166187485,
    "torque": 0.14991456133754033,
    "p_induced": -64.03972765067066,
    "p_profile": 69.88477507215859,
    "p_total": 5.8450474214879335,
    "p_ideal": 4.24847588468132,
    "power_loading": 0.5455291611316024,
    "figure_of_merit": 0.7268505417189267,
    "STALL_HIGH": 0.10204081632653061,
    "STALL_LOW": 0.14285714285714285,
    "main_RPM": 4000,
    "disk_loading": 4.349310165867973
}