{
    "thrust": 59.8420818071581,
    "torque": 1.3941890720011125,
    "p_induced": 336.51696598439185,
    "p_profile": 267.27812445768467,
    "p_total": 603.7950904420766,
    "p_ideal": 741.5996968724393,
    "power_loading": 0.0991099178420678,
    "figure_of_merit": 1.2282307501531144,
    "STALL_HIGH": 0.0,
    "STALL_LOW": 0.0,
    "main_RPM": 5075.1953125,
    "disk_loading": 94.06580863722264
}