{
    "thrust": 60.00020667994791,
    "torque": 1.5602542500816101,
    "p_induced": 300.39783208239743,
    "p_profile": 201.71191844139264,
    "p_total": 502.10975052379007,
    "p_ideal": 609.1699156533653,
    "power_loading": 0.11949619902293669,
    "figure_of_merit": 1.2132206455220045,
    "STALL_HIGH": 0.0,
    "STALL_LOW": 0.0,
    "main_RPM": 3390.625,
    "disk_loading": 63.13606267536573
}