{
    "thrust": 59.99169126846218,
    "torque": 5.7749100607099315,
    "p_induced": 143.82960368564125,
    "p_profile": 66.33282306758954,
    "p_total": 210.1624267532308,
    "p_ideal": 152.26005934725546,
    "power_loading": 0.28545393291876775,
    "figure_of_merit": 0.7244875389930507,
    "STALL_HIGH": 0.0,
    "STALL_LOW": 0.0,
    "main_RPM": 396.240234375,
    "disk_loading": 15.781775553419259
}