{
    "thrust_main": 59.784500967200884,
    "torque_main": 5.668536472704036,
    "thrust_small": 5.704741222374319,
    "torque_small": 0.25597291375150477,
    "moment_created": 5.704741222374319,
    "power_required": 338.4184381723375,
    "p_induced": 169.80032533034333,
    "p_profile": 29.996036290810736,
    "p_total": 199.79636162115406,
    "p_ideal": 166.61915749968165,
    "power_loading": 0.17665852159259712,
    "figure_of_merit": 0.4923465707114689,
    "STALL_MAIN_HIGH": 0.0,
    "STALL_MAIN_LOW": 0.0,
    "STALL_SMALL_HIGH": 0.0,
    "STALL_SMALL_LOW": 0.0,
    "disk_loading": 19.029997698424438,
    "efficiency_small": 0.5996393375538681,
    "RPM_main": 340.78125,
    "RPM_small": 12562.5
}