{
    "thrust": 59.9986998623275,
    "torque": 0.9416083707020757,
    "p_induced": 420.28452007740765,
    "p_profile": 160.06201557293465,
    "p_total": 580.3465356503423,
    "p_ideal": 849.4005297763385,
    "power_loading": 0.10338426470503928,
    "figure_of_merit": 1.4636092017409763,
    "STALL_HIGH": 0.0,
    "STALL_LOW": 0.0,
    "main_RPM": 5945.3125,
    "disk_loading": 122.75733991832207
}