{
    "thrust": 60.00446152763461,
    "torque": 1.279541386216465,
    "p_induced": 370.20368625339256,
    "p_profile": 247.3704361055818,
    "p_total": 617.5741223589744,
    "p_ideal": 744.6202068666447,
    "power_loading": 0.09716155414419406,
    "figure_of_merit": 1.205717953372766,
    "STALL_HIGH": 0.0,
    "STALL_LOW": 0.0,
    "main_RPM": 5078.125,
    "disk_loading": 94.32105342904207
}