{
    "thrust": 59.98892460784879,
    "torque": 1.1992203783388125,
    "p_induced": 350.4809340604087,
    "p_profile": 125.39493901257464,
    "p_total": 475.8758730729833,
    "p_ideal": 346.6815725916576,
    "power_loading": 0.12606002531809068,
    "figure_of_merit": 0.7285126063503714,
    "STALL_HIGH": 0.0,
    "STALL_LOW": 0.0,
    "main_RPM": 3834.9609375,
    "disk_loading": 81.82489316510575
}