{
    "thrust_main": 59.47301522043734,
    "torque_main": 5.472332801016295,
    "thrust_small": 5.084653717554623,
    "torque_small": 0.24980693358226042,
    "moment_created": 5.3596956202383605,
    "power_required": 304.1067556012731,
    "p_induced": 157.3044992020969,
    "p_profile": 32.20214363180703,
    "p_total": 189.50664283390392,
    "p_ideal": 156.83508086897572,
    "power_loading": 0.19556624154188426,
    "figure_of_merit": 0.5157237646986332,
    "STALL_MAIN_HIGH": 0.0,
    "STALL_MAIN_LOW": 0.0,
    "STALL_SMALL_HIGH": 0.0,
    "STALL_SMALL_LOW": 0.0,
    "disk_loading": 17.03776383524184,
    "efficiency_small": 0.6188600104181393,
    "RPM_main": 336.40625,
    "RPM_small": 11687.5
}