{
    "thrust_main": 68.96287160510812,
    "torque_main": 5.966208670103797,
    "thrust_small": 3.3341032463358027,
    "torque_small": 0.18535014190182164,
    "moment_created": 3.3341032463358027,
    "power_required": 223.21294692064467,
    "p_induced": 201.41660215815548,
    "p_profile": 38.74052426938788,
    "p_total": 240.15712642754337,
    "p_ideal": 206.42629947717964,
    "power_loading": 0.30895551784290265,
    "figure_of_merit": 0.9247953683912747,
    "STALL_MAIN_HIGH": 0.0,
    "STALL_MAIN_LOW": 0.0,
    "STALL_SMALL_HIGH": 0.0,
    "STALL_SMALL_LOW": 0.0,
    "disk_loading": 21.951563811529336,
    "efficiency_small": 0.6100323808432214,
    "RPM_main": null,
    "RPM_small": null
}