{
    "thrust_main": 60.54977260163206,
    "torque_main": 4.843694763944514,
    "thrust_small": 4.52814129451791,
    "torque_small": 0.20290412727853369,
    "moment_created": 4.52814129451791,
    "power_required": 215.13671402901792,
    "p_induced": 152.81440786505573,
    "p_profile": 33.600242589134105,
    "p_total": 186.41465045418983,
    "p_ideal": 169.82858697747267,
    "power_loading": 0.28144788245424734,
    "figure_of_merit": 0.7893984424925536,
    "STALL_MAIN_HIGH": 0.0,
    "STALL_MAIN_LOW": 0.0,
    "STALL_SMALL_HIGH": 0.0,
    "STALL_SMALL_LOW": 0.0,
    "disk_loading": 19.273591225279908,
    "efficiency_small": 0.8258539716967319,
    "RPM_main": 373.59375,
    "RPM_small": 10187.5
}