{
    "thrust_main": 55.5140399015963,
    "torque_main": 5.157544571559863,
    "thrust_small": 4.409572539467386,
    "torque_small": 0.3972978806544173,
    "moment_created": 4.204362450946835,
    "power_required": 291.23455740194464,
    "p_induced": 147.46708153419664,
    "p_profile": 24.54733980013254,
    "p_total": 172.01442133432917,
    "p_ideal": 156.36610343081918,
    "power_loading": 0.19061625240090968,
    "figure_of_merit": 0.536907792899769,
    "STALL_MAIN_HIGH": 0.0,
    "STALL_MAIN_LOW": 0.0,
    "STALL_SMALL_HIGH": 1.0,
    "STALL_SMALL_LOW": 0.0,
    "disk_loading": 19.437734494947488,
    "efficiency_small": 0.4882250950699386
}